bedrooms,bathrooms,sqft_living,sqft_lot,floors,waterfront,view,condition,grade,yr_built,yr_renovated,zipcode,lat,long,sqft_above,sqft_basement,state_AK,state_AL,state_AR,state_AZ,state_CA,state_CO,state_CT,state_DE,state_FL,state_GA,state_HI,state_IA,state_ID,state_IL,state_IN,state_KS,state_KY,state_LA,state_MA,state_MD,state_ME,state_MI,state_MN,state_MO,state_MS,state_MT,state_NC,state_ND,state_NE,state_NH,state_NJ,state_NM,state_NV,state_NY,state_OH,state_OK,state_OR,state_PA,state_RI,state_SC,state_SD,state_TN,state_TX,state_UT,state_VA,state_VT,state_WA,state_WI,state_WV,state_WY,price
-1.4404198619165796,1.0845289323988678,1.6122553112039342,2.7403537033919,-1.386680362342817,-0.22941573387056183,-1.3652827553585742,-0.07947919565417831,0.7773482906364846,-1.0745999422287347,1.79490133639492,0.5785846898631398,1.2179780896681138,-1.4961284802021062,1.8748326341962527,-0.524303604236727,0.0,0.0,0.0,0.0,0.0,0.0,0.0,0.0,0.0,0.0,0.0,0.0,0.0,0.0,0.0,0.0,0.0,0.0,0.0,0.0,0.0,0.0,0.0,0.0,0.0,0.0,0.0,0.0,0.0,0.0,0.0,0.0,1.0,0.0,0.0,0.0,0.0,0.0,0.0,0.0,0.0,0.0,0.0,0.0,0.0,0.0,0.0,0.0,0.0,0.0,193041
-0.735195939313603,-0.6541948069179543,1.4585825265516628,-0.703146314084172,0.035555906726738765,-0.22941573387056183,0.03680479828309378,-1.47691560276061,1.3041408637065293,1.2057182375669828,-0.5368181637610334,0.6598011856592596,-1.7101332296832152,1.2061208748813477,1.7149583088559652,-0.524303604236727,0.0,0.0,0.0,0.0,0.0,0.0,0.0,0.0,0.0,0.0,0.0,0.0,0.0,0.0,0.0,0.0,0.0,0.0,0.0,0.0,0.0,0.0,0.0,0.0,0.0,0.0,0.0,0.0,0.0,0.0,0.0,0.0,0.0,0.0,0.0,0.0,0.0,0.0,0.0,0.0,0.0,0.0,0.0,0.0,0.0,0.0,0.0,1.0,0.0,0.0,361007
0.6752519058923501,1.0845289323988678,-0.26432580906899444,0.17873054343216993,-0.6755622278080391,-0.22941573387056183,0.03680479828309378,-0.7781973992073942,1.040744577171507,-0.34264595859060315,-0.5368181637610334,0.11511169852134726,0.3333695603143392,1.6655630198702982,-0.44641958949446114,0.455817632798865,0.0,0.0,0.0,0.0,0.0,0.0,0.0,0.0,0.0,0.0,0.0,0.0,0.0,0.0,0.0,0.0,0.0,0.0,0.0,0.0,0.0,0.0,0.0,0.0,0.0,0.0,0.0,0.0,0.0,0.0,0.0,1.0,0.0,0.0,0.0,0.0,0.0,0.0,0.0,0.0,0.0,0.0,0.0,0.0,0.0,0.0,0.0,0.0,0.0,0.0,145917
0.6752519058923501,0.21516706274045677,-0.6327464594532859,0.5223972312974718,0.7466740412615166,-0.22941573387056183,0.7378485751039278,1.3179572114522533,-1.5932182881787162,0.8397412457479171,-0.5368181637610334,-0.9866448927339317,-0.23496207489868426,-0.7393725364727111,-0.46076728535833306,-0.524303604236727,0.0,0.0,0.0,0.0,0.0,0.0,0.0,0.0,0.0,0.0,0.0,0.0,0.0,0.0,0.0,0.0,0.0,0.0,0.0,0.0,0.0,0.0,0.0,0.0,0.0,0.0,0.0,0.0,0.0,0.0,0.0,0.0,0.0,0.0,0.0,0.0,0.0,1.0,0.0,0.0,0.0,0.0,0.0,0.0,0.0,0.0,0.0,0.0,0.0,0.0,149670
-0.02997201671062649,-1.0888757417471597,-1.5134097253451484,-0.582561511324417,-0.6755622278080391,-0.22941573387056183,-0.6642389785377402,1.3179572114522533,-1.0664257151086716,0.8115891694541428,-0.5368181637610334,0.8580289074353266,-1.4706747209849222,-0.7383518029701104,-1.3769701498084426,-0.524303604236727,0.0,0.0,0.0,0.0,0.0,0.0,0.0,0.0,0.0,0.0,0.0,0.0,0.0,0.0,0.0,0.0,0.0,0.0,0.0,0.0,0.0,0.0,0.0,0.0,0.0,0.0,0.0,0.0,0.0,0.0,0.0,1.0,0.0,0.0,0.0,0.0,0.0,0.0,0.0,0.0,0.0,0.0,0.0,0.0,0.0,0.0,0.0,0.0,0.0,0.0,98382
-0.735195939313603,-0.6541948069179543,0.14054287357256653,-1.213220029757936,0.035555906726738765,-0.22941573387056183,0.03680479828309378,-0.7781973992073942,-0.539633142038627,0.8678933220416915,-0.5368181637610334,-1.6802746538558493,-1.4748067471927264,-0.9811020620856028,0.3437285184373448,-0.524303604236727,0.0,0.0,0.0,0.0,0.0,0.0,0.0,0.0,0.0,0.0,0.0,0.0,0.0,0.0,0.0,0.0,0.0,0.0,0.0,0.0,0.0,0.0,0.0,0.0,0.0,0.0,0.0,0.0,0.0,0.0,0.0,0.0,0.0,0.0,0.0,0.0,0.0,0.0,0.0,0.0,0.0,0.0,0.0,0.0,0.0,0.0,1.0,0.0,0.0,0.0,174319
-0.735195939313603,0.6498479975696623,-1.055346617247032,0.7651746341871121,1.4577921757962944,-0.22941573387056183,-0.6642389785377402,0.6192390078990375,1.3041408637065293,1.31832654274208,1.8973282911821325,1.3676298947876384,0.312559660991018,-1.6984445362251321,-0.9004216800441239,-0.524303604236727,0.0,0.0,0.0,0.0,0.0,0.0,0.0,0.0,0.0,0.0,0.0,0.0,0.0,0.0,0.0,0.0,0.0,0.0,0.0,0.0,0.0,0.0,0.0,0.0,0.0,0.0,0.0,0.0,0.0,0.0,0.0,0.0,0.0,0.0,0.0,0.0,0.0,0.0,0.0,0.0,0.0,0.0,0.0,0.0,0.0,1.0,0.0,0.0,0.0,0.0,183422
-1.4404198619165796,0.21516706274045677,0.09719926764500283,1.7991893178520117,1.4577921757962944,-0.22941573387056183,0.7378485751039278,-1.47691560276061,1.040744577171507,-1.384272781460252,-0.5368181637610334,-0.8540965979929876,-0.17895308572891563,-0.8286412936182014,0.29863576000803294,-0.524303604236727,0.0,0.0,0.0,0.0,0.0,0.0,0.0,0.0,0.0,0.0,0.0,0.0,0.0,0.0,0.0,0.0,0.0,0.0,0.0,0.0,0.0,0.0,0.0,0.0,0.0,0.0,0.0,0.0,0.0,0.0,0.0,0.0,0.0,0.0,0.0,0.0,0.0,0.0,0.0,0.0,0.0,0.0,0.0,0.0,0.0,0.0,1.0,0.0,0.0,0.0,56237
-0.735195939313603,-0.21951387208874876,-0.9863908805440897,2.512850375518495,1.4577921757962944,-0.22941573387056183,-1.3652827553585742,-0.07947919565417831,0.25055571756643996,1.5435431530922745,-0.5368181637610334,1.196201758123243,0.025873971732860112,0.608096628189327,-0.8286832007247641,-0.524303604236727,0.0,0.0,1.0,0.0,0.0,0.0,0.0,0.0,0.0,0.0,0.0,0.0,0.0,0.0,0.0,0.0,0.0,0.0,0.0,0.0,0.0,0.0,0.0,0.0,0.0,0.0,0.0,0.0,0.0,0.0,0.0,0.0,0.0,0.0,0.0,0.0,0.0,0.0,0.0,0.0,0.0,0.0,0.0,0.0,0.0,0.0,0.0,0.0,0.0,0.0,110504
-1.4404198619165796,0.6498479975696623,0.3818879520328644,-0.8705582152489654,0.035555906726738765,-0.22941573387056183,1.4388923519247618,-0.7781973992073942,-1.0664257151086716,-0.8775354081723147,1.841897233297288,-1.1594111501528628,1.6682913333161091,-0.3325139706151588,-0.487413006248381,2.3479961320759104,0.0,0.0,0.0,0.0,0.0,0.0,0.0,0.0,0.0,0.0,0.0,0.0,0.0,0.0,0.0,0.0,0.0,0.0,0.0,0.0,0.0,0.0,0.0,0.0,0.0,0.0,0.0,1.0,0.0,0.0,0.0,0.0,0.0,0.0,0.0,0.0,0.0,0.0,0.0,0.0,0.0,0.0,0.0,0.0,0.0,0.0,0.0,0.0,0.0,0.0,111211
0.6752519058923501,1.0845289323988678,-0.14907122057979094,1.2529401613503213,1.4577921757962944,-0.22941573387056183,1.4388923519247618,0.6192390078990375,0.5139520041014622,0.8960453983354657,-0.5368181637610334,-1.2735974545399016,-1.447220572227542,-0.9718035794721691,0.042426905296033594,-0.524303604236727,0.0,0.0,0.0,0.0,0.0,0.0,0.0,0.0,0.0,0.0,0.0,0.0,0.0,0.0,0.0,0.0,0.0,0.0,0.0,0.0,0.0,0.0,0.0,0.0,0.0,0.0,0.0,0.0,1.0,0.0,0.0,0.0,0.0,0.0,0.0,0.0,0.0,0.0,0.0,0.0,0.0,0.0,0.0,0.0,0.0,0.0,0.0,0.0,0.0,0.0,678002
-1.4404198619165796,-1.5235566765763653,0.7069649964895922,0.7983354549460447,-0.6755622278080391,-0.22941573387056183,-0.6642389785377402,1.3179572114522533,0.7773482906364846,0.10778726210978551,-0.5368181637610334,-1.5834467492568143,0.6917816299929843,1.5442557292715817,0.9330088842749432,-0.524303604236727,0.0,0.0,0.0,0.0,0.0,0.0,0.0,0.0,0.0,0.0,0.0,0.0,0.0,0.0,0.0,0.0,0.0,0.0,0.0,0.0,0.0,0.0,0.0,1.0,0.0,0.0,0.0,0.0,0.0,0.0,0.0,0.0,0.0,0.0,0.0,0.0,0.0,0.0,0.0,0.0,0.0,0.0,0.0,0.0,0.0,0.0,0.0,0.0,0.0,0.0,358908
-0.735195939313603,1.5192098672280734,0.2479168064385766,1.7320637776490815,1.4577921757962944,-0.22941573387056183,0.7378485751039278,1.3179572114522533,-0.8030294285736492,1.036805779804337,-0.5368181637610334,-1.2276181386132197,-0.218021051254059,0.2772523327633357,0.13671176383004935,0.32241224220235387,0.0,0.0,0.0,0.0,0.0,0.0,0.0,0.0,0.0,0.0,0.0,0.0,0.0,0.0,0.0,0.0,0.0,0.0,0.0,0.0,0.0,0.0,0.0,0.0,0.0,1.0,0.0,0.0,0.0,0.0,0.0,0.0,0.0,0.0,0.0,0.0,0.0,0.0,0.0,0.0,0.0,0.0,0.0,0.0,0.0,0.0,0.0,0.0,0.0,0.0,50000
-0.02997201671062649,-1.0888757417471597,-2.0719511926389806,0.32323133207260973,-0.6755622278080391,-0.22941573387056183,0.7378485751039278,-0.07947919565417831,-1.329822001643694,1.5716952293860487,-0.5368181637610334,-0.19722798759983992,0.777450652654512,1.673622451847107,-1.9580518322952571,-0.524303604236727,0.0,0.0,0.0,0.0,0.0,0.0,0.0,0.0,0.0,0.0,0.0,0.0,0.0,0.0,0.0,1.0,0.0,0.0,0.0,0.0,0.0,0.0,0.0,0.0,0.0,0.0,0.0,0.0,0.0,0.0,0.0,0.0,0.0,0.0,0.0,0.0,0.0,0.0,0.0,0.0,0.0,0.0,0.0,0.0,0.0,0.0,0.0,0.0,0.0,0.0,50000
-0.02997201671062649,0.21516706274045677,-0.588417771572823,0.3897539482617413,-0.6755622278080391,-0.22941573387056183,0.7378485751039278,-0.7781973992073942,0.25055571756643996,-1.7220976969855435,-0.5368181637610334,-0.06672404401165855,-0.9837043678593346,0.609933315674788,-0.7180009754891804,0.2788512983341054,0.0,0.0,0.0,0.0,0.0,0.0,0.0,0.0,0.0,0.0,0.0,0.0,0.0,0.0,0.0,0.0,0.0,0.0,0.0,0.0,0.0,0.0,0.0,0.0,0.0,0.0,0.0,0.0,0.0,0.0,0.0,0.0,0.0,0.0,0.0,1.0,0.0,0.0,0.0,0.0,0.0,0.0,0.0,0.0,0.0,0.0,0.0,0.0,0.0,0.0,65377
-0.735195939313603,-1.0888757417471597,0.6291435222105574,0.017950806419163193,1.4577921757962944,-0.22941573387056183,1.4388923519247618,1.3179572114522533,-1.5932182881787162,-1.4968810866353492,-0.5368181637610334,-0.4522515014017518,-0.5319725877024496,-1.6603445531777898,0.8520468861859515,-0.524303604236727,0.0,0.0,0.0,0.0,0.0,0.0,0.0,0.0,0.0,1.0,0.0,0.0,0.0,0.0,0.0,0.0,0.0,0.0,0.0,0.0,0.0,0.0,0.0,0.0,0.0,0.0,0.0,0.0,0.0,0.0,0.0,0.0,0.0,0.0,0.0,0.0,0.0,0.0,0.0,0.0,0.0,0.0,0.0,0.0,0.0,0.0,0.0,0.0,0.0,0.0,61532
-1.4404198619165796,-0.21951387208874876,-1.5419771019792246,-1.6437077756102616,-0.6755622278080391,-0.22941573387056183,0.03680479828309378,0.6192390078990375,-1.329822001643694,0.5582204828101742,-0.5368181637610334,-0.6740450164660293,0.35119346909990834,1.1215386461111596,-1.627029992007354,0.061046578992862706,0.0,0.0,0.0,0.0,0.0,0.0,0.0,0.0,0.0,0.0,0.0,0.0,0.0,0.0,0.0,0.0,1.0,0.0,0.0,0.0,0.0,0.0,0.0,0.0,0.0,0.0,0.0,0.0,0.0,0.0,0.0,0.0,0.0,0.0,0.0,0.0,0.0,0.0,0.0,0.0,0.0,0.0,0.0,0.0,0.0,0.0,0.0,0.0,0.0,0.0,50000
-1.4404198619165796,0.6498479975696623,-1.5380367741676277,0.9593161666303177,1.4577921757962944,-0.22941573387056183,0.7378485751039278,0.6192390078990375,-0.012840568968582357,-0.34264595859060315,-0.5368181637610334,1.136283684336815,-1.4117600713482699,-0.24954891101834664,-1.4025910352796427,-0.524303604236727,0.0,1.0,0.0,0.0,0.0,0.0,0.0,0.0,0.0,0.0,0.0,0.0,0.0,0.0,0.0,0.0,0.0,0.0,0.0,0.0,0.0,0.0,0.0,0.0,0.0,0.0,0.0,0.0,0.0,0.0,0.0,0.0,0.0,0.0,0.0,0.0,0.0,0.0,0.0,0.0,0.0,0.0,0.0,0.0,0.0,0.0,0.0,0.0,0.0,0.0,50083
0.6752519058923501,-0.21951387208874876,1.0753856468738836,0.4767759809200312,0.7466740412615166,-0.22941573387056183,0.7378485751039278,-1.47691560276061,0.5139520041014622,-1.2716644762851548,1.7961063593924167,-0.18035279808430751,0.24359006490109275,1.3842198534020669,0.8489723799294074,0.7171832960083562,0.0,0.0,0.0,0.0,0.0,0.0,0.0,0.0,0.0,1.0,0.0,0.0,0.0,0.0,0.0,0.0,0.0,0.0,0.0,0.0,0.0,0.0,0.0,0.0,0.0,0.0,0.0,0.0,0.0,0.0,0.0,0.0,0.0,0.0,0.0,0.0,0.0,0.0,0.0,0.0,0.0,0.0,0.0,0.0,0.0,0.0,0.0,0.0,0.0,0.0,303687
-1.4404198619165796,0.21516706274045677,-0.15399663034428682,-1.315918086774994,0.035555906726738765,-0.22941573387056183,1.4388923519247618,-0.7781973992073942,0.7773482906364846,0.6145246353977227,1.864792670249724,-1.6550733796454287,0.23753117510015806,-1.656047405081322,0.03730272820179361,-0.524303604236727,0.0,0.0,0.0,0.0,0.0,0.0,0.0,0.0,0.0,0.0,0.0,0.0,0.0,0.0,0.0,0.0,0.0,0.0,0.0,0.0,0.0,0.0,0.0,0.0,1.0,0.0,0.0,0.0,0.0,0.0,0.0,0.0,0.0,0.0,0.0,0.0,0.0,0.0,0.0,0.0,0.0,0.0,0.0,0.0,0.0,0.0,0.0,0.0,0.0,0.0,50000
1.3804758284953267,0.6498479975696623,-0.38155056146399624,0.6096202386270281,-1.386680362342817,-0.22941573387056183,0.7378485751039278,1.3179572114522533,-1.329822001643694,0.02333103322846263,-0.5368181637610334,0.46737198715284684,-1.0204561386053683,-0.16249710709590615,-0.19943425355209377,-0.524303604236727,0.0,0.0,0.0,0.0,0.0,0.0,0.0,0.0,0.0,0.0,0.0,0.0,0.0,1.0,0.0,0.0,0.0,0.0,0.0,0.0,0.0,0.0,0.0,0.0,0.0,0.0,0.0,0.0,0.0,0.0,0.0,0.0,0.0,0.0,0.0,0.0,0.0,0.0,0.0,0.0,0.0,0.0,0.0,0.0,0.0,0.0,0.0,0.0,0.0,0.0,268734
1.3804758284953267,-1.5235566765763653,1.1965507270804823,-2.2050300324569214,-0.6755622278080391,-0.22941573387056183,0.7378485751039278,-0.07947919565417831,-0.012840568968582357,-0.03297311935908596,-0.5368181637610334,-1.121497728774354,-1.1048005700706227,-0.051346557435327324,0.08546999288764948,3.0803645008608393,0.0,0.0,0.0,0.0,0.0,0.0,0.0,0.0,0.0,0.0,0.0,0.0,0.0,0.0,0.0,0.0,0.0,0.0,0.0,0.0,0.0,0.0,0.0,0.0,1.0,0.0,0.0,0.0,0.0,0.0,0.0,0.0,0.0,0.0,0.0,0.0,0.0,0.0,0.0,0.0,0.0,0.0,0.0,0.0,0.0,0.0,0.0,0.0,0.0,0.0,363321
-0.735195939313603,-1.0888757417471597,-0.6406271150764793,0.24585608363510025,1.4577921757962944,-0.22941573387056183,-0.6642389785377402,1.3179572114522533,-0.012840568968582357,1.3464786190358544,-0.5368181637610334,1.2265324952260501,-1.7057351722292273,-1.1162500972102367,-0.46896596870911705,-0.524303604236727,0.0,0.0,0.0,0.0,1.0,0.0,0.0,0.0,0.0,0.0,0.0,0.0,0.0,0.0,0.0,0.0,0.0,0.0,0.0,0.0,0.0,0.0,0.0,0.0,0.0,0.0,0.0,0.0,0.0,0.0,0.0,0.0,0.0,0.0,0.0,0.0,0.0,0.0,0.0,0.0,0.0,0.0,0.0,0.0,0.0,0.0,0.0,0.0,0.0,0.0,50000
-0.02997201671062649,1.0845289323988678,0.43212713163072236,-1.0339506229884334,0.7466740412615166,-0.22941573387056183,0.7378485751039278,1.3179572114522533,1.5675371502415514,-0.9619916370536375,1.7864661754124438,-0.2665872467099358,1.6109851561939634,-1.2669491887270132,0.647079802416352,-0.524303604236727,0.0,0.0,0.0,0.0,0.0,0.0,0.0,0.0,0.0,0.0,0.0,0.0,0.0,0.0,0.0,0.0,0.0,0.0,0.0,0.0,0.0,0.0,0.0,0.0,0.0,0.0,0.0,0.0,0.0,0.0,0.0,0.0,0.0,0.0,0.0,0.0,0.0,0.0,0.0,0.0,0.0,0.0,0.0,0.0,0.0,0.0,0.0,0.0,1.0,0.0,50000
0.6752519058923501,-1.0888757417471597,0.6646064725149277,-1.1714172981345543,0.035555906726738765,4.358898943540674,0.7378485751039278,-0.7781973992073942,-0.27623685550360466,1.0931099323918858,-0.5368181637610334,0.3556760741700826,0.6476272631371462,0.5474086051113485,0.8889409612644794,-0.524303604236727,0.0,0.0,0.0,0.0,0.0,0.0,0.0,0.0,0.0,0.0,0.0,0.0,1.0,0.0,0.0,0.0,0.0,0.0,0.0,0.0,0.0,0.0,0.0,0.0,0.0,0.0,0.0,0.0,0.0,0.0,0.0,0.0,0.0,0.0,0.0,0.0,0.0,0.0,0.0,0.0,0.0,0.0,0.0,0.0,0.0,0.0,0.0,0.0,0.0,0.0,287958
-0.02997201671062649,-1.5235566765763653,0.7138605701598865,-0.7927810174689234,-1.386680362342817,-0.22941573387056183,-0.6642389785377402,1.3179572114522533,-0.012840568968582357,-1.1309040948162834,-0.5368181637610334,1.2745933323264542,-1.0311287060685406,0.8706725290863987,0.9401827322068792,-0.524303604236727,0.0,0.0,0.0,0.0,0.0,0.0,0.0,0.0,0.0,0.0,0.0,1.0,0.0,0.0,0.0,0.0,0.0,0.0,0.0,0.0,0.0,0.0,0.0,0.0,0.0,0.0,0.0,0.0,0.0,0.0,0.0,0.0,0.0,0.0,0.0,0.0,0.0,0.0,0.0,0.0,0.0,0.0,0.0,0.0,0.0,0.0,0.0,0.0,0.0,0.0,214807
-1.4404198619165796,1.0845289323988678,-0.14020548300369837,1.6514729344713117,0.7466740412615166,-0.22941573387056183,0.7378485751039278,0.6192390078990375,0.25055571756643996,1.2620223901545315,-0.5368181637610334,-0.20956843455833501,0.9216102196062447,0.9327951308256648,0.05165042406566557,-0.524303604236727,0.0,0.0,0.0,0.0,0.0,0.0,0.0,0.0,0.0,0.0,0.0,0.0,0.0,0.0,0.0,0.0,0.0,1.0,0.0,0.0,0.0,0.0,0.0,0.0,0.0,0.0,0.0,0.0,0.0,0.0,0.0,0.0,0.0,0.0,0.0,0.0,0.0,0.0,0.0,0.0,0.0,0.0,0.0,0.0,0.0,0.0,0.0,0.0,0.0,0.0,50000
-0.735195939313603,-1.5235566765763653,0.7207561438301806,0.3642301650109265,0.035555906726738765,-0.22941573387056183,-0.6642389785377402,0.6192390078990375,-1.0664257151086716,-1.187208247403832,1.7756209684349742,-0.6605522988577952,-1.5129405115791674,1.2263542404390941,0.9473565801388152,-0.524303604236727,0.0,0.0,0.0,0.0,0.0,0.0,0.0,1.0,0.0,0.0,0.0,0.0,0.0,0.0,0.0,0.0,0.0,0.0,0.0,0.0,0.0,0.0,0.0,0.0,0.0,0.0,0.0,0.0,0.0,0.0,0.0,0.0,0.0,0.0,0.0,0.0,0.0,0.0,0.0,0.0,0.0,0.0,0.0,0.0,0.0,0.0,0.0,0.0,0.0,0.0,134366
-0.02997201671062649,-1.0888757417471597,-0.6613138360873619,-0.8846264422376034,0.035555906726738765,-0.22941573387056183,-0.6642389785377402,-0.7781973992073942,-1.329822001643694,-0.230037653415506,-0.5368181637610334,-0.35992116933879464,-1.308539910167174,0.20063925685317704,-0.490487512504925,-0.524303604236727,0.0,0.0,0.0,0.0,0.0,0.0,0.0,0.0,0.0,0.0,0.0,0.0,0.0,0.0,0.0,0.0,0.0,0.0,0.0,0.0,0.0,0.0,0.0,0.0,0.0,0.0,0.0,0.0,0.0,0.0,0.0,0.0,0.0,0.0,0.0,0.0,0.0,0.0,0.0,1.0,0.0,0.0,0.0,0.0,0.0,0.0,0.0,0.0,0.0,0.0,117096
-0.02997201671062649,0.21516706274045677,-0.38647597122849214,-1.1862894238082573,1.4577921757962944,-0.22941573387056183,0.7378485751039278,-0.7781973992073942,-0.8030294285736492,-0.7086229504096689,1.7973113823899134,0.7415008917278505,-0.7827832152987789,-0.8489812534471436,-0.20455843064633375,-0.524303604236727,0.0,0.0,0.0,0.0,0.0,0.0,0.0,0.0,0.0,0.0,0.0,0.0,0.0,0.0,0.0,0.0,0.0,0.0,0.0,0.0,0.0,0.0,0.0,0.0,0.0,0.0,0.0,0.0,0.0,0.0,0.0,0.0,0.0,0.0,0.0,0.0,0.0,0.0,0.0,0.0,0.0,0.0,0.0,0.0,0.0,1.0,0.0,0.0,0.0,0.0,52770
0.6752519058923501,0.6498479975696623,1.6033895736278416,-1.3693773493318189,1.4577921757962944,-0.22941573387056183,-1.3652827553585742,-0.07947919565417831,-1.5932182881787162,-1.4405769340478005,1.8382821643047984,0.04560375932741413,-0.8573732363455834,-0.425366448782465,1.421855379065438,0.654564439197749,0.0,0.0,0.0,0.0,0.0,0.0,0.0,0.0,0.0,0.0,0.0,0.0,0.0,0.0,0.0,0.0,0.0,0.0,0.0,0.0,0.0,0.0,0.0,0.0,0.0,0.0,1.0,0.0,0.0,0.0,0.0,0.0,0.0,0.0,0.0,0.0,0.0,0.0,0.0,0.0,0.0,0.0,0.0,0.0,0.0,0.0,0.0,0.0,0.0,0.0,195313
0.6752519058923501,1.0845289323988678,-0.21507171142403567,1.1856136464761247,0.035555906726738765,-0.22941573387056183,0.03680479828309378,-0.7781973992073942,-1.329822001643694,-0.004821043065311664,-0.5368181637610334,1.0081586220900303,1.5970804159104164,-0.7306597076464901,-0.026237067766782224,-0.524303604236727,0.0,0.0,0.0,0.0,0.0,0.0,0.0,0.0,0.0,0.0,0.0,0.0,0.0,1.0,0.0,0.0,0.0,0.0,0.0,0.0,0.0,0.0,0.0,0.0,0.0,0.0,0.0,0.0,0.0,0.0,0.0,0.0,0.0,0.0,0.0,0.0,0.0,0.0,0.0,0.0,0.0,0.0,0.0,0.0,0.0,0.0,0.0,0.0,0.0,0.0,68610
-0.02997201671062649,-1.5235566765763653,-0.6317613775003867,1.0304612002585731,0.7466740412615166,-0.22941573387056183,-1.3652827553585742,0.6192390078990375,-0.012840568968582357,0.07963518581601121,-0.5368181637610334,-1.283075809884529,-1.2715305380476256,0.3334004450486358,-0.4597424499394851,-0.524303604236727,0.0,0.0,0.0,0.0,0.0,0.0,0.0,0.0,0.0,0.0,0.0,0.0,0.0,0.0,0.0,0.0,0.0,1.0,0.0,0.0,0.0,0.0,0.0,0.0,0.0,0.0,0.0,0.0,0.0,0.0,0.0,0.0,0.0,0.0,0.0,0.0,0.0,0.0,0.0,0.0,0.0,0.0,0.0,0.0,0.0,0.0,0.0,0.0,0.0,0.0,51856
1.3804758284953267,-0.21951387208874876,0.2646631996378626,-0.44308508946563363,1.4577921757962944,-0.22941573387056183,0.7378485751039278,-0.7781973992073942,-0.539633142038627,0.7834370931603685,1.8888931301996563,-0.9893211342430029,-1.1409227467194365,1.498875210883103,-0.2978184537615015,1.5203381985791884,0.0,0.0,0.0,0.0,0.0,0.0,0.0,0.0,0.0,0.0,1.0,0.0,0.0,0.0,0.0,0.0,0.0,0.0,0.0,0.0,0.0,0.0,0.0,0.0,0.0,0.0,0.0,0.0,0.0,0.0,0.0,0.0,0.0,0.0,0.0,0.0,0.0,0.0,0.0,0.0,0.0,0.0,0.0,0.0,0.0,0.0,0.0,0.0,0.0,0.0,50000
-0.02997201671062649,0.6498479975696623,0.8813245021527462,1.334334903213156,1.4577921757962944,-0.22941573387056183,1.4388923519247618,0.6192390078990375,-1.0664257151086716,-0.03297311935908596,-0.5368181637610334,-0.19581552680338568,-1.5406473574172823,1.610834132855997,1.1144047534110388,-0.524303604236727,0.0,0.0,0.0,0.0,0.0,0.0,0.0,0.0,0.0,0.0,0.0,0.0,0.0,0.0,0.0,0.0,0.0,0.0,0.0,0.0,0.0,0.0,0.0,0.0,0.0,0.0,0.0,0.0,1.0,0.0,0.0,0.0,0.0,0.0,0.0,0.0,0.0,0.0,0.0,0.0,0.0,0.0,0.0,0.0,0.0,0.0,0.0,0.0,0.0,0.0,145694
-0.02997201671062649,0.6498479975696623,-1.1124813705151841,-0.3476221206141609,1.4577921757962944,-0.22941573387056183,-0.6642389785377402,1.3179572114522533,1.3041408637065293,-0.7930791792909918,1.8888931301996563,0.20093727691642296,1.3342089573243436,1.066699339106863,-0.9598621343373077,-0.524303604236727,0.0,0.0,0.0,0.0,0.0,0.0,0.0,0.0,0.0,0.0,0.0,0.0,0.0,0.0,1.0,0.0,0.0,0.0,0.0,0.0,0.0,0.0,0.0,0.0,0.0,0.0,0.0,0.0,0.0,0.0,0.0,0.0,0.0,0.0,0.0,0.0,0.0,0.0,0.0,0.0,0.0,0.0,0.0,0.0,0.0,0.0,0.0,0.0,0.0,0.0,213797
1.3804758284953267,-0.21951387208874876,0.7187859799243823,-1.088816708244122,1.4577921757962944,-0.22941573387056183,1.4388923519247618,-1.47691560276061,-0.27623685550360466,0.6708287879852713,1.855152486269751,-0.9975357088750132,-0.3955168762553026,1.6439851693698864,0.9453069093011192,-0.524303604236727,0.0,0.0,0.0,0.0,0.0,0.0,0.0,0.0,0.0,0.0,0.0,0.0,0.0,0.0,0.0,0.0,0.0,0.0,0.0,0.0,0.0,0.0,1.0,0.0,0.0,0.0,0.0,0.0,0.0,0.0,0.0,0.0,0.0,0.0,0.0,0.0,0.0,0.0,0.0,0.0,0.0,0.0,0.0,0.0,0.0,0.0,0.0,0.0,0.0,0.0,290469
-0.735195939313603,0.6498479975696623,-0.28304236617407874,-0.20673887605651373,-0.6755622278080391,-0.22941573387056183,0.7378485751039278,0.6192390078990375,1.3041408637065293,-1.187208247403832,1.7900812444049337,-1.5362036526175153,0.6080415416244778,-0.06864741670228616,-0.09695071166729403,-0.524303604236727,0.0,0.0,0.0,0.0,0.0,0.0,0.0,0.0,0.0,0.0,0.0,0.0,0.0,0.0,0.0,0.0,0.0,0.0,0.0,0.0,0.0,0.0,0.0,0.0,0.0,0.0,1.0,0.0,0.0,0.0,0.0,0.0,0.0,0.0,0.0,0.0,0.0,0.0,0.0,0.0,0.0,0.0,0.0,0.0,0.0,0.0,0.0,0.0,0.0,0.0,176973
-0.735195939313603,1.0845289323988678,1.1906402353630872,0.8463684013786804,-0.6755622278080391,4.358898943540674,0.03680479828309378,-0.07947919565417831,-0.539633142038627,0.7834370931603685,-0.5368181637610334,1.169699533179246,0.6011444391778664,-0.17921040388844808,1.43620307492931,-0.524303604236727,0.0,0.0,0.0,0.0,0.0,0.0,0.0,0.0,0.0,0.0,0.0,0.0,0.0,0.0,0.0,0.0,0.0,0.0,0.0,0.0,0.0,0.0,0.0,0.0,0.0,0.0,0.0,0.0,0.0,0.0,0.0,0.0,0.0,0.0,0.0,0.0,0.0,0.0,0.0,0.0,0.0,0.0,0.0,0.0,0.0,0.0,1.0,0.0,0.0,0.0,696047
-1.4404198619165796,-1.0888757417471597,1.6211210487800267,0.9868496965937951,-0.6755622278080391,-0.22941573387056183,-0.6642389785377402,0.6192390078990375,1.040744577171507,-0.2581897297092803,-0.5368181637610334,1.2423669241547215,1.214376117328181,-0.8524454932531047,1.8840561529658848,-0.524303604236727,0.0,0.0,0.0,0.0,0.0,0.0,0.0,0.0,0.0,0.0,0.0,0.0,0.0,0.0,0.0,0.0,0.0,0.0,0.0,0.0,0.0,0.0,0.0,0.0,0.0,0.0,0.0,0.0,0.0,0.0,0.0,0.0,0.0,0.0,0.0,0.0,0.0,1.0,0.0,0.0,0.0,0.0,0.0,0.0,0.0,0.0,0.0,0.0,0.0,0.0,169288
1.3804758284953267,0.6498479975696623,-0.8790169476780797,-0.017420735723698292,0.035555906726738765,-0.22941573387056183,-0.6642389785377402,-0.07947919565417831,-0.27623685550360466,-1.0745999422287347,-0.5368181637610334,-0.4798316569535691,-0.24641768909844455,-0.6549061895464182,-0.7169761400703324,-0.524303604236727,0.0,0.0,0.0,0.0,0.0,0.0,0.0,0.0,0.0,0.0,0.0,0.0,0.0,0.0,0.0,0.0,0.0,0.0,0.0,0.0,0.0,0.0,0.0,0.0,0.0,0.0,0.0,0.0,0.0,0.0,0.0,0.0,0.0,0.0,0.0,0.0,0.0,0.0,0.0,0.0,0.0,0.0,0.0,0.0,0.0,0.0,0.0,1.0,0.0,0.0,209375
-1.4404198619165796,-0.21951387208874876,-1.2405420243920768,1.016191998598669,0.035555906726738765,-0.22941573387056183,1.4388923519247618,-0.07947919565417831,-0.27623685550360466,-1.3561207051664776,-0.5368181637610334,-1.1098635122140859,0.6931123952562447,-0.34551811745018257,-1.3667217956199627,0.1998970875729049,0.0,0.0,0.0,0.0,0.0,0.0,0.0,0.0,0.0,0.0,0.0,0.0,0.0,1.0,0.0,0.0,0.0,0.0,0.0,0.0,0.0,0.0,0.0,0.0,0.0,0.0,0.0,0.0,0.0,0.0,0.0,0.0,0.0,0.0,0.0,0.0,0.0,0.0,0.0,0.0,0.0,0.0,0.0,0.0,0.0,0.0,0.0,0.0,0.0,0.0,50000
0.6752519058923501,-0.6541948069179543,-0.6928364585801355,-1.098262517793636,1.4577921757962944,-0.22941573387056183,-0.6642389785377402,-1.47691560276061,0.5139520041014622,0.24854764357865697,1.8443072792922814,1.5647796859558851,1.1446026006837176,0.38049733701394883,-0.6882807483425885,-0.08597160656247609,0.0,0.0,0.0,0.0,0.0,0.0,0.0,0.0,0.0,0.0,0.0,0.0,0.0,0.0,0.0,0.0,0.0,0.0,0.0,0.0,0.0,0.0,0.0,0.0,0.0,0.0,0.0,0.0,0.0,0.0,0.0,0.0,0.0,0.0,0.0,0.0,0.0,0.0,0.0,0.0,0.0,0.0,0.0,0.0,0.0,0.0,0.0,1.0,0.0,0.0,83894
-0.02997201671062649,-0.21951387208874876,-0.052533189195671785,-2.1833247679601655,-1.386680362342817,-0.22941573387056183,0.03680479828309378,1.3179572114522533,-0.8030294285736492,-0.7086229504096689,1.814181704354866,0.9809501667478062,0.9787153446448551,0.5042492244139971,0.14286077634313732,-0.524303604236727,0.0,0.0,0.0,0.0,0.0,0.0,0.0,0.0,0.0,0.0,0.0,0.0,0.0,0.0,0.0,0.0,0.0,0.0,0.0,0.0,0.0,0.0,0.0,0.0,0.0,0.0,0.0,0.0,0.0,0.0,0.0,0.0,0.0,0.0,0.0,0.0,0.0,0.0,0.0,0.0,0.0,1.0,0.0,0.0,0.0,0.0,0.0,0.0,0.0,0.0,204346
0.6752519058923501,0.21516706274045677,0.09424402178630531,0.7416605976489599,-0.6755622278080391,-0.22941573387056183,-1.3652827553585742,1.3179572114522533,0.7773482906364846,-0.5678625689407976,-0.5368181637610334,-0.7707242409812272,-0.4483395252253476,0.31904354555872694,0.29556125375148895,-0.524303604236727,0.0,0.0,0.0,0.0,0.0,0.0,0.0,0.0,0.0,0.0,0.0,0.0,0.0,0.0,0.0,0.0,0.0,0.0,0.0,0.0,0.0,0.0,0.0,0.0,0.0,0.0,0.0,0.0,0.0,0.0,0.0,0.0,0.0,0.0,0.0,0.0,0.0,0.0,0.0,0.0,0.0,0.0,0.0,1.0,0.0,0.0,0.0,0.0,0.0,0.0,404060
-0.735195939313603,0.6498479975696623,-0.5697012144677387,-0.05902249267581379,-0.6755622278080391,-0.22941573387056183,-1.3652827553585742,-0.07947919565417831,0.7773482906364846,0.10778726210978551,-0.5368181637610334,-1.1017232776239942,-0.9862105280209471,1.2606036515342443,-0.39517781855206124,-0.524303604236727,0.0,0.0,0.0,0.0,0.0,0.0,0.0,0.0,0.0,1.0,0.0,0.0,0.0,0.0,0.0,0.0,0.0,0.0,0.0,0.0,0.0,0.0,0.0,0.0,0.0,0.0,0.0,0.0,0.0,0.0,0.0,0.0,0.0,0.0,0.0,0.0,0.0,0.0,0.0,0.0,0.0,0.0,0.0,0.0,0.0,0.0,0.0,0.0,0.0,0.0,141701
0.6752519058923501,-1.0888757417471597,-1.8227254585554895,-1.3452603887798678,1.4577921757962944,-0.22941573387056183,0.7378485751039278,-1.47691560276061,1.040744577171507,-0.14558142453418313,-0.5368181637610334,0.8886570047058083,-0.09285397379106752,-1.5980209099858849,-1.6987684713267137,-0.524303604236727,0.0,0.0,0.0,0.0,0.0,0.0,0.0,0.0,0.0,0.0,0.0,0.0,0.0,0.0,0.0,0.0,0.0,0.0,0.0,0.0,0.0,0.0,0.0,0.0,0.0,0.0,0.0,0.0,0.0,0.0,0.0,0.0,0.0,0.0,0.0,0.0,0.0,0.0,0.0,0.0,0.0,0.0,0.0,0.0,0.0,1.0,0.0,0.0,0.0,0.0,50000
0.6752519058923501,-0.21951387208874876,0.5631430313663126,-0.5479938678666205,-1.386680362342817,4.358898943540674,0.7378485751039278,-0.7781973992073942,-1.5932182881787162,-0.39895011117815177,-0.5368181637610334,-1.0514694092869903,-0.4837006929388447,-0.007716789357273374,0.7833829131231357,-0.524303604236727,0.0,0.0,0.0,0.0,0.0,0.0,0.0,0.0,0.0,0.0,0.0,0.0,0.0,0.0,0.0,0.0,0.0,0.0,1.0,0.0,0.0,0.0,0.0,0.0,0.0,0.0,0.0,0.0,0.0,0.0,0.0,0.0,0.0,0.0,0.0,0.0,0.0,0.0,0.0,0.0,0.0,0.0,0.0,0.0,0.0,0.0,0.0,0.0,0.0,0.0,374597
-0.02997201671062649,-1.5235566765763653,0.6301286041634565,1.0173978466262663,1.4577921757962944,-0.22941573387056183,-0.6642389785377402,-1.47691560276061,-1.5932182881787162,-1.2153603236976063,-0.5368181637610334,1.2638140262482507,0.04482370444911675,-1.489261697228677,0.8530717216047995,-0.524303604236727,0.0,0.0,0.0,0.0,0.0,0.0,0.0,0.0,0.0,0.0,0.0,0.0,0.0,0.0,0.0,0.0,0.0,0.0,0.0,0.0,0.0,0.0,0.0,0.0,0.0,0.0,1.0,0.0,0.0,0.0,0.0,0.0,0.0,0.0,0.0,0.0,0.0,0.0,0.0,0.0,0.0,0.0,0.0,0.0,0.0,0.0,0.0,0.0,0.0,0.0,58903
-0.02997201671062649,1.5192098672280734,-0.5027156416705948,1.2235978593454475,0.035555906726738765,-0.22941573387056183,-0.6642389785377402,0.6192390078990375,0.7773482906364846,1.0931099323918858,1.8997383371771257,-1.1527205463801848,0.9127869904004354,1.6310498895724441,-0.32548901007039743,-0.524303604236727,0.0,0.0,0.0,0.0,0.0,0.0,0.0,0.0,0.0,0.0,0.0,0.0,0.0,0.0,0.0,1.0,0.0,0.0,0.0,0.0,0.0,0.0,0.0,0.0,0.0,0.0,0.0,0.0,0.0,0.0,0.0,0.0,0.0,0.0,0.0,0.0,0.0,0.0,0.0,0.0,0.0,0.0,0.0,0.0,0.0,0.0,0.0,0.0,0.0,0.0,217108
1.3804758284953267,1.0845289323988678,-0.8849274393954747,-0.577135195200228,1.4577921757962944,-0.22941573387056183,0.7378485751039278,1.3179572114522533,1.040744577171507,-0.48340634005947464,-0.5368181637610334,1.5559332209675663,-1.2852354700614663,0.6495349092098467,-0.7231251525834204,-0.524303604236727,0.0,0.0,0.0,0.0,0.0,0.0,0.0,0.0,0.0,0.0,0.0,0.0,0.0,0.0,0.0,0.0,0.0,0.0,0.0,0.0,0.0,0.0,0.0,0.0,0.0,0.0,0.0,0.0,1.0,0.0,0.0,0.0,0.0,0.0,0.0,0.0,0.0,0.0,0.0,0.0,0.0,0.0,0.0,0.0,0.0,0.0,0.0,0.0,0.0,0.0,316708
0.6752519058923501,1.0845289323988678,-1.448394316453803,0.7882867213827318,1.4577921757962944,-0.22941573387056183,1.4388923519247618,-0.07947919565417831,1.040744577171507,-1.384272781460252,-0.5368181637610334,1.1212298258482893,-1.5471265087292483,-0.6067586028262321,-1.4886772104628743,-0.05057833966952416,0.0,0.0,0.0,0.0,0.0,0.0,0.0,0.0,0.0,0.0,0.0,0.0,0.0,0.0,0.0,0.0,0.0,0.0,0.0,0.0,0.0,0.0,0.0,0.0,0.0,0.0,0.0,0.0,0.0,0.0,0.0,0.0,0.0,0.0,0.0,0.0,0.0,0.0,1.0,0.0,0.0,0.0,0.0,0.0,0.0,0.0,0.0,0.0,0.0,0.0,50000
1.3804758284953267,0.21516706274045677,-3.188049045273746,0.09472313084287391,-0.6755622278080391,-0.22941573387056183,-0.6642389785377402,-1.47691560276061,0.7773482906364846,-0.34264595859060315,-0.5368181637610334,-0.27364955069220703,0.9887090538621519,-0.17167390069777666,-2.9664898844416863,-0.9272423350180258,0.0,0.0,0.0,0.0,0.0,0.0,0.0,0.0,0.0,0.0,0.0,0.0,0.0,0.0,0.0,0.0,0.0,0.0,0.0,0.0,0.0,0.0,0.0,0.0,0.0,0.0,0.0,0.0,0.0,0.0,0.0,0.0,0.0,0.0,1.0,0.0,0.0,0.0,0.0,0.0,0.0,0.0,0.0,0.0,0.0,0.0,0.0,0.0,0.0,0.0,50000
-1.4404198619165796,0.21516706274045677,-1.0395853060006452,0.8897789303721922,-0.6755622278080391,-0.22941573387056183,0.03680479828309378,1.3179572114522533,-0.012840568968582357,-1.6094893918104463,-0.5368181637610334,1.502073860597508,1.2212580417105916,-1.1712492070296934,-0.8840243133425559,-0.524303604236727,0.0,0.0,0.0,0.0,0.0,0.0,0.0,0.0,0.0,0.0,0.0,0.0,0.0,0.0,0.0,0.0,0.0,0.0,0.0,0.0,0.0,0.0,0.0,0.0,0.0,0.0,0.0,0.0,0.0,0.0,0.0,0.0,0.0,0.0,0.0,0.0,0.0,1.0,0.0,0.0,0.0,0.0,0.0,0.0,0.0,0.0,0.0,0.0,0.0,0.0,109459
-1.4404198619165796,0.6498479975696623,-0.7874043260584564,-2.368221465525123,-0.6755622278080391,-0.22941573387056183,0.7378485751039278,0.6192390078990375,-0.539633142038627,-0.48340634005947464,-0.5368181637610334,0.9779022250291417,1.1535596591336896,0.45573120479631035,-0.6216664461174687,-0.524303604236727,0.0,0.0,0.0,0.0,0.0,0.0,0.0,0.0,0.0,0.0,0.0,0.0,0.0,0.0,0.0,0.0,0.0,0.0,0.0,0.0,0.0,0.0,0.0,0.0,0.0,0.0,0.0,0.0,0.0,0.0,0.0,0.0,0.0,0.0,0.0,0.0,0.0,0.0,0.0,0.0,0.0,0.0,0.0,0.0,0.0,0.0,1.0,0.0,0.0,0.0,87087
-0.735195939313603,-1.0888757417471597,-0.2938782676559697,-0.3576708541774738,0.035555906726738765,-0.22941573387056183,-0.6642389785377402,-0.07947919565417831,-1.329822001643694,1.12126200868566,-0.5368181637610334,-1.2026770545495142,1.667582502145339,1.196944492344572,-0.9434647676357398,1.6945819740521826,0.0,0.0,0.0,0.0,0.0,0.0,0.0,0.0,0.0,0.0,0.0,0.0,0.0,0.0,0.0,0.0,0.0,1.0,0.0,0.0,0.0,0.0,0.0,0.0,0.0,0.0,0.0,0.0,0.0,0.0,0.0,0.0,0.0,0.0,0.0,0.0,0.0,0.0,0.0,0.0,0.0,0.0,0.0,0.0,0.0,0.0,0.0,0.0,0.0,0.0,431775
1.3804758284953267,-0.6541948069179543,0.029228612894959746,-0.09660475620260411,1.4577921757962944,-0.22941573387056183,0.03680479828309378,1.3179572114522533,0.25055571756643996,-1.1590561711100575,-0.5368181637610334,-0.45206565129695514,0.22181218503324945,-1.3509583513187373,0.2279221161075211,-0.524303604236727,0.0,0.0,0.0,0.0,0.0,0.0,0.0,0.0,0.0,0.0,0.0,0.0,0.0,0.0,0.0,0.0,0.0,0.0,0.0,0.0,0.0,0.0,0.0,0.0,0.0,0.0,0.0,0.0,0.0,0.0,0.0,0.0,0.0,0.0,0.0,0.0,0.0,0.0,0.0,0.0,0.0,0.0,0.0,1.0,0.0,0.0,0.0,0.0,0.0,0.0,230722
-0.735195939313603,1.0845289323988678,-0.5046858055763932,-2.3039095707199206,1.4577921757962944,4.358898943540674,0.7378485751039278,0.6192390078990375,-1.5932182881787162,0.4737642539288513,-0.5368181637610334,-1.056041321864987,-0.6695701382353156,0.4334512050010387,-0.3275386809080934,-0.524303604236727,0.0,0.0,0.0,0.0,0.0,0.0,0.0,0.0,0.0,0.0,0.0,0.0,0.0,0.0,0.0,0.0,0.0,0.0,0.0,0.0,0.0,0.0,0.0,0.0,0.0,0.0,0.0,0.0,0.0,0.0,0.0,0.0,0.0,0.0,0.0,0.0,0.0,0.0,0.0,0.0,0.0,0.0,0.0,1.0,0.0,0.0,0.0,0.0,0.0,0.0,400539
-0.735195939313603,1.5192098672280734,-0.9617638317216104,0.16124574703200545,-0.6755622278080391,-0.22941573387056183,0.7378485751039278,0.6192390078990375,-1.0664257151086716,-1.384272781460252,-0.5368181637610334,0.5587358986708616,0.7318977994568111,1.4390181924941756,-0.8030623152535642,-0.524303604236727,0.0,0.0,0.0,0.0,0.0,0.0,0.0,0.0,0.0,0.0,0.0,0.0,0.0,0.0,0.0,0.0,0.0,0.0,0.0,0.0,0.0,0.0,0.0,0.0,0.0,0.0,0.0,0.0,0.0,0.0,0.0,0.0,0.0,0.0,0.0,0.0,0.0,0.0,0.0,0.0,0.0,0.0,0.0,1.0,0.0,0.0,0.0,0.0,0.0,0.0,78648
-0.02997201671062649,1.5192098672280734,0.689233521337407,-1.541411667935736,1.4577921757962944,-0.22941573387056183,-1.3652827553585742,-1.47691560276061,1.040744577171507,1.31832654274208,1.8973282911821325,1.3554009578920212,-1.5351787481216321,0.5297738588148355,0.9145618467356793,-0.524303604236727,0.0,0.0,0.0,0.0,0.0,0.0,0.0,0.0,0.0,1.0,0.0,0.0,0.0,0.0,0.0,0.0,0.0,0.0,0.0,0.0,0.0,0.0,0.0,0.0,0.0,0.0,0.0,0.0,0.0,0.0,0.0,0.0,0.0,0.0,0.0,0.0,0.0,0.0,0.0,0.0,0.0,0.0,0.0,0.0,0.0,0.0,0.0,0.0,0.0,0.0,293173
1.3804758284953267,1.0845289323988678,-0.49384990409450225,1.0702541851692924,0.7466740412615166,-0.22941573387056183,-0.6642389785377402,0.6192390078990375,-0.27623685550360466,1.4590869242109514,-0.5368181637610334,-1.218325633373389,1.5267626211146448,0.6087714050133624,-0.5816978647823967,0.17811661563878062,0.0,0.0,0.0,0.0,0.0,0.0,0.0,1.0,0.0,0.0,0.0,0.0,0.0,0.0,0.0,0.0,0.0,0.0,0.0,0.0,0.0,0.0,0.0,0.0,0.0,0.0,0.0,0.0,0.0,0.0,0.0,0.0,0.0,0.0,0.0,0.0,0.0,0.0,0.0,0.0,0.0,0.0,0.0,0.0,0.0,0.0,0.0,0.0,0.0,0.0,132671
-0.735195939313603,1.0845289323988678,-0.17271318744937114,-0.02807239330080999,0.035555906726738765,-0.22941573387056183,0.03680479828309378,-0.07947919565417831,0.25055571756643996,-1.2998165525789291,-0.5368181637610334,-1.553116012154007,-0.8810635664906361,1.6665958696546626,0.017830855243681658,-0.524303604236727,0.0,0.0,0.0,0.0,0.0,0.0,0.0,0.0,0.0,0.0,0.0,0.0,0.0,0.0,0.0,0.0,0.0,0.0,0.0,0.0,0.0,0.0,0.0,0.0,0.0,0.0,0.0,0.0,0.0,0.0,0.0,0.0,0.0,0.0,0.0,1.0,0.0,0.0,0.0,0.0,0.0,0.0,0.0,0.0,0.0,0.0,0.0,0.0,0.0,0.0,101904
1.3804758284953267,-1.5235566765763653,-0.6268359677358909,-0.9455217676312797,-1.386680362342817,-0.22941573387056183,-0.6642389785377402,1.3179572114522533,1.040744577171507,-0.6804708741158947,-0.5368181637610334,1.2847035780273899,1.3377282291838577,1.4268270345943572,-0.4546182728452451,-0.524303604236727,0.0,0.0,0.0,0.0,0.0,0.0,0.0,0.0,0.0,0.0,0.0,0.0,0.0,0.0,0.0,0.0,0.0,0.0,0.0,0.0,0.0,0.0,0.0,0.0,0.0,0.0,0.0,0.0,0.0,0.0,0.0,0.0,0.0,0.0,0.0,0.0,0.0,0.0,0.0,0.0,0.0,0.0,0.0,0.0,0.0,0.0,0.0,0.0,0.0,1.0,130810
-1.4404198619165796,-1.0888757417471597,-0.2889528578914738,0.890381854385991,1.4577921757962944,-0.22941573387056183,-1.3652827553585742,0.6192390078990375,-1.5932182881787162,-1.6094893918104463,-0.5368181637610334,1.0801941227091973,-0.4120149530410324,-1.534732134656911,-0.9619118051750037,1.7544782718710243,0.0,0.0,0.0,0.0,0.0,0.0,0.0,0.0,0.0,0.0,0.0,1.0,0.0,0.0,0.0,0.0,0.0,0.0,0.0,0.0,0.0,0.0,0.0,0.0,0.0,0.0,0.0,0.0,0.0,0.0,0.0,0.0,0.0,0.0,0.0,0.0,0.0,0.0,0.0,0.0,0.0,0.0,0.0,0.0,0.0,0.0,0.0,0.0,0.0,0.0,117503
-0.735195939313603,1.0845289323988678,-1.251377925873968,-1.0042063716410272,0.035555906726738765,-0.22941573387056183,-1.3652827553585742,0.6192390078990375,-0.27623685550360466,-0.7930791792909918,-0.5368181637610334,-0.9783931480809621,0.6610558633346465,1.6601640498921413,-1.1043639283948754,-0.524303604236727,0.0,0.0,0.0,0.0,0.0,0.0,0.0,0.0,0.0,0.0,0.0,0.0,0.0,0.0,0.0,0.0,0.0,1.0,0.0,0.0,0.0,0.0,0.0,0.0,0.0,0.0,0.0,0.0,0.0,0.0,0.0,0.0,0.0,0.0,0.0,0.0,0.0,0.0,0.0,0.0,0.0,0.0,0.0,0.0,0.0,0.0,0.0,0.0,0.0,0.0,50000
-0.735195939313603,1.0845289323988678,-0.25546007149290184,0.06176328475520753,1.4577921757962944,-0.22941573387056183,0.7378485751039278,-0.7781973992073942,-0.539633142038627,1.31832654274208,-0.5368181637610334,1.0622410025858446,1.5355439502517518,0.06755829609935554,-0.06825531993955011,-0.524303604236727,0.0,0.0,0.0,0.0,0.0,0.0,0.0,0.0,0.0,0.0,0.0,1.0,0.0,0.0,0.0,0.0,0.0,0.0,0.0,0.0,0.0,0.0,0.0,0.0,0.0,0.0,0.0,0.0,0.0,0.0,0.0,0.0,0.0,0.0,0.0,0.0,0.0,0.0,0.0,0.0,0.0,0.0,0.0,0.0,0.0,0.0,0.0,0.0,0.0,0.0,371817
1.3804758284953267,0.6498479975696623,0.6754423739968186,-1.0751504305980164,1.4577921757962944,4.358898943540674,-0.6642389785377402,-0.07947919565417831,-0.539633142038627,1.4590869242109514,-0.5368181637610334,0.2988059421023192,-1.639144341380495,1.3918735428393163,0.9002141508718073,-0.524303604236727,0.0,0.0,0.0,0.0,0.0,0.0,0.0,0.0,0.0,0.0,0.0,0.0,0.0,0.0,0.0,0.0,0.0,0.0,0.0,0.0,0.0,0.0,0.0,0.0,0.0,0.0,0.0,0.0,0.0,0.0,0.0,0.0,0.0,0.0,0.0,0.0,0.0,0.0,0.0,1.0,0.0,0.0,0.0,0.0,0.0,0.0,0.0,0.0,0.0,0.0,655847
-0.02997201671062649,-0.6541948069179543,-0.15596679425008517,0.4564775391221391,-0.6755622278080391,-0.22941573387056183,0.7378485751039278,-0.07947919565417831,1.3041408637065293,0.8397412457479171,-0.5368181637610334,1.6635776016657644,1.1489203551095717,1.038091519698833,-0.1840617222693738,0.05560146100933164,0.0,0.0,0.0,0.0,0.0,0.0,0.0,0.0,0.0,0.0,0.0,0.0,0.0,0.0,0.0,0.0,0.0,0.0,0.0,0.0,0.0,0.0,0.0,0.0,0.0,1.0,0.0,0.0,0.0,0.0,0.0,0.0,0.0,0.0,0.0,0.0,0.0,0.0,0.0,0.0,0.0,0.0,0.0,0.0,0.0,0.0,0.0,0.0,0.0,0.0,103420
-1.4404198619165796,-1.5235566765763653,-0.2859976120327763,0.11803619270975989,0.035555906726738765,-0.22941573387056183,0.03680479828309378,-1.47691560276061,-0.27623685550360466,-0.11742934824040883,-0.5368181637610334,0.22268173917762665,-0.2984643571862952,1.695394605246222,-0.2978184537615015,-0.0015722778177445582,0.0,0.0,0.0,0.0,0.0,0.0,0.0,0.0,0.0,0.0,0.0,0.0,0.0,0.0,0.0,0.0,0.0,0.0,0.0,0.0,0.0,0.0,0.0,0.0,1.0,0.0,0.0,0.0,0.0,0.0,0.0,0.0,0.0,0.0,0.0,0.0,0.0,0.0,0.0,0.0,0.0,0.0,0.0,0.0,0.0,0.0,0.0,0.0,0.0,0.0,106826
0.6752519058923501,-1.5235566765763653,1.0221912214173283,1.0001140248973681,1.4577921757962944,4.358898943540674,-0.6642389785377402,-1.47691560276061,-0.8030294285736492,-0.34264595859060315,-0.5368181637610334,-0.9053168868749341,-0.5996527036611967,-1.159726233792082,1.2609562183063023,-0.524303604236727,0.0,0.0,0.0,0.0,0.0,0.0,0.0,0.0,0.0,0.0,0.0,0.0,0.0,0.0,0.0,0.0,0.0,0.0,1.0,0.0,0.0,0.0,0.0,0.0,0.0,0.0,0.0,0.0,0.0,0.0,0.0,0.0,0.0,0.0,0.0,0.0,0.0,0.0,0.0,0.0,0.0,0.0,0.0,0.0,0.0,0.0,0.0,0.0,0.0,0.0,245568
-0.735195939313603,1.0845289323988678,-0.24068384219941422,2.0889947938179563,0.7466740412615166,-0.22941573387056183,0.7378485751039278,1.3179572114522533,-0.539633142038627,0.4737642539288513,1.864792670249724,-1.0885650902043942,1.558447235962983,0.012434144324854303,-0.6319148003059486,1.0112196671190337,0.0,0.0,0.0,0.0,0.0,0.0,0.0,0.0,0.0,0.0,0.0,0.0,0.0,0.0,0.0,0.0,0.0,0.0,0.0,0.0,0.0,0.0,0.0,0.0,0.0,0.0,0.0,1.0,0.0,0.0,0.0,0.0,0.0,0.0,0.0,0.0,0.0,0.0,0.0,0.0,0.0,0.0,0.0,0.0,0.0,0.0,0.0,0.0,0.0,0.0,246527
-0.735195939313603,-0.6541948069179543,1.1827595797398938,0.568420431017445,0.035555906726738765,-0.22941573387056183,-1.3652827553585742,0.6192390078990375,-0.27623685550360466,1.4309348479171773,-0.5368181637610334,0.06560123060352965,-0.23494246633797627,-0.3870463850539691,0.7926064318927676,1.160960411666138,0.0,0.0,0.0,0.0,0.0,0.0,0.0,0.0,0.0,1.0,0.0,0.0,0.0,0.0,0.0,0.0,0.0,0.0,0.0,0.0,0.0,0.0,0.0,0.0,0.0,0.0,0.0,0.0,0.0,0.0,0.0,0.0,0.0,0.0,0.0,0.0,0.0,0.0,0.0,0.0,0.0,0.0,0.0,0.0,0.0,0.0,0.0,0.0,0.0,0.0,769626
-0.02997201671062649,1.5192098672280734,-0.07124974630075612,1.0652298183876359,0.035555906726738765,-0.22941573387056183,-1.3652827553585742,-0.7781973992073942,1.5675371502415514,-0.7930791792909918,-0.5368181637610334,0.40622730267476126,-1.4638026419818568,-1.4644719448381027,0.12338890338502538,-0.524303604236727,0.0,0.0,0.0,0.0,0.0,0.0,0.0,0.0,1.0,0.0,0.0,0.0,0.0,0.0,0.0,0.0,0.0,0.0,0.0,0.0,0.0,0.0,0.0,0.0,0.0,0.0,0.0,0.0,0.0,0.0,0.0,0.0,0.0,0.0,0.0,0.0,0.0,0.0,0.0,0.0,0.0,0.0,0.0,0.0,0.0,0.0,0.0,0.0,0.0,0.0,243755
-0.02997201671062649,-1.0888757417471597,0.9680117140078736,-1.252812039997389,-0.6755622278080391,-0.22941573387056183,-1.3652827553585742,-0.07947919565417831,1.3041408637065293,1.0931099323918858,1.8949182451871394,0.1440671448486595,-1.5561371396917254,-0.5803761456075185,0.670651017049856,0.8914270714813504,0.0,0.0,0.0,0.0,0.0,0.0,0.0,0.0,0.0,0.0,0.0,0.0,0.0,0.0,0.0,0.0,0.0,0.0,1.0,0.0,0.0,0.0,0.0,0.0,0.0,0.0,0.0,0.0,0.0,0.0,0.0,0.0,0.0,0.0,0.0,0.0,0.0,0.0,0.0,0.0,0.0,0.0,0.0,0.0,0.0,0.0,0.0,0.0,0.0,0.0,106229
0.6752519058923501,-0.21951387208874876,-0.42193892153286244,-0.2001067119047272,1.4577921757962944,-0.22941573387056183,-1.3652827553585742,0.6192390078990375,1.5675371502415514,1.31832654274208,1.8985333141796292,1.0135111051081727,-0.33665047994317154,-1.1988405417575225,-0.24145250572486165,-0.524303604236727,0.0,0.0,0.0,0.0,0.0,0.0,0.0,0.0,0.0,0.0,0.0,0.0,0.0,0.0,0.0,0.0,0.0,0.0,0.0,0.0,0.0,0.0,0.0,0.0,0.0,0.0,0.0,0.0,0.0,0.0,0.0,0.0,0.0,0.0,0.0,0.0,0.0,1.0,0.0,0.0,0.0,0.0,0.0,0.0,0.0,0.0,0.0,0.0,0.0,0.0,279976
-0.735195939313603,1.0845289323988678,-0.011159747173906432,-0.06464978347126903,1.4577921757962944,-0.22941573387056183,0.7378485751039278,-0.07947919565417831,1.5675371502415514,-1.5813373155166721,1.8575625322647442,1.0148492258627084,0.01677170773296541,-0.7199859235264585,0.18590386393475322,-0.524303604236727,0.0,0.0,0.0,0.0,0.0,0.0,0.0,0.0,0.0,0.0,0.0,0.0,0.0,0.0,0.0,0.0,1.0,0.0,0.0,0.0,0.0,0.0,0.0,0.0,0.0,0.0,0.0,0.0,0.0,0.0,0.0,0.0,0.0,0.0,0.0,0.0,0.0,0.0,0.0,0.0,0.0,0.0,0.0,0.0,0.0,0.0,0.0,0.0,0.0,0.0,163630
-0.735195939313603,-1.5235566765763653,0.660666144703331,-0.4274090651068655,0.035555906726738765,-0.22941573387056183,-1.3652827553585742,-0.7781973992073942,-0.539633142038627,0.445612177635077,-0.5368181637610334,-0.03486933604951913,1.5790723666716866,1.3118983832553757,-0.43719607072482913,2.987797495140811,0.0,0.0,0.0,0.0,0.0,0.0,0.0,0.0,0.0,0.0,0.0,0.0,0.0,0.0,0.0,0.0,0.0,0.0,0.0,0.0,0.0,0.0,0.0,0.0,0.0,0.0,0.0,0.0,0.0,0.0,0.0,0.0,0.0,0.0,0.0,0.0,0.0,0.0,0.0,0.0,0.0,0.0,0.0,1.0,0.0,0.0,0.0,0.0,0.0,0.0,87781
-1.4404198619165796,1.5192098672280734,0.8251748308374932,0.7738165450515612,1.4577921757962944,-0.22941573387056183,-1.3652827553585742,-0.07947919565417831,1.5675371502415514,-1.4968810866353492,-0.5368181637610334,-1.076930873644126,0.09941315975848568,-0.46001055759426007,1.055989134536703,-0.524303604236727,0.0,0.0,0.0,0.0,0.0,0.0,0.0,0.0,0.0,0.0,0.0,0.0,0.0,0.0,0.0,0.0,0.0,0.0,0.0,1.0,0.0,0.0,0.0,0.0,0.0,0.0,0.0,0.0,0.0,0.0,0.0,0.0,0.0,0.0,0.0,0.0,0.0,0.0,0.0,0.0,0.0,0.0,0.0,0.0,0.0,0.0,0.0,0.0,0.0,0.0,344812
-0.735195939313603,0.21516706274045677,1.4300151499175868,-2.324408987189079,-1.386680362342817,-0.22941573387056183,-0.6642389785377402,-0.7781973992073942,-0.27623685550360466,0.1640914146973341,-0.5368181637610334,-1.305452162502041,-0.9821344971231581,1.345324526122856,0.23817047029600108,3.3172271331444407,0.0,0.0,0.0,0.0,0.0,0.0,0.0,0.0,0.0,0.0,0.0,0.0,0.0,0.0,0.0,0.0,0.0,0.0,0.0,0.0,0.0,0.0,0.0,0.0,0.0,0.0,0.0,0.0,0.0,0.0,0.0,0.0,0.0,0.0,0.0,0.0,0.0,0.0,0.0,0.0,0.0,0.0,0.0,0.0,1.0,0.0,0.0,0.0,0.0,0.0,372944
0.6752519058923501,-0.21951387208874876,-0.3845058073226938,0.3041387383023152,0.035555906726738765,-0.22941573387056183,0.7378485751039278,1.3179572114522533,-0.27623685550360466,0.2203955672848827,-0.5368181637610334,1.3180450868279021,0.5329156555834691,0.19173690189055617,-0.20250875980863775,-0.524303604236727,0.0,0.0,0.0,0.0,0.0,0.0,0.0,0.0,0.0,0.0,0.0,0.0,0.0,0.0,0.0,0.0,0.0,0.0,0.0,0.0,0.0,0.0,0.0,0.0,0.0,0.0,0.0,0.0,0.0,0.0,0.0,0.0,0.0,0.0,0.0,1.0,0.0,0.0,0.0,0.0,0.0,0.0,0.0,0.0,0.0,0.0,0.0,0.0,0.0,0.0,238508
0.6752519058923501,0.21516706274045677,0.7483384385113575,-0.8287554836255836,-0.6755622278080391,-0.22941573387056183,-1.3652827553585742,-0.7781973992073942,-1.5932182881787162,-1.2435123999913806,-0.5368181637610334,-0.2375946303616642,-0.2758522599223139,-0.7939820636036822,0.9760519718665591,-0.524303604236727,0.0,0.0,0.0,1.0,0.0,0.0,0.0,0.0,0.0,0.0,0.0,0.0,0.0,0.0,0.0,0.0,0.0,0.0,0.0,0.0,0.0,0.0,0.0,0.0,0.0,0.0,0.0,0.0,0.0,0.0,0.0,0.0,0.0,0.0,0.0,0.0,0.0,0.0,0.0,0.0,0.0,0.0,0.0,0.0,0.0,0.0,0.0,0.0,0.0,0.0,94063
0.6752519058923501,0.21516706274045677,-0.27910203836248204,0.3147903958794269,0.7466740412615166,-0.22941573387056183,1.4388923519247618,1.3179572114522533,0.7773482906364846,-0.7367750267034433,-0.5368181637610334,1.5632185450755935,1.6119977201373474,-0.760164364903092,-0.09285136999190205,-0.524303604236727,0.0,0.0,0.0,0.0,0.0,0.0,0.0,0.0,0.0,0.0,0.0,0.0,0.0,0.0,0.0,0.0,0.0,0.0,0.0,0.0,1.0,0.0,0.0,0.0,0.0,0.0,0.0,0.0,0.0,0.0,0.0,0.0,0.0,0.0,0.0,0.0,0.0,0.0,0.0,0.0,0.0,0.0,0.0,0.0,0.0,0.0,0.0,0.0,0.0,0.0,256699
-1.4404198619165796,0.21516706274045677,0.5227546712974465,0.5686214056887113,-0.6755622278080391,-0.22941573387056183,1.4388923519247618,-1.47691560276061,1.3041408637065293,-0.03297311935908596,-0.5368181637610334,0.2513398253372643,-0.5333371926901376,0.02866806641699776,0.7413646609503678,-0.524303604236727,0.0,0.0,0.0,0.0,0.0,0.0,0.0,0.0,0.0,0.0,0.0,0.0,0.0,0.0,0.0,0.0,0.0,0.0,0.0,0.0,0.0,0.0,0.0,0.0,0.0,0.0,0.0,0.0,0.0,0.0,0.0,0.0,0.0,0.0,0.0,0.0,0.0,0.0,0.0,0.0,1.0,0.0,0.0,0.0,0.0,0.0,0.0,0.0,0.0,0.0,271681
-0.02997201671062649,-1.5235566765763653,-0.11656351613411817,0.179534442117235,-1.386680362342817,-0.22941573387056183,0.03680479828309378,0.6192390078990375,-1.329822001643694,0.5019163302226256,-0.5368181637610334,-0.7789016455922781,0.990935582712242,0.8785522999480113,0.07624647411801751,-0.524303604236727,0.0,0.0,0.0,0.0,0.0,0.0,0.0,0.0,0.0,1.0,0.0,0.0,0.0,0.0,0.0,0.0,0.0,0.0,0.0,0.0,0.0,0.0,0.0,0.0,0.0,0.0,0.0,0.0,0.0,0.0,0.0,0.0,0.0,0.0,0.0,0.0,0.0,0.0,0.0,0.0,0.0,0.0,0.0,0.0,0.0,0.0,0.0,0.0,0.0,0.0,172330
0.6752519058923501,1.5192098672280734,-1.672993001714815,1.0324709469712359,0.7466740412615166,-0.22941573387056183,-1.3652827553585742,-1.47691560276061,1.3041408637065293,-1.0182957896411862,-0.5368181637610334,0.845168080183401,-0.11077000852648881,0.21737085234846848,-1.5429934876618183,-0.524303604236727,0.0,0.0,0.0,0.0,0.0,0.0,0.0,0.0,0.0,0.0,0.0,0.0,0.0,0.0,0.0,0.0,0.0,0.0,0.0,0.0,0.0,0.0,0.0,0.0,0.0,0.0,0.0,0.0,0.0,0.0,0.0,0.0,0.0,0.0,0.0,0.0,0.0,0.0,0.0,0.0,0.0,0.0,0.0,1.0,0.0,0.0,0.0,0.0,0.0,0.0,50909
-0.02997201671062649,-1.0888757417471597,0.01839271141306882,-0.9987800555168382,0.035555906726738765,4.358898943540674,0.7378485751039278,1.3179572114522533,1.3041408637065293,0.5863725591039485,-0.5368181637610334,-1.6126623857308418,-1.2912611322872771,-0.6417603010425518,0.21664892650019313,-0.524303604236727,0.0,0.0,0.0,0.0,0.0,0.0,0.0,0.0,0.0,1.0,0.0,0.0,0.0,0.0,0.0,0.0,0.0,0.0,0.0,0.0,0.0,0.0,0.0,0.0,0.0,0.0,0.0,0.0,0.0,0.0,0.0,0.0,0.0,0.0,0.0,0.0,0.0,0.0,0.0,0.0,0.0,0.0,0.0,0.0,0.0,0.0,0.0,0.0,0.0,0.0,323404
1.3804758284953267,0.21516706274045677,-0.7578518674714811,0.43778689469437704,0.035555906726738765,-0.22941573387056183,0.7378485751039278,-0.7781973992073942,-1.5932182881787162,1.5435431530922745,1.8949182451871394,0.8267689198085364,0.18290984198994328,0.6130874896077184,-0.9321915780284118,0.38230854002119563,0.0,0.0,0.0,0.0,0.0,0.0,0.0,0.0,0.0,0.0,0.0,0.0,0.0,0.0,0.0,0.0,0.0,0.0,0.0,0.0,0.0,0.0,0.0,0.0,0.0,0.0,0.0,0.0,0.0,0.0,0.0,0.0,0.0,0.0,0.0,0.0,0.0,0.0,0.0,0.0,0.0,1.0,0.0,0.0,0.0,0.0,0.0,0.0,0.0,0.0,99022
1.3804758284953267,0.6498479975696623,0.9857431891600588,1.6032390133674097,0.035555906726738765,-0.22941573387056183,0.03680479828309378,1.3179572114522533,-0.539633142038627,0.4737642539288513,-0.5368181637610334,0.34448789786132655,1.3542297077743959,-0.4438025823984159,1.2230373078089265,-0.524303604236727,0.0,0.0,0.0,0.0,0.0,0.0,0.0,0.0,0.0,0.0,0.0,0.0,0.0,0.0,0.0,0.0,0.0,0.0,0.0,0.0,0.0,0.0,0.0,0.0,0.0,0.0,0.0,0.0,0.0,0.0,0.0,0.0,0.0,0.0,0.0,0.0,0.0,0.0,0.0,0.0,0.0,0.0,0.0,0.0,0.0,1.0,0.0,0.0,0.0,0.0,175208
0.6752519058923501,-1.5235566765763653,0.5375309005909341,-0.1763917006953087,0.7466740412615166,-0.22941573387056183,-0.6642389785377402,-0.07947919565417831,0.25055571756643996,1.6279993819735974,1.8985333141796292,-1.6665589161218595,0.7261846506331191,-0.16438592659750856,-0.11437291378770999,1.7898715387639763,0.0,0.0,0.0,0.0,0.0,0.0,0.0,0.0,0.0,0.0,0.0,0.0,0.0,0.0,0.0,0.0,0.0,1.0,0.0,0.0,0.0,0.0,0.0,0.0,0.0,0.0,0.0,0.0,0.0,0.0,0.0,0.0,0.0,0.0,0.0,0.0,0.0,0.0,0.0,0.0,0.0,0.0,0.0,0.0,0.0,0.0,0.0,0.0,0.0,0.0,106035
-1.4404198619165796,1.5192098672280734,-0.19734023627185052,-0.02626362125941366,1.4577921757962944,-0.22941573387056183,0.03680479828309378,-1.47691560276061,0.7773482906364846,-1.0464478659349605,1.79490133639492,-0.9469473103493753,-0.8408880332362406,0.43049922562118864,-0.007790030227518274,-0.524303604236727,0.0,0.0,0.0,0.0,0.0,0.0,0.0,0.0,0.0,0.0,0.0,1.0,0.0,0.0,0.0,0.0,0.0,0.0,0.0,0.0,0.0,0.0,0.0,0.0,0.0,0.0,0.0,0.0,0.0,0.0,0.0,0.0,0.0,0.0,0.0,0.0,0.0,0.0,0.0,0.0,0.0,0.0,0.0,0.0,0.0,0.0,0.0,0.0,0.0,0.0,83800
-0.735195939313603,-0.6541948069179543,0.1809312336414327,-0.8078541178138927,0.7466740412615166,-0.22941573387056183,-1.3652827553585742,0.6192390078990375,-1.329822001643694,0.9805016272167886,-0.5368181637610334,-0.8151424160276176,0.2199917671879528,-0.27846283962489254,0.3857467706101127,-0.524303604236727,0.0,0.0,0.0,0.0,0.0,0.0,0.0,0.0,0.0,0.0,0.0,0.0,0.0,1.0,0.0,0.0,0.0,0.0,0.0,0.0,0.0,0.0,0.0,0.0,0.0,0.0,0.0,0.0,0.0,0.0,0.0,0.0,0.0,0.0,0.0,0.0,0.0,0.0,0.0,0.0,0.0,0.0,0.0,0.0,0.0,0.0,0.0,0.0,0.0,0.0,50000
-1.4404198619165796,-0.6541948069179543,-0.13429499128630332,1.2151569231522648,0.035555906726738765,-0.22941573387056183,0.7378485751039278,1.3179572114522533,0.7773482906364846,0.9523495509230143,-0.5368181637610334,-0.7222173636293113,-1.014566334868531,-0.8203608981023928,0.057799436578753555,-0.524303604236727,0.0,0.0,0.0,0.0,0.0,0.0,1.0,0.0,0.0,0.0,0.0,0.0,0.0,0.0,0.0,0.0,0.0,0.0,0.0,0.0,0.0,0.0,0.0,0.0,0.0,0.0,0.0,0.0,0.0,0.0,0.0,0.0,0.0,0.0,0.0,0.0,0.0,0.0,0.0,0.0,0.0,0.0,0.0,0.0,0.0,0.0,0.0,0.0,0.0,0.0,218881
1.3804758284953267,1.5192098672280734,-0.9006887506418615,-1.5020206323675493,-0.6755622278080391,-0.22941573387056183,1.4388923519247618,1.3179572114522533,0.5139520041014622,0.5300684065163999,-0.5368181637610334,0.3032291745964786,-0.15965234886328242,-1.0690978151485793,-0.7395225192849884,-0.524303604236727,0.0,0.0,0.0,0.0,0.0,0.0,0.0,0.0,0.0,0.0,0.0,0.0,0.0,0.0,0.0,0.0,0.0,0.0,0.0,0.0,0.0,0.0,0.0,0.0,0.0,0.0,0.0,0.0,0.0,0.0,0.0,0.0,0.0,0.0,0.0,0.0,0.0,0.0,0.0,0.0,0.0,0.0,0.0,0.0,0.0,1.0,0.0,0.0,0.0,0.0,432557
0.6752519058923501,-1.5235566765763653,1.5137471159140166,-1.5379950985242097,1.4577921757962944,-0.22941573387056183,-0.6642389785377402,-1.47691560276061,1.040744577171507,1.6561514582673715,-0.5368181637610334,1.654991326824161,-0.821967474390632,-0.04661135667376834,1.772349092311453,-0.524303604236727,0.0,0.0,0.0,0.0,0.0,0.0,0.0,0.0,0.0,0.0,0.0,0.0,0.0,0.0,1.0,0.0,0.0,0.0,0.0,0.0,0.0,0.0,0.0,0.0,0.0,0.0,0.0,0.0,0.0,0.0,0.0,0.0,0.0,0.0,0.0,0.0,0.0,0.0,0.0,0.0,0.0,0.0,0.0,0.0,0.0,0.0,0.0,0.0,0.0,0.0,327758
-0.02997201671062649,1.5192098672280734,0.5375309005909341,-0.9891332712960578,0.7466740412615166,-0.22941573387056183,1.4388923519247618,-1.47691560276061,0.5139520041014622,-1.2153603236976063,-0.5368181637610334,0.8835275418134219,0.4844011187363767,-0.05696941855093296,0.7567371922330877,-0.524303604236727,0.0,0.0,0.0,0.0,0.0,0.0,0.0,0.0,0.0,0.0,0.0,0.0,0.0,0.0,0.0,0.0,0.0,0.0,0.0,0.0,0.0,0.0,0.0,0.0,0.0,0.0,0.0,0.0,0.0,0.0,0.0,0.0,0.0,0.0,0.0,0.0,0.0,0.0,0.0,1.0,0.0,0.0,0.0,0.0,0.0,0.0,0.0,0.0,0.0,0.0,179747
-0.02997201671062649,-1.0888757417471597,0.7138605701598865,0.7084997768900272,-1.386680362342817,-0.22941573387056183,-0.6642389785377402,-1.47691560276061,-0.012840568968582357,-1.6939456206917691,-0.5368181637610334,-1.284934310932495,1.3019600925441406,-0.715407914174915,0.9401827322068792,-0.524303604236727,0.0,0.0,0.0,0.0,0.0,0.0,0.0,0.0,0.0,0.0,0.0,0.0,0.0,0.0,0.0,0.0,0.0,0.0,0.0,0.0,0.0,0.0,1.0,0.0,0.0,0.0,0.0,0.0,0.0,0.0,0.0,0.0,0.0,0.0,0.0,0.0,0.0,0.0,0.0,0.0,0.0,0.0,0.0,0.0,0.0,0.0,0.0,0.0,0.0,0.0,64799
-1.4404198619165796,1.0845289323988678,1.0468182702398077,0.46049703254746427,0.7466740412615166,-0.22941573387056183,-0.6642389785377402,-0.7781973992073942,-0.27623685550360466,-1.6376414681042206,-0.5368181637610334,-1.3874863987592658,1.2272026583384366,-1.2434941418035457,0.004507994798657693,2.8788951354701897,0.0,0.0,0.0,0.0,0.0,0.0,0.0,0.0,0.0,0.0,0.0,0.0,0.0,0.0,0.0,0.0,0.0,0.0,0.0,0.0,0.0,0.0,0.0,0.0,0.0,1.0,0.0,0.0,0.0,0.0,0.0,0.0,0.0,0.0,0.0,0.0,0.0,0.0,0.0,0.0,0.0,0.0,0.0,0.0,0.0,0.0,0.0,0.0,0.0,0.0,107651
0.6752519058923501,-0.6541948069179543,1.2221628578558608,0.310971877125368,0.7466740412615166,-0.22941573387056183,1.4388923519247618,-0.07947919565417831,-0.27623685550360466,1.4590869242109514,-0.5368181637610334,0.9134494086856765,-1.081116017863644,-1.4021111434746352,1.4689978083324458,-0.524303604236727,1.0,0.0,0.0,0.0,0.0,0.0,0.0,0.0,0.0,0.0,0.0,0.0,0.0,0.0,0.0,0.0,0.0,0.0,0.0,0.0,0.0,0.0,0.0,0.0,0.0,0.0,0.0,0.0,0.0,0.0,0.0,0.0,0.0,0.0,0.0,0.0,0.0,0.0,0.0,0.0,0.0,0.0,0.0,0.0,0.0,0.0,0.0,0.0,0.0,0.0,648610
-1.4404198619165796,-0.6541948069179543,-1.0986902231745956,0.0981397002544003,1.4577921757962944,-0.22941573387056183,-1.3652827553585742,-1.47691560276061,-1.5932182881787162,0.10778726210978551,-0.5368181637610334,0.28438397397010207,-1.2827460817265555,0.9842685188943848,-1.3533989351749387,0.5565523154941897,0.0,0.0,0.0,0.0,0.0,0.0,0.0,0.0,0.0,0.0,0.0,0.0,0.0,0.0,0.0,0.0,0.0,0.0,0.0,0.0,0.0,0.0,1.0,0.0,0.0,0.0,0.0,0.0,0.0,0.0,0.0,0.0,0.0,0.0,0.0,0.0,0.0,0.0,0.0,0.0,0.0,0.0,0.0,0.0,0.0,0.0,0.0,0.0,0.0,0.0,72059
-1.4404198619165796,1.0845289323988678,0.33361893634080486,0.11964399007988996,0.035555906726738765,-0.22941573387056183,0.7378485751039278,-0.07947919565417831,-0.012840568968582357,-0.48340634005947464,-0.5368181637610334,1.2958174142942274,1.5319698952473166,-0.6166489797399693,-0.36443275598662134,1.890606221459301,0.0,0.0,0.0,0.0,0.0,0.0,0.0,0.0,0.0,0.0,0.0,0.0,0.0,0.0,0.0,0.0,0.0,0.0,0.0,0.0,0.0,0.0,0.0,0.0,0.0,0.0,0.0,0.0,0.0,0.0,0.0,0.0,0.0,0.0,1.0,0.0,0.0,0.0,0.0,0.0,0.0,0.0,0.0,0.0,0.0,0.0,0.0,0.0,0.0,0.0,125801
-1.4404198619165796,-1.0888757417471597,-0.694806622485934,0.23319467934532598,-1.386680362342817,-0.22941573387056183,-1.3652827553585742,-0.07947919565417831,1.040744577171507,0.41746010134130274,-0.5368181637610334,-1.5340849614228338,1.4477638100887373,0.9287305517023051,-0.5253319167457569,-0.524303604236727,0.0,0.0,0.0,0.0,0.0,0.0,0.0,0.0,0.0,0.0,0.0,0.0,0.0,0.0,0.0,0.0,0.0,0.0,0.0,0.0,0.0,0.0,0.0,0.0,0.0,0.0,0.0,0.0,0.0,0.0,0.0,0.0,1.0,0.0,0.0,0.0,0.0,0.0,0.0,0.0,0.0,0.0,0.0,0.0,0.0,0.0,0.0,0.0,0.0,0.0,50000
-1.4404198619165796,0.6498479975696623,-1.2976767776602292,-1.5713568939544085,-0.6755622278080391,-0.22941573387056183,-0.6642389785377402,1.3179572114522533,0.7773482906364846,0.6989808642790456,-0.5368181637610334,1.3313519543313397,-1.6395855874726128,-0.6378683397613543,-1.4343609332639304,0.22440011849879468,0.0,0.0,0.0,0.0,0.0,0.0,0.0,0.0,0.0,0.0,0.0,0.0,0.0,0.0,0.0,0.0,0.0,0.0,0.0,1.0,0.0,0.0,0.0,0.0,0.0,0.0,0.0,0.0,0.0,0.0,0.0,0.0,0.0,0.0,0.0,0.0,0.0,0.0,0.0,0.0,0.0,0.0,0.0,0.0,0.0,0.0,0.0,0.0,0.0,0.0,118359
0.6752519058923501,0.6498479975696623,-1.1371084193376635,-0.5930121942302624,0.7466740412615166,-0.22941573387056183,0.7378485751039278,0.6192390078990375,1.5675371502415514,-1.2998165525789291,-0.5368181637610334,1.3491192243498957,0.5608440871172207,-1.3847647288401095,-0.9854830198085077,-0.524303604236727,0.0,0.0,0.0,0.0,0.0,0.0,0.0,0.0,0.0,0.0,0.0,0.0,0.0,0.0,0.0,0.0,0.0,0.0,0.0,0.0,0.0,0.0,0.0,0.0,1.0,0.0,0.0,0.0,0.0,0.0,0.0,0.0,0.0,0.0,0.0,0.0,0.0,0.0,0.0,0.0,0.0,0.0,0.0,0.0,0.0,0.0,0.0,0.0,0.0,0.0,50000
1.3804758284953267,-1.5235566765763653,1.3630295771204428,1.5903766344063692,0.035555906726738765,-0.22941573387056183,0.7378485751039278,-0.07947919565417831,-0.27623685550360466,1.036805779804337,-0.5368181637610334,-1.6195760096292757,-0.13372778172678193,-0.5724569649521517,-0.10309972418038202,4.041427824954073,0.0,0.0,0.0,0.0,0.0,0.0,0.0,0.0,0.0,0.0,0.0,0.0,0.0,0.0,1.0,0.0,0.0,0.0,0.0,0.0,0.0,0.0,0.0,0.0,0.0,0.0,0.0,0.0,0.0,0.0,0.0,0.0,0.0,0.0,0.0,0.0,0.0,0.0,0.0,0.0,0.0,0.0,0.0,0.0,0.0,0.0,0.0,0.0,0.0,0.0,301783
1.3804758284953267,-1.5235566765763653,2.195423827320246,0.4938588279776632,0.7466740412615166,-0.22941573387056183,-1.3652827553585742,1.3179572114522533,0.5139520041014622,0.8960453983354657,-0.5368181637610334,1.468211971503565,1.278133688473568,-1.454197706164611,0.5866145127043202,4.506985412545979,0.0,0.0,0.0,0.0,0.0,0.0,0.0,0.0,0.0,0.0,0.0,0.0,0.0,0.0,0.0,0.0,0.0,0.0,0.0,0.0,0.0,0.0,0.0,0.0,0.0,0.0,0.0,0.0,0.0,0.0,0.0,0.0,0.0,0.0,0.0,0.0,0.0,0.0,0.0,0.0,0.0,1.0,0.0,0.0,0.0,0.0,0.0,0.0,0.0,0.0,468862
-0.02997201671062649,-1.5235566765763653,-0.49384990409450225,0.7364352561960371,0.035555906726738765,-0.22941573387056183,1.4388923519247618,1.3179572114522533,-1.5932182881787162,0.5019163302226256,1.8985333141796292,-1.0789380547759295,0.45660228497133554,0.15093067650011013,-0.3162654913007655,-0.524303604236727,0.0,0.0,0.0,0.0,0.0,0.0,0.0,0.0,0.0,0.0,0.0,0.0,0.0,0.0,0.0,0.0,0.0,0.0,0.0,0.0,0.0,0.0,0.0,0.0,0.0,1.0,0.0,0.0,0.0,0.0,0.0,0.0,0.0,0.0,0.0,0.0,0.0,0.0,0.0,0.0,0.0,0.0,0.0,0.0,0.0,0.0,0.0,0.0,0.0,0.0,153765
1.3804758284953267,0.21516706274045677,0.4370525413952182,-1.7315337069536165,0.035555906726738765,-0.22941573387056183,1.4388923519247618,-0.7781973992073942,0.25055571756643996,0.30485179616620556,1.8949182451871394,-1.3963700337685439,-1.648443406920618,-0.2454324380935303,0.3365546705054088,0.31152200623529175,0.0,0.0,0.0,0.0,0.0,0.0,0.0,0.0,0.0,0.0,0.0,0.0,0.0,0.0,0.0,0.0,0.0,0.0,0.0,0.0,0.0,0.0,0.0,0.0,0.0,0.0,0.0,0.0,0.0,0.0,0.0,0.0,0.0,0.0,0.0,0.0,0.0,0.0,1.0,0.0,0.0,0.0,0.0,0.0,0.0,0.0,0.0,0.0,0.0,0.0,502134
-1.4404198619165796,-0.6541948069179543,0.8763990923882503,0.7971296069184471,-1.386680362342817,-0.22941573387056183,0.03680479828309378,-0.07947919565417831,-1.329822001643694,-0.8775354081723147,-0.5368181637610334,-0.2730176603358986,0.520180017665843,0.5527584519303449,1.1092805763167988,-0.524303604236727,0.0,0.0,0.0,0.0,0.0,0.0,0.0,0.0,1.0,0.0,0.0,0.0,0.0,0.0,0.0,0.0,0.0,0.0,0.0,0.0,0.0,0.0,0.0,0.0,0.0,0.0,0.0,0.0,0.0,0.0,0.0,0.0,0.0,0.0,0.0,0.0,0.0,0.0,0.0,0.0,0.0,0.0,0.0,0.0,0.0,0.0,0.0,0.0,0.0,0.0,186785
1.3804758284953267,-0.6541948069179543,-0.13232482738050497,-1.8364424853546033,0.035555906726738765,-0.22941573387056183,1.4388923519247618,-1.47691560276061,-0.012840568968582357,-1.3561207051664776,-0.5368181637610334,1.5778635333335667,0.11004796611448653,-1.6147048985868175,0.05984910741644955,-0.524303604236727,0.0,0.0,0.0,0.0,1.0,0.0,0.0,0.0,0.0,0.0,0.0,0.0,0.0,0.0,0.0,0.0,0.0,0.0,0.0,0.0,0.0,0.0,0.0,0.0,0.0,0.0,0.0,0.0,0.0,0.0,0.0,0.0,0.0,0.0,0.0,0.0,0.0,0.0,0.0,0.0,0.0,0.0,0.0,0.0,0.0,0.0,0.0,0.0,0.0,0.0,239531
1.3804758284953267,-0.6541948069179543,-2.015801521323728,-0.6529026462676074,-0.6755622278080391,-0.22941573387056183,0.03680479828309378,-1.47691560276061,1.040744577171507,1.12126200868566,-0.5368181637610334,0.9601349550105855,0.6444094836495019,-0.04064845202502821,-1.8822140113005053,-0.5678645481049754,0.0,0.0,0.0,0.0,0.0,0.0,0.0,0.0,0.0,0.0,0.0,0.0,0.0,0.0,0.0,0.0,0.0,0.0,0.0,0.0,0.0,0.0,0.0,0.0,0.0,0.0,0.0,0.0,0.0,0.0,0.0,0.0,0.0,0.0,0.0,0.0,0.0,0.0,0.0,0.0,0.0,0.0,0.0,0.0,0.0,0.0,0.0,1.0,0.0,0.0,50000
0.6752519058923501,0.21516706274045677,-0.24757941586970844,-0.20754277474157876,-1.386680362342817,-0.22941573387056183,1.4388923519247618,-0.7781973992073942,1.5675371502415514,0.41746010134130274,-0.5368181637610334,-0.052636606068075305,-1.3135323578718794,0.5236487040557023,-0.5489031313792608,0.7716344758436668,0.0,0.0,0.0,0.0,0.0,0.0,1.0,0.0,0.0,0.0,0.0,0.0,0.0,0.0,0.0,0.0,0.0,0.0,0.0,0.0,0.0,0.0,0.0,0.0,0.0,0.0,0.0,0.0,0.0,0.0,0.0,0.0,0.0,0.0,0.0,0.0,0.0,0.0,0.0,0.0,0.0,0.0,0.0,0.0,0.0,0.0,0.0,0.0,0.0,0.0,284472
1.3804758284953267,-0.6541948069179543,-1.291766285942834,2.098842552710003,-1.386680362342817,-0.22941573387056183,-0.6642389785377402,-0.07947919565417831,-0.539633142038627,1.2057182375669828,-0.5368181637610334,0.25107963519054904,1.5310926262073552,-1.1791685360500141,-1.1463821805676433,-0.524303604236727,0.0,0.0,0.0,0.0,0.0,0.0,0.0,0.0,0.0,0.0,0.0,1.0,0.0,0.0,0.0,0.0,0.0,0.0,0.0,0.0,0.0,0.0,0.0,0.0,0.0,0.0,0.0,0.0,0.0,0.0,0.0,0.0,0.0,0.0,0.0,0.0,0.0,0.0,0.0,0.0,0.0,0.0,0.0,0.0,0.0,0.0,0.0,0.0,0.0,0.0,119963
1.3804758284953267,0.21516706274045677,0.374007296409671,-2.458459092923673,0.7466740412615166,-0.22941573387056183,0.7378485751039278,0.6192390078990375,-0.27623685550360466,0.6989808642790456,1.8900981531971528,1.0238443709348644,0.6421890961157892,-1.17799866371506,0.5866145127043202,-0.524303604236727,0.0,1.0,0.0,0.0,0.0,0.0,0.0,0.0,0.0,0.0,0.0,0.0,0.0,0.0,0.0,0.0,0.0,0.0,0.0,0.0,0.0,0.0,0.0,0.0,0.0,0.0,0.0,0.0,0.0,0.0,0.0,0.0,0.0,0.0,0.0,0.0,0.0,0.0,0.0,0.0,0.0,0.0,0.0,0.0,0.0,0.0,0.0,0.0,0.0,0.0,244852
-0.735195939313603,0.21516706274045677,-0.9519130121926186,1.6496641624299153,-0.6755622278080391,4.358898943540674,0.03680479828309378,-0.7781973992073942,-1.5932182881787162,1.6279993819735974,-0.5368181637610334,1.2827335669165458,-1.4861015527481403,-0.33254757407062624,-1.1289599784472273,0.36869574506236796,0.0,0.0,0.0,0.0,0.0,0.0,0.0,0.0,0.0,0.0,0.0,0.0,0.0,0.0,0.0,0.0,0.0,1.0,0.0,0.0,0.0,0.0,0.0,0.0,0.0,0.0,0.0,0.0,0.0,0.0,0.0,0.0,0.0,0.0,0.0,0.0,0.0,0.0,0.0,0.0,0.0,0.0,0.0,0.0,0.0,0.0,0.0,0.0,0.0,0.0,395134
-0.735195939313603,-0.21951387208874876,0.73356220921787,1.860888541930753,0.7466740412615166,-0.22941573387056183,0.03680479828309378,1.3179572114522533,1.040744577171507,1.0649578560981114,-0.5368181637610334,-0.961555128586389,0.7755317939029575,0.9396322176122535,0.9606794405838391,-0.524303604236727,0.0,0.0,0.0,0.0,0.0,0.0,1.0,0.0,0.0,0.0,0.0,0.0,0.0,0.0,0.0,0.0,0.0,0.0,0.0,0.0,0.0,0.0,0.0,0.0,0.0,0.0,0.0,0.0,0.0,0.0,0.0,0.0,0.0,0.0,0.0,0.0,0.0,0.0,0.0,0.0,0.0,0.0,0.0,0.0,0.0,0.0,0.0,0.0,0.0,0.0,258918
1.3804758284953267,-0.21951387208874876,0.11985615256168386,-0.4732312901555724,0.7466740412615166,-0.22941573387056183,-1.3652827553585742,1.3179572114522533,-0.27623685550360466,0.6426767116914971,-0.5368181637610334,0.09682404820936058,-0.8150564465910639,-1.3042954510449725,0.32220697464153686,-0.524303604236727,0.0,0.0,0.0,0.0,0.0,0.0,0.0,0.0,0.0,0.0,0.0,0.0,0.0,0.0,1.0,0.0,0.0,0.0,0.0,0.0,0.0,0.0,0.0,0.0,0.0,0.0,0.0,0.0,0.0,0.0,0.0,0.0,0.0,0.0,0.0,0.0,0.0,0.0,0.0,0.0,0.0,0.0,0.0,0.0,0.0,0.0,0.0,0.0,0.0,0.0,450092
-0.02997201671062649,1.5192098672280734,1.6083149833923374,-1.169005602079359,-0.6755622278080391,-0.22941573387056183,0.7378485751039278,-1.47691560276061,-1.5932182881787162,-1.4405769340478005,-0.5368181637610334,0.2764667595057663,-0.45759667650311264,0.7676815286814755,1.8707332925208608,-0.524303604236727,0.0,0.0,0.0,0.0,0.0,0.0,0.0,0.0,0.0,0.0,0.0,0.0,0.0,0.0,0.0,0.0,0.0,0.0,0.0,1.0,0.0,0.0,0.0,0.0,0.0,0.0,0.0,0.0,0.0,0.0,0.0,0.0,0.0,0.0,0.0,0.0,0.0,0.0,0.0,0.0,0.0,0.0,0.0,0.0,0.0,0.0,0.0,0.0,0.0,0.0,162958
-0.735195939313603,-0.21951387208874876,0.48827680294597536,0.5919344675555973,-0.6755622278080391,-0.22941573387056183,0.03680479828309378,0.6192390078990375,1.5675371502415514,1.036805779804337,-0.5368181637610334,1.39662251113591,-0.05346134695242801,0.17719592777966842,0.7054954212906879,-0.524303604236727,0.0,0.0,0.0,0.0,1.0,0.0,0.0,0.0,0.0,0.0,0.0,0.0,0.0,0.0,0.0,0.0,0.0,0.0,0.0,0.0,0.0,0.0,0.0,0.0,0.0,0.0,0.0,0.0,0.0,0.0,0.0,0.0,0.0,0.0,0.0,0.0,0.0,0.0,0.0,0.0,0.0,0.0,0.0,0.0,0.0,0.0,0.0,0.0,0.0,0.0,589740
-0.735195939313603,-1.0888757417471597,-0.36283400435891194,0.014936186350169318,0.035555906726738765,-0.22941573387056183,-0.6642389785377402,-0.07947919565417831,1.5675371502415514,-0.9619916370536375,-0.5368181637610334,-1.0413591635860544,-0.17457572324431253,-0.8351201897019471,-0.1799623805939818,-0.524303604236727,0.0,0.0,0.0,0.0,0.0,0.0,0.0,0.0,0.0,0.0,0.0,0.0,0.0,0.0,1.0,0.0,0.0,0.0,0.0,0.0,0.0,0.0,0.0,0.0,0.0,0.0,0.0,0.0,0.0,0.0,0.0,0.0,0.0,0.0,0.0,0.0,0.0,0.0,0.0,0.0,0.0,0.0,0.0,0.0,0.0,0.0,0.0,0.0,0.0,0.0,71925
-0.735195939313603,-0.21951387208874876,-0.7913446538700531,-0.5765322711864292,0.035555906726738765,-0.22941573387056183,-0.6642389785377402,-1.47691560276061,0.5139520041014622,-1.665793544397995,-0.5368181637610334,1.1635293096999983,1.1347490564921012,-0.18284150966903384,-0.6257657877928606,-0.524303604236727,0.0,0.0,0.0,0.0,0.0,0.0,0.0,0.0,0.0,0.0,0.0,0.0,0.0,0.0,0.0,0.0,0.0,0.0,0.0,0.0,0.0,0.0,0.0,0.0,0.0,0.0,0.0,0.0,0.0,0.0,0.0,0.0,0.0,0.0,0.0,0.0,0.0,0.0,0.0,0.0,0.0,0.0,0.0,0.0,0.0,0.0,0.0,1.0,0.0,0.0,80814
-0.02997201671062649,0.21516706274045677,0.5995910636235822,-0.9495412610566049,-0.6755622278080391,-0.22941573387056183,1.4388923519247618,-0.7781973992073942,1.5675371502415514,0.5300684065163999,-0.5368181637610334,0.007541657865067867,-1.1990951535354748,-0.7017918551098404,0.8213018236205115,-0.524303604236727,0.0,0.0,0.0,0.0,0.0,0.0,0.0,0.0,0.0,0.0,0.0,0.0,0.0,0.0,0.0,0.0,0.0,0.0,0.0,0.0,0.0,0.0,0.0,0.0,0.0,0.0,0.0,0.0,0.0,0.0,0.0,1.0,0.0,0.0,0.0,0.0,0.0,0.0,0.0,0.0,0.0,0.0,0.0,0.0,0.0,0.0,0.0,0.0,0.0,0.0,50000
-0.735195939313603,1.0845289323988678,0.6281584402576582,-0.409120370021636,-0.6755622278080391,-0.22941573387056183,1.4388923519247618,-1.47691560276061,-1.5932182881787162,-1.665793544397995,-0.5368181637610334,-0.40902276702605966,1.3423389618361434,0.159178605422493,0.3785729226781767,0.7307960909671839,0.0,0.0,0.0,0.0,0.0,0.0,0.0,0.0,0.0,0.0,0.0,0.0,1.0,0.0,0.0,0.0,0.0,0.0,0.0,0.0,0.0,0.0,0.0,0.0,0.0,0.0,0.0,0.0,0.0,0.0,0.0,0.0,0.0,0.0,0.0,0.0,0.0,0.0,0.0,0.0,0.0,0.0,0.0,0.0,0.0,0.0,0.0,0.0,0.0,0.0,202038
-0.735195939313603,1.0845289323988678,0.7414428648410634,0.8095900365369552,0.7466740412615166,-0.22941573387056183,0.03680479828309378,0.6192390078990375,-1.5932182881787162,0.7552850168665942,-0.5368181637610334,0.851858683956079,0.8686758087490388,0.9809888471841298,0.5958380314739521,0.46398530977416164,0.0,0.0,0.0,1.0,0.0,0.0,0.0,0.0,0.0,0.0,0.0,0.0,0.0,0.0,0.0,0.0,0.0,0.0,0.0,0.0,0.0,0.0,0.0,0.0,0.0,0.0,0.0,0.0,0.0,0.0,0.0,0.0,0.0,0.0,0.0,0.0,0.0,0.0,0.0,0.0,0.0,0.0,0.0,0.0,0.0,0.0,0.0,0.0,0.0,0.0,560774
-0.735195939313603,-1.0888757417471597,0.4055299189024446,0.16325549374466805,0.035555906726738765,-0.22941573387056183,-0.6642389785377402,0.6192390078990375,1.3041408637065293,0.5863725591039485,-0.5368181637610334,0.9356027411774327,-0.058992778166235535,-1.2978514608010538,-0.2906446058295655,1.890606221459301,0.0,0.0,0.0,0.0,0.0,0.0,0.0,0.0,0.0,1.0,0.0,0.0,0.0,0.0,0.0,0.0,0.0,0.0,0.0,0.0,0.0,0.0,0.0,0.0,0.0,0.0,0.0,0.0,0.0,0.0,0.0,0.0,0.0,0.0,0.0,0.0,0.0,0.0,0.0,0.0,0.0,0.0,0.0,0.0,0.0,0.0,0.0,0.0,0.0,0.0,240683
-0.02997201671062649,1.5192098672280734,1.0911469581202704,0.7042793087934357,0.7466740412615166,-0.22941573387056183,-0.6642389785377402,-1.47691560276061,-0.8030294285736492,-0.7649271029972176,-0.5368181637610334,1.392496638809425,-0.7124144213054519,-0.25835691844420583,1.3326946976256622,-0.524303604236727,0.0,0.0,0.0,0.0,0.0,0.0,0.0,0.0,0.0,0.0,0.0,0.0,0.0,0.0,0.0,0.0,0.0,0.0,0.0,0.0,0.0,0.0,0.0,0.0,0.0,0.0,0.0,0.0,0.0,0.0,0.0,0.0,0.0,0.0,0.0,0.0,0.0,0.0,0.0,0.0,0.0,0.0,0.0,0.0,0.0,0.0,0.0,0.0,1.0,0.0,140634
-1.4404198619165796,0.21516706274045677,-0.2456092519639101,1.5168199047229185,0.7466740412615166,-0.22941573387056183,0.03680479828309378,1.3179572114522533,-0.8030294285736492,1.4590869242109514,-0.5368181637610334,-1.6602400125587746,-0.9272056259101817,-1.232384822074917,-0.058006965751070144,-0.524303604236727,0.0,0.0,0.0,0.0,0.0,1.0,0.0,0.0,0.0,0.0,0.0,0.0,0.0,0.0,0.0,0.0,0.0,0.0,0.0,0.0,0.0,0.0,0.0,0.0,0.0,0.0,0.0,0.0,0.0,0.0,0.0,0.0,0.0,0.0,0.0,0.0,0.0,0.0,0.0,0.0,0.0,0.0,0.0,0.0,0.0,0.0,0.0,0.0,0.0,0.0,173588
-0.02997201671062649,0.6498479975696623,0.6803677837613145,-0.44107534275297106,-1.386680362342817,-0.22941573387056183,1.4388923519247618,-1.47691560276061,1.3041408637065293,0.10778726210978551,-0.5368181637610334,1.6321689339551368,0.5552631911180599,-0.37460647568770705,0.9053383279660473,-0.524303604236727,0.0,0.0,0.0,0.0,0.0,0.0,0.0,0.0,0.0,0.0,0.0,0.0,0.0,0.0,0.0,0.0,0.0,0.0,0.0,0.0,0.0,0.0,0.0,0.0,0.0,0.0,0.0,0.0,0.0,0.0,0.0,0.0,0.0,0.0,0.0,0.0,1.0,0.0,0.0,0.0,0.0,0.0,0.0,0.0,0.0,0.0,0.0,0.0,0.0,0.0,329395
-0.02997201671062649,0.6498479975696623,0.17797598778273518,1.6066555827789362,-1.386680362342817,-0.22941573387056183,1.4388923519247618,0.6192390078990375,0.7773482906364846,0.6708287879852713,-0.5368181637610334,-0.5361814087279021,-1.044992702637937,0.30040171606682026,0.3826722643535687,-0.524303604236727,0.0,0.0,0.0,0.0,0.0,0.0,0.0,0.0,0.0,0.0,0.0,0.0,0.0,0.0,0.0,0.0,0.0,0.0,0.0,0.0,0.0,0.0,1.0,0.0,0.0,0.0,0.0,0.0,0.0,0.0,0.0,0.0,0.0,0.0,0.0,0.0,0.0,0.0,0.0,0.0,0.0,0.0,0.0,0.0,0.0,0.0,0.0,0.0,0.0,0.0,50000
-0.735195939313603,-0.21951387208874876,0.6636213905620285,2.5598784485948,1.4577921757962944,-0.22941573387056183,-0.6642389785377402,-0.7781973992073942,-1.5932182881787162,0.33300387245997987,1.882868015212173,0.6036372839897233,1.1595609572915684,-1.7071170759453158,-0.2998681245991975,2.631142267219526,0.0,0.0,0.0,0.0,0.0,0.0,0.0,0.0,0.0,0.0,0.0,0.0,0.0,0.0,0.0,0.0,0.0,0.0,0.0,0.0,0.0,0.0,0.0,0.0,0.0,0.0,0.0,0.0,0.0,0.0,0.0,0.0,0.0,0.0,0.0,0.0,0.0,0.0,0.0,0.0,0.0,0.0,0.0,0.0,0.0,0.0,1.0,0.0,0.0,0.0,177995
0.6752519058923501,1.0845289323988678,1.9048246512149891,1.3612655091628345,-0.6755622278080391,-0.22941573387056183,0.7378485751039278,-0.7781973992073942,-0.27623685550360466,-1.0745999422287347,-0.5368181637610334,0.11132035638349635,1.7147207786307601,0.7520247801938591,2.179208753594108,-0.524303604236727,0.0,0.0,0.0,0.0,0.0,0.0,0.0,0.0,0.0,0.0,0.0,0.0,0.0,0.0,0.0,0.0,0.0,0.0,0.0,0.0,0.0,0.0,1.0,0.0,0.0,0.0,0.0,0.0,0.0,0.0,0.0,0.0,0.0,0.0,0.0,0.0,0.0,0.0,0.0,0.0,0.0,0.0,0.0,0.0,0.0,0.0,0.0,0.0,0.0,0.0,513682
-0.02997201671062649,-0.21951387208874876,-0.5007454777647965,-1.349279882205193,-0.6755622278080391,-0.22941573387056183,1.4388923519247618,1.3179572114522533,-1.0664257151086716,-1.0182957896411862,-0.5368181637610334,-1.2033461149267821,1.215399742002189,0.35010912548889833,-0.32343933923270146,-0.524303604236727,0.0,0.0,0.0,0.0,0.0,0.0,0.0,0.0,0.0,0.0,0.0,0.0,1.0,0.0,0.0,0.0,0.0,0.0,0.0,0.0,0.0,0.0,0.0,0.0,0.0,0.0,0.0,0.0,0.0,0.0,0.0,0.0,0.0,0.0,0.0,0.0,0.0,0.0,0.0,0.0,0.0,0.0,0.0,0.0,0.0,0.0,0.0,0.0,0.0,0.0,50000
-0.735195939313603,0.6498479975696623,-0.3923864629458872,-0.24793868366609673,-0.6755622278080391,-0.22941573387056183,1.4388923519247618,1.3179572114522533,1.3041408637065293,1.2057182375669828,-0.5368181637610334,1.0663668749123294,-0.3517259930043606,1.6638897760297824,-0.21070744315942175,-0.524303604236727,0.0,0.0,0.0,0.0,0.0,0.0,0.0,0.0,0.0,0.0,0.0,0.0,0.0,0.0,0.0,0.0,0.0,0.0,0.0,0.0,0.0,0.0,0.0,0.0,0.0,0.0,0.0,0.0,0.0,0.0,0.0,0.0,0.0,0.0,0.0,0.0,0.0,0.0,1.0,0.0,0.0,0.0,0.0,0.0,0.0,0.0,0.0,0.0,0.0,0.0,371539
-0.735195939313603,-1.0888757417471597,0.041049596329749846,1.0861311841993269,1.4577921757962944,-0.22941573387056183,1.4388923519247618,-0.7781973992073942,-1.5932182881787162,-1.5813373155166721,-0.5368181637610334,1.4146499713011813,0.31914736695630236,-0.8402742199387249,0.24022014113369708,-0.524303604236727,0.0,0.0,0.0,0.0,0.0,0.0,0.0,0.0,0.0,0.0,0.0,0.0,0.0,0.0,0.0,0.0,0.0,0.0,0.0,0.0,0.0,0.0,0.0,0.0,0.0,0.0,0.0,0.0,0.0,0.0,0.0,0.0,0.0,0.0,0.0,0.0,0.0,1.0,0.0,0.0,0.0,0.0,0.0,0.0,0.0,0.0,0.0,0.0,0.0,0.0,50000
-0.02997201671062649,-0.21951387208874876,0.16812516825374343,1.0419167565207499,-0.6755622278080391,-0.22941573387056183,0.03680479828309378,-0.7781973992073942,1.040744577171507,-0.905687484466089,-0.5368181637610334,-1.1769925700666224,1.1365136971280063,-1.6904512153524884,0.37242391016508875,-0.524303604236727,0.0,0.0,0.0,0.0,0.0,0.0,0.0,0.0,1.0,0.0,0.0,0.0,0.0,0.0,0.0,0.0,0.0,0.0,0.0,0.0,0.0,0.0,0.0,0.0,0.0,0.0,0.0,0.0,0.0,0.0,0.0,0.0,0.0,0.0,0.0,0.0,0.0,0.0,0.0,0.0,0.0,0.0,0.0,0.0,0.0,0.0,0.0,0.0,0.0,0.0,294398
0.6752519058923501,0.6498479975696623,0.6931738491490037,-0.6671718479275118,1.4577921757962944,-0.22941573387056183,1.4388923519247618,-0.07947919565417831,-0.539633142038627,1.5716952293860487,1.8973282911821325,-1.6804233339396868,1.3364213209182239,0.23283370246207685,-0.01701354899715025,1.9586701962534394,0.0,0.0,0.0,0.0,1.0,0.0,0.0,0.0,0.0,0.0,0.0,0.0,0.0,0.0,0.0,0.0,0.0,0.0,0.0,0.0,0.0,0.0,0.0,0.0,0.0,0.0,0.0,0.0,0.0,0.0,0.0,0.0,0.0,0.0,0.0,0.0,0.0,0.0,0.0,0.0,0.0,0.0,0.0,0.0,0.0,0.0,0.0,0.0,0.0,0.0,1028694
-0.735195939313603,-1.5235566765763653,0.4340972955365207,-0.2829082764664257,-0.6755622278080391,-0.22941573387056183,-1.3652827553585742,0.6192390078990375,0.5139520041014622,-1.6376414681042206,-0.5368181637610334,0.3222230553066924,-0.6103728851039223,-0.7756344230138227,0.649129473254048,-0.524303604236727,0.0,0.0,0.0,0.0,0.0,0.0,0.0,0.0,0.0,0.0,0.0,0.0,0.0,0.0,0.0,0.0,0.0,0.0,0.0,0.0,0.0,0.0,0.0,0.0,0.0,0.0,0.0,0.0,0.0,0.0,0.0,1.0,0.0,0.0,0.0,0.0,0.0,0.0,0.0,0.0,0.0,0.0,0.0,0.0,0.0,0.0,0.0,0.0,0.0,0.0,176441
-0.02997201671062649,-1.5235566765763653,-0.8888677672070714,0.27198279089971383,0.7466740412615166,-0.22941573387056183,-1.3652827553585742,0.6192390078990375,1.3041408637065293,0.8397412457479171,-0.5368181637610334,-0.14028351549015783,-0.9811204588575222,0.5005819771774519,-1.1156371180022033,0.5075462536424101,0.0,0.0,0.0,0.0,0.0,0.0,0.0,0.0,0.0,0.0,0.0,0.0,0.0,0.0,0.0,0.0,0.0,0.0,0.0,0.0,0.0,0.0,0.0,0.0,0.0,0.0,0.0,0.0,0.0,0.0,1.0,0.0,0.0,0.0,0.0,0.0,0.0,0.0,0.0,0.0,0.0,0.0,0.0,0.0,0.0,0.0,0.0,0.0,0.0,0.0,50000
0.6752519058923501,-1.5235566765763653,0.07749762858701932,0.8160212260174754,1.4577921757962944,-0.22941573387056183,0.7378485751039278,1.3179572114522533,-1.329822001643694,-1.2435123999913806,1.785261152414947,-0.36241156074306924,-0.4457991629146391,-1.5398772130660474,0.278139051631073,-0.524303604236727,0.0,0.0,0.0,0.0,0.0,0.0,0.0,0.0,0.0,0.0,0.0,0.0,0.0,1.0,0.0,0.0,0.0,0.0,0.0,0.0,0.0,0.0,0.0,0.0,0.0,0.0,0.0,0.0,0.0,0.0,0.0,0.0,0.0,0.0,0.0,0.0,0.0,0.0,0.0,0.0,0.0,0.0,0.0,0.0,0.0,0.0,0.0,0.0,0.0,0.0,142654
0.6752519058923501,0.21516706274045677,0.26958860940235846,1.184206823777261,0.7466740412615166,-0.22941573387056183,-1.3652827553585742,-1.47691560276061,-1.5932182881787162,0.5300684065163999,-0.5368181637610334,-1.5600668060734004,-0.5936178873125031,0.6186129292842865,0.4779819583064324,-0.524303604236727,1.0,0.0,0.0,0.0,0.0,0.0,0.0,0.0,0.0,0.0,0.0,0.0,0.0,0.0,0.0,0.0,0.0,0.0,0.0,0.0,0.0,0.0,0.0,0.0,0.0,0.0,0.0,0.0,0.0,0.0,0.0,0.0,0.0,0.0,0.0,0.0,0.0,0.0,0.0,0.0,0.0,0.0,0.0,0.0,0.0,0.0,0.0,0.0,0.0,0.0,50000
-0.735195939313603,-1.5235566765763653,-0.5450741656452593,0.436179097324247,0.035555906726738765,-0.22941573387056183,0.03680479828309378,-1.47691560276061,-0.27623685550360466,1.5153910767985002,-0.5368181637610334,-0.3711093456475507,-1.1150509740867032,-1.4920281599509737,-0.3695569330808613,-0.524303604236727,0.0,0.0,0.0,0.0,0.0,0.0,0.0,0.0,0.0,0.0,0.0,0.0,0.0,0.0,0.0,0.0,0.0,0.0,0.0,0.0,0.0,0.0,0.0,0.0,0.0,0.0,0.0,0.0,0.0,0.0,0.0,0.0,0.0,0.0,0.0,0.0,0.0,0.0,0.0,0.0,0.0,0.0,0.0,0.0,0.0,0.0,0.0,0.0,1.0,0.0,80559
-0.735195939313603,0.21516706274045677,0.48039614732278196,-0.9644133867303081,1.4577921757962944,-0.22941573387056183,-1.3652827553585742,-1.47691560276061,0.5139520041014622,1.5435431530922745,-0.5368181637610334,1.0723512482867803,0.7891997283621613,-0.10807341248205335,0.6972967379399039,-0.524303604236727,0.0,0.0,0.0,0.0,0.0,0.0,0.0,0.0,0.0,0.0,0.0,0.0,0.0,0.0,0.0,0.0,1.0,0.0,0.0,0.0,0.0,0.0,0.0,0.0,0.0,0.0,0.0,0.0,0.0,0.0,0.0,0.0,0.0,0.0,0.0,0.0,0.0,0.0,0.0,0.0,0.0,0.0,0.0,0.0,0.0,0.0,0.0,0.0,0.0,0.0,384598
-0.02997201671062649,1.5192098672280734,0.913832206598419,1.6472524663747203,1.4577921757962944,-0.22941573387056183,0.03680479828309378,-1.47691560276061,-1.0664257151086716,-1.7220976969855435,-0.5368181637610334,-1.5366496928690272,-1.4993563624962234,-1.4543655659106165,0.7997802798247036,0.3986438939717888,0.0,0.0,0.0,0.0,0.0,0.0,0.0,1.0,0.0,0.0,0.0,0.0,0.0,0.0,0.0,0.0,0.0,0.0,0.0,0.0,0.0,0.0,0.0,0.0,0.0,0.0,0.0,0.0,0.0,0.0,0.0,0.0,0.0,0.0,0.0,0.0,0.0,0.0,0.0,0.0,0.0,0.0,0.0,0.0,0.0,0.0,0.0,0.0,0.0,0.0,136632
-1.4404198619165796,0.21516706274045677,0.7769058151454337,0.15481455755148518,0.7466740412615166,-0.22941573387056183,0.7378485751039278,1.3179572114522533,-0.539633142038627,1.0649578560981114,1.87684290022469,-1.1397482090653812,1.268701372443612,0.9324329252768646,1.005772199013151,-0.524303604236727,0.0,0.0,0.0,0.0,0.0,0.0,0.0,0.0,0.0,0.0,0.0,0.0,0.0,0.0,0.0,0.0,0.0,0.0,0.0,0.0,1.0,0.0,0.0,0.0,0.0,0.0,0.0,0.0,0.0,0.0,0.0,0.0,0.0,0.0,0.0,0.0,0.0,0.0,0.0,0.0,0.0,0.0,0.0,0.0,0.0,0.0,0.0,0.0,0.0,0.0,287876
-1.4404198619165796,-1.0888757417471597,0.7818312249099295,-0.1976950158495321,0.7466740412615166,-0.22941573387056183,0.7378485751039278,-1.47691560276061,0.25055571756643996,0.9805016272167886,-0.5368181637610334,0.5199675668102882,0.5516591853181121,-1.2712390979394201,0.44928656657868854,0.9649361642590197,0.0,0.0,0.0,0.0,0.0,0.0,0.0,0.0,0.0,0.0,0.0,0.0,0.0,0.0,0.0,0.0,0.0,0.0,0.0,0.0,0.0,0.0,0.0,0.0,0.0,0.0,0.0,0.0,0.0,0.0,0.0,0.0,0.0,0.0,0.0,0.0,0.0,0.0,0.0,0.0,0.0,0.0,0.0,0.0,0.0,0.0,0.0,0.0,0.0,1.0,373554
-0.02997201671062649,-1.5235566765763653,2.0762289110194456,1.2756502992034084,-0.6755622278080391,-0.22941573387056183,-0.6642389785377402,1.3179572114522533,-1.0664257151086716,-0.48340634005947464,-0.5368181637610334,0.7420584420422403,-1.2381104569467196,0.3938344889646864,2.3575301164736597,-0.524303604236727,0.0,0.0,0.0,0.0,0.0,0.0,0.0,0.0,0.0,0.0,0.0,0.0,0.0,0.0,0.0,0.0,0.0,0.0,0.0,0.0,0.0,0.0,0.0,0.0,1.0,0.0,0.0,0.0,0.0,0.0,0.0,0.0,0.0,0.0,0.0,0.0,0.0,0.0,0.0,0.0,0.0,0.0,0.0,0.0,0.0,0.0,0.0,0.0,0.0,0.0,443344
-0.735195939313603,0.6498479975696623,0.8369958142722833,0.11522254731203227,0.035555906726738765,-0.22941573387056183,1.4388923519247618,-1.47691560276061,0.25055571756643996,-1.0464478659349605,-0.5368181637610334,0.8957193086880796,0.09547573177228665,0.9224965515633506,0.16438232013894527,1.8742708675087079,0.0,0.0,0.0,0.0,0.0,0.0,0.0,0.0,0.0,0.0,0.0,0.0,0.0,0.0,0.0,0.0,0.0,0.0,0.0,0.0,0.0,0.0,0.0,0.0,0.0,0.0,0.0,0.0,0.0,0.0,0.0,0.0,1.0,0.0,0.0,0.0,0.0,0.0,0.0,0.0,0.0,0.0,0.0,0.0,0.0,0.0,0.0,0.0,0.0,0.0,443544
1.3804758284953267,-1.5235566765763653,-1.0129880932723674,-0.9762708923350173,0.7466740412615166,-0.22941573387056183,0.03680479828309378,-1.47691560276061,1.040744577171507,0.6708287879852713,-0.5368181637610334,0.28427246390722405,-0.5225954024095653,-0.7504509204195293,-0.85635375703366,-0.524303604236727,0.0,0.0,0.0,0.0,0.0,0.0,0.0,0.0,0.0,0.0,0.0,0.0,0.0,0.0,0.0,0.0,0.0,0.0,0.0,0.0,1.0,0.0,0.0,0.0,0.0,0.0,0.0,0.0,0.0,0.0,0.0,0.0,0.0,0.0,0.0,0.0,0.0,0.0,0.0,0.0,0.0,0.0,0.0,0.0,0.0,0.0,0.0,0.0,0.0,0.0,129847
-0.735195939313603,0.6498479975696623,0.7473533565584584,-0.8394071412026953,1.4577921757962944,-0.22941573387056183,-1.3652827553585742,1.3179572114522533,1.3041408637065293,1.402782771623403,-0.5368181637610334,-1.6143722066949706,-0.6536282142738745,-1.511834585831876,0.9750271364477111,-0.524303604236727,0.0,0.0,0.0,0.0,0.0,0.0,0.0,0.0,0.0,0.0,0.0,0.0,0.0,0.0,0.0,0.0,0.0,0.0,0.0,0.0,0.0,0.0,0.0,0.0,0.0,0.0,0.0,0.0,0.0,0.0,0.0,0.0,0.0,0.0,0.0,0.0,0.0,0.0,0.0,0.0,0.0,0.0,0.0,0.0,0.0,0.0,0.0,0.0,0.0,1.0,855522
-0.735195939313603,1.0845289323988678,-0.4997603958118973,0.48722666382587665,-0.6755622278080391,-0.22941573387056183,0.7378485751039278,-0.07947919565417831,-1.0664257151086716,0.3611559487537541,-0.5368181637610334,0.402621810641707,-0.09479541990172485,0.9503158603961928,-0.32241450381385345,-0.524303604236727,0.0,0.0,0.0,0.0,0.0,0.0,0.0,0.0,0.0,0.0,0.0,0.0,0.0,0.0,0.0,0.0,0.0,0.0,0.0,0.0,0.0,0.0,0.0,0.0,0.0,0.0,0.0,0.0,0.0,0.0,0.0,1.0,0.0,0.0,0.0,0.0,0.0,0.0,0.0,0.0,0.0,0.0,0.0,0.0,0.0,0.0,0.0,0.0,0.0,0.0,208302
0.6752519058923501,0.6498479975696623,-0.9194053077469458,-1.528951238317228,-1.386680362342817,-0.22941573387056183,-1.3652827553585742,-1.47691560276061,0.25055571756643996,1.1494140849794343,1.8937132221896427,-0.6201113160540523,0.022494736639721503,1.1449780330578654,-0.7589943922431003,-0.524303604236727,0.0,0.0,0.0,0.0,0.0,0.0,0.0,0.0,0.0,0.0,0.0,0.0,1.0,0.0,0.0,0.0,0.0,0.0,0.0,0.0,0.0,0.0,0.0,0.0,0.0,0.0,0.0,0.0,0.0,0.0,0.0,0.0,0.0,0.0,0.0,0.0,0.0,0.0,0.0,0.0,0.0,0.0,0.0,0.0,0.0,0.0,0.0,0.0,0.0,0.0,83258
0.6752519058923501,-0.21951387208874876,-0.12542925371021074,-1.3932933352125034,0.7466740412615166,-0.22941573387056183,-0.6642389785377402,-0.7781973992073942,-1.5932182881787162,-0.34264595859060315,-0.5368181637610334,1.600500076097794,0.6789150615875461,-0.6625089689996809,0.06702295534838552,-0.524303604236727,0.0,0.0,0.0,0.0,0.0,0.0,0.0,0.0,0.0,0.0,0.0,0.0,0.0,0.0,0.0,0.0,0.0,0.0,0.0,0.0,0.0,0.0,0.0,0.0,0.0,0.0,0.0,0.0,0.0,0.0,0.0,1.0,0.0,0.0,0.0,0.0,0.0,0.0,0.0,0.0,0.0,0.0,0.0,0.0,0.0,0.0,0.0,0.0,0.0,0.0,91922
-0.735195939313603,-0.6541948069179543,-0.6534331804641685,-1.3167219854600591,0.7466740412615166,-0.22941573387056183,-1.3652827553585742,-0.07947919565417831,1.3041408637065293,-1.0182957896411862,-0.5368181637610334,1.449887151170619,1.55344193759333,-0.7795418278002405,-0.482288829154141,-0.524303604236727,0.0,0.0,0.0,0.0,0.0,0.0,0.0,0.0,0.0,0.0,0.0,0.0,0.0,0.0,0.0,0.0,0.0,0.0,0.0,0.0,0.0,0.0,0.0,0.0,0.0,0.0,1.0,0.0,0.0,0.0,0.0,0.0,0.0,0.0,0.0,0.0,0.0,0.0,0.0,0.0,0.0,0.0,0.0,0.0,0.0,0.0,0.0,0.0,0.0,0.0,50000
1.3804758284953267,-1.5235566765763653,-0.9440323565694252,-0.8269467115841873,-1.386680362342817,-0.22941573387056183,-1.3652827553585742,-0.07947919565417831,1.040744577171507,-0.20188557712173172,-0.5368181637610334,1.2870824593687864,-1.32099377176642,-1.1392580138664572,-0.7846152777143002,-0.524303604236727,0.0,0.0,0.0,0.0,0.0,0.0,0.0,0.0,0.0,0.0,0.0,0.0,0.0,0.0,0.0,0.0,0.0,0.0,0.0,0.0,0.0,0.0,0.0,0.0,0.0,0.0,1.0,0.0,0.0,0.0,0.0,0.0,0.0,0.0,0.0,0.0,0.0,0.0,0.0,0.0,0.0,0.0,0.0,0.0,0.0,0.0,0.0,0.0,0.0,0.0,136539
-1.4404198619165796,0.6498479975696623,0.5404861464496317,0.021970299844488363,-1.386680362342817,-0.22941573387056183,-1.3652827553585742,0.6192390078990375,-0.539633142038627,1.6561514582673715,1.8997383371771257,-0.20101932973769082,0.6647552043116483,-1.332116577718292,-0.478189487478749,2.764547657816037,0.0,0.0,0.0,0.0,0.0,0.0,0.0,0.0,0.0,0.0,0.0,0.0,0.0,0.0,0.0,0.0,0.0,0.0,0.0,0.0,0.0,0.0,0.0,0.0,0.0,1.0,0.0,0.0,0.0,0.0,0.0,0.0,0.0,0.0,0.0,0.0,0.0,0.0,0.0,0.0,0.0,0.0,0.0,0.0,0.0,0.0,0.0,0.0,0.0,0.0,212789
-0.735195939313603,-0.6541948069179543,1.1098635152253549,0.520990408598608,-0.6755622278080391,-0.22941573387056183,-0.6642389785377402,1.3179572114522533,-0.539633142038627,0.6989808642790456,-0.5368181637610334,1.0039212397006676,0.10658108652871294,-0.6974677104305358,1.3521665705837742,-0.524303604236727,0.0,0.0,0.0,0.0,0.0,0.0,0.0,0.0,0.0,0.0,0.0,0.0,0.0,0.0,0.0,0.0,0.0,0.0,0.0,0.0,0.0,1.0,0.0,0.0,0.0,0.0,0.0,0.0,0.0,0.0,0.0,0.0,0.0,0.0,0.0,0.0,0.0,0.0,0.0,0.0,0.0,0.0,0.0,0.0,0.0,0.0,0.0,0.0,0.0,0.0,208391
-1.4404198619165796,-1.0888757417471597,1.3659848229791403,-1.0628909756507747,0.035555906726738765,-0.22941573387056183,0.03680479828309378,0.6192390078990375,0.5139520041014622,0.4737642539288513,-0.5368181637610334,-1.2773516266567932,1.4719325661029938,-0.7815290523778473,1.6186237794842535,-0.524303604236727,0.0,0.0,0.0,0.0,0.0,0.0,0.0,0.0,0.0,0.0,0.0,0.0,0.0,0.0,0.0,0.0,0.0,0.0,0.0,0.0,0.0,0.0,0.0,0.0,0.0,0.0,0.0,0.0,0.0,0.0,0.0,0.0,0.0,0.0,0.0,0.0,1.0,0.0,0.0,0.0,0.0,0.0,0.0,0.0,0.0,0.0,0.0,0.0,0.0,0.0,256635
-0.735195939313603,-0.21951387208874876,0.09621418569210366,0.8079822391668251,-0.6755622278080391,-0.22941573387056183,1.4388923519247618,-1.47691560276061,-1.329822001643694,-0.511558416353249,-0.5368181637610334,-0.8426854015584756,1.4688371637597963,-0.09704096667621911,-0.7395225192849884,2.228203536438227,0.0,0.0,0.0,0.0,0.0,0.0,0.0,0.0,0.0,0.0,0.0,1.0,0.0,0.0,0.0,0.0,0.0,0.0,0.0,0.0,0.0,0.0,0.0,0.0,0.0,0.0,0.0,0.0,0.0,0.0,0.0,0.0,0.0,0.0,0.0,0.0,0.0,0.0,0.0,0.0,0.0,0.0,0.0,0.0,0.0,0.0,0.0,0.0,0.0,0.0,73547
1.3804758284953267,1.0845289323988678,-2.0098910296063326,-0.9165814149689385,0.035555906726738765,4.358898943540674,0.03680479828309378,-0.07947919565417831,-1.0664257151086716,-1.5531852392228978,1.8334620723148118,-0.27138217941368836,-0.9304222093009935,-1.360317961179345,-1.8822140113005053,-0.5542517531461478,0.0,0.0,0.0,0.0,0.0,0.0,0.0,0.0,0.0,0.0,0.0,0.0,0.0,1.0,0.0,0.0,0.0,0.0,0.0,0.0,0.0,0.0,0.0,0.0,0.0,0.0,0.0,0.0,0.0,0.0,0.0,0.0,0.0,0.0,0.0,0.0,0.0,0.0,0.0,0.0,0.0,0.0,0.0,0.0,0.0,0.0,0.0,0.0,0.0,0.0,50000
1.3804758284953267,0.21516706274045677,-0.3716997419350045,0.2892666126286121,-0.6755622278080391,-0.22941573387056183,0.7378485751039278,0.6192390078990375,-1.5932182881787162,0.33300387245997987,1.8479223482847713,1.3124695836840037,-0.9812729670769982,0.5757141346638116,-0.1891858993636138,-0.524303604236727,0.0,0.0,0.0,0.0,0.0,0.0,0.0,0.0,0.0,0.0,0.0,0.0,0.0,0.0,0.0,0.0,0.0,0.0,0.0,0.0,0.0,0.0,0.0,0.0,0.0,0.0,0.0,0.0,0.0,0.0,0.0,0.0,0.0,0.0,0.0,0.0,0.0,0.0,0.0,0.0,0.0,0.0,0.0,1.0,0.0,0.0,0.0,0.0,0.0,0.0,442799
0.6752519058923501,1.5192098672280734,-0.8908379311128698,-1.5657296031589534,-0.6755622278080391,-0.22941573387056183,0.03680479828309378,-1.47691560276061,-1.329822001643694,0.30485179616620556,-0.5368181637610334,1.6006487561816314,-0.6410673406870142,1.5913342847033074,-0.9229680592587799,-0.009739954793041157,0.0,0.0,0.0,0.0,0.0,0.0,0.0,1.0,0.0,0.0,0.0,0.0,0.0,0.0,0.0,0.0,0.0,0.0,0.0,0.0,0.0,0.0,0.0,0.0,0.0,0.0,0.0,0.0,0.0,0.0,0.0,0.0,0.0,0.0,0.0,0.0,0.0,0.0,0.0,0.0,0.0,0.0,0.0,0.0,0.0,0.0,0.0,0.0,0.0,0.0,187414
1.3804758284953267,-1.5235566765763653,1.847689897946837,0.13853560917891825,-1.386680362342817,-0.22941573387056183,0.7378485751039278,0.6192390078990375,1.040744577171507,1.599847305679823,-0.5368181637610334,0.4724271100033147,-0.7636146075421439,1.6740041470422176,2.119768299300924,-0.524303604236727,0.0,0.0,0.0,0.0,0.0,0.0,0.0,0.0,0.0,0.0,0.0,0.0,0.0,0.0,0.0,0.0,0.0,0.0,0.0,1.0,0.0,0.0,0.0,0.0,0.0,0.0,0.0,0.0,0.0,0.0,0.0,0.0,0.0,0.0,0.0,0.0,0.0,0.0,0.0,0.0,0.0,0.0,0.0,0.0,0.0,0.0,0.0,0.0,0.0,0.0,975668
-0.735195939313603,1.5192098672280734,0.29027533041324116,0.11843814205229242,-0.6755622278080391,-0.22941573387056183,-1.3652827553585742,-1.47691560276061,-1.5932182881787162,-0.39895011117815177,1.8443072792922814,0.28126169220951897,0.9024957326431465,0.3366364366095592,-0.24042767030601367,1.441383987817988,0.0,0.0,0.0,0.0,0.0,1.0,0.0,0.0,0.0,0.0,0.0,0.0,0.0,0.0,0.0,0.0,0.0,0.0,0.0,0.0,0.0,0.0,0.0,0.0,0.0,0.0,0.0,0.0,0.0,0.0,0.0,0.0,0.0,0.0,0.0,0.0,0.0,0.0,0.0,0.0,0.0,0.0,0.0,0.0,0.0,0.0,0.0,0.0,0.0,0.0,196649
-0.02997201671062649,-1.5235566765763653,0.7158307340656848,-0.5779390938852931,-0.6755622278080391,-0.22941573387056183,-1.3652827553585742,0.6192390078990375,-0.539633142038627,-0.4271021874719261,-0.5368181637610334,0.19759197503008394,0.9297299045016095,-1.2622528714467238,0.9422324030445752,-0.524303604236727,0.0,0.0,0.0,0.0,0.0,0.0,0.0,0.0,0.0,0.0,0.0,1.0,0.0,0.0,0.0,0.0,0.0,0.0,0.0,0.0,0.0,0.0,0.0,0.0,0.0,0.0,0.0,0.0,0.0,0.0,0.0,0.0,0.0,0.0,0.0,0.0,0.0,0.0,0.0,0.0,0.0,0.0,0.0,0.0,0.0,0.0,0.0,0.0,0.0,0.0,442671
0.6752519058923501,0.6498479975696623,1.3541638395443503,-0.9967703088041756,-0.6755622278080391,-0.22941573387056183,0.7378485751039278,-0.07947919565417831,1.3041408637065293,0.9523495509230143,1.8672027162447171,0.03902466561761405,0.5947557202962864,-1.5768094369829677,0.9565800989084472,1.1990762375508555,0.0,0.0,0.0,0.0,0.0,0.0,0.0,0.0,0.0,0.0,0.0,0.0,0.0,1.0,0.0,0.0,0.0,0.0,0.0,0.0,0.0,0.0,0.0,0.0,0.0,0.0,0.0,0.0,0.0,0.0,0.0,0.0,0.0,0.0,0.0,0.0,0.0,0.0,0.0,0.0,0.0,0.0,0.0,0.0,0.0,0.0,0.0,0.0,0.0,0.0,394564
0.6752519058923501,0.6498479975696623,1.7334203914105326,-0.43866364669777597,0.035555906726738765,-0.22941573387056183,-0.6642389785377402,1.3179572114522533,1.5675371502415514,0.2203955672848827,-0.5368181637610334,1.6500105440156116,0.6581190735432337,-1.2272481114663267,0.2238227744321291,4.1966136874847075,0.0,0.0,0.0,0.0,0.0,0.0,0.0,0.0,0.0,0.0,0.0,0.0,0.0,0.0,0.0,0.0,0.0,0.0,0.0,0.0,0.0,0.0,0.0,0.0,0.0,0.0,0.0,0.0,0.0,0.0,0.0,0.0,0.0,0.0,0.0,0.0,0.0,0.0,0.0,0.0,0.0,0.0,0.0,0.0,0.0,0.0,1.0,0.0,0.0,0.0,705986
1.3804758284953267,-0.6541948069179543,1.5738371150408663,1.0368923897390934,0.035555906726738765,-0.22941573387056183,-0.6642389785377402,-0.07947919565417831,0.25055571756643996,-0.6523187978221204,-0.5368181637610334,1.5354525394189795,-1.2819346423487652,1.639885690875857,1.8348640528611808,-0.524303604236727,0.0,0.0,0.0,1.0,0.0,0.0,0.0,0.0,0.0,0.0,0.0,0.0,0.0,0.0,0.0,0.0,0.0,0.0,0.0,0.0,0.0,0.0,0.0,0.0,0.0,0.0,0.0,0.0,0.0,0.0,0.0,0.0,0.0,0.0,0.0,0.0,0.0,0.0,0.0,0.0,0.0,0.0,0.0,0.0,0.0,0.0,0.0,0.0,0.0,0.0,205267
-1.4404198619165796,-1.0888757417471597,0.11690090670298633,0.048498956451634476,0.7466740412615166,-0.22941573387056183,1.4388923519247618,0.6192390078990375,0.5139520041014622,0.05148310952223692,1.8696127622397103,0.5879887051658484,0.6102880501881055,0.73490835794135,0.3191324683849929,-0.524303604236727,0.0,0.0,0.0,0.0,0.0,0.0,0.0,0.0,1.0,0.0,0.0,0.0,0.0,0.0,0.0,0.0,0.0,0.0,0.0,0.0,0.0,0.0,0.0,0.0,0.0,0.0,0.0,0.0,0.0,0.0,0.0,0.0,0.0,0.0,0.0,0.0,0.0,0.0,0.0,0.0,0.0,0.0,0.0,0.0,0.0,0.0,0.0,0.0,0.0,0.0,242383
-0.02997201671062649,1.5192098672280734,2.711606770639414,-0.3076281610321755,0.7466740412615166,-0.22941573387056183,-0.6642389785377402,-0.07947919565417831,0.5139520041014622,0.7834370931603685,-0.5368181637610334,-1.4227235786287036,-0.496792808714981,1.6303589325153827,0.7454640026257597,5.51160968050746,0.0,0.0,0.0,0.0,0.0,0.0,0.0,0.0,0.0,0.0,0.0,0.0,1.0,0.0,0.0,0.0,0.0,0.0,0.0,0.0,0.0,0.0,0.0,0.0,0.0,0.0,0.0,0.0,0.0,0.0,0.0,0.0,0.0,0.0,0.0,0.0,0.0,0.0,0.0,0.0,0.0,0.0,0.0,0.0,0.0,0.0,0.0,0.0,0.0,0.0,207003
1.3804758284953267,0.6498479975696623,0.6222479485402631,-0.7063619088244322,-0.6755622278080391,-0.22941573387056183,0.03680479828309378,1.3179572114522533,-1.0664257151086716,-0.8493833318785404,-0.5368181637610334,-0.7978955263024919,1.37743168943956,-1.477981143841893,0.8448730382540155,-0.524303604236727,0.0,0.0,0.0,0.0,0.0,0.0,0.0,0.0,0.0,0.0,0.0,0.0,0.0,0.0,0.0,0.0,0.0,0.0,0.0,0.0,0.0,0.0,0.0,0.0,0.0,0.0,0.0,0.0,0.0,0.0,0.0,0.0,1.0,0.0,0.0,0.0,0.0,0.0,0.0,0.0,0.0,0.0,0.0,0.0,0.0,0.0,0.0,0.0,0.0,0.0,394648
-1.4404198619165796,0.21516706274045677,0.6291435222105574,0.5159660418169516,0.035555906726738765,-0.22941573387056183,0.03680479828309378,-1.47691560276061,-0.539633142038627,0.9523495509230143,-0.5368181637610334,0.7898219189749698,0.642635930100559,-0.6149743141992275,0.8520468861859515,-0.524303604236727,0.0,0.0,0.0,0.0,0.0,0.0,0.0,0.0,0.0,0.0,0.0,0.0,0.0,0.0,0.0,0.0,0.0,0.0,0.0,1.0,0.0,0.0,0.0,0.0,0.0,0.0,0.0,0.0,0.0,0.0,0.0,0.0,0.0,0.0,0.0,0.0,0.0,0.0,0.0,0.0,0.0,0.0,0.0,0.0,0.0,0.0,0.0,0.0,0.0,0.0,115773
-0.02997201671062649,1.5192098672280734,0.45872434435900006,-1.9618506802247486,0.7466740412615166,-0.22941573387056183,-0.6642389785377402,-0.7781973992073942,-1.5932182881787162,-1.0182957896411862,-0.5368181637610334,1.434647442577297,-0.9893583003768565,0.29960450201331257,0.6747503587252479,-0.524303604236727,0.0,0.0,0.0,0.0,0.0,0.0,0.0,0.0,0.0,0.0,0.0,0.0,0.0,0.0,0.0,0.0,0.0,0.0,0.0,0.0,0.0,0.0,1.0,0.0,0.0,0.0,0.0,0.0,0.0,0.0,0.0,0.0,0.0,0.0,0.0,0.0,0.0,0.0,0.0,0.0,0.0,0.0,0.0,0.0,0.0,0.0,0.0,0.0,0.0,0.0,92957
1.3804758284953267,-0.21951387208874876,0.2715587733081568,0.37226915186157683,0.035555906726738765,-0.22941573387056183,0.7378485751039278,0.6192390078990375,-1.0664257151086716,1.2338703138607572,1.882868015212173,-0.846997123989757,-1.6636638404904267,1.162730289189955,-0.13281995132697394,1.1010641138472963,0.0,0.0,0.0,0.0,0.0,0.0,0.0,0.0,0.0,0.0,0.0,0.0,0.0,0.0,0.0,0.0,0.0,0.0,0.0,0.0,0.0,0.0,0.0,0.0,0.0,0.0,0.0,0.0,0.0,0.0,1.0,0.0,0.0,0.0,0.0,0.0,0.0,0.0,0.0,0.0,0.0,0.0,0.0,0.0,0.0,0.0,0.0,0.0,0.0,0.0,611020
-1.4404198619165796,0.6498479975696623,1.0783408927325813,-1.7401756178180656,-1.386680362342817,4.358898943540674,-1.3652827553585742,-0.07947919565417831,0.25055571756643996,0.1359393384035598,-0.5368181637610334,0.41841906954941904,-0.3364865976695094,0.6039622300225701,1.3193718371806382,-0.524303604236727,0.0,0.0,0.0,0.0,1.0,0.0,0.0,0.0,0.0,0.0,0.0,0.0,0.0,0.0,0.0,0.0,0.0,0.0,0.0,0.0,0.0,0.0,0.0,0.0,0.0,0.0,0.0,0.0,0.0,0.0,0.0,0.0,0.0,0.0,0.0,0.0,0.0,0.0,0.0,0.0,0.0,0.0,0.0,0.0,0.0,0.0,0.0,0.0,0.0,0.0,516858
-0.735195939313603,0.21516706274045677,-2.8669123286286147,0.11863911672355867,0.7466740412615166,-0.22941573387056183,1.4388923519247618,1.3179572114522533,1.040744577171507,1.6279993819735974,1.8961232681846358,-1.3293896559998448,0.6091866117044666,1.5196024222235411,-2.614971335776823,-0.9762483968698055,0.0,0.0,0.0,0.0,0.0,0.0,0.0,0.0,0.0,0.0,0.0,0.0,0.0,0.0,0.0,0.0,0.0,0.0,0.0,0.0,0.0,0.0,0.0,0.0,1.0,0.0,0.0,0.0,0.0,0.0,0.0,0.0,0.0,0.0,0.0,0.0,0.0,0.0,0.0,0.0,0.0,0.0,0.0,0.0,0.0,0.0,0.0,0.0,0.0,0.0,50000
-1.4404198619165796,1.5192098672280734,0.6389943417395492,-0.135392867756992,-0.6755622278080391,-0.22941573387056183,0.03680479828309378,-1.47691560276061,-0.012840568968582357,0.33300387245997987,-0.5368181637610334,-1.3166775088317564,1.559751633371289,-0.2222210768304873,0.8622952403744314,-0.524303604236727,0.0,0.0,0.0,0.0,0.0,0.0,0.0,0.0,0.0,0.0,0.0,0.0,0.0,0.0,0.0,0.0,0.0,0.0,0.0,0.0,0.0,0.0,0.0,0.0,0.0,0.0,0.0,0.0,0.0,0.0,0.0,0.0,0.0,1.0,0.0,0.0,0.0,0.0,0.0,0.0,0.0,0.0,0.0,0.0,0.0,0.0,0.0,0.0,0.0,0.0,666895
0.6752519058923501,1.5192098672280734,-0.25546007149290184,-0.2035232813162536,-0.6755622278080391,-0.22941573387056183,0.03680479828309378,1.3179572114522533,-0.539633142038627,1.2057182375669828,-0.5368181637610334,0.5215658777115391,-0.8522059504728844,-0.8625369014799299,-0.06825531993955011,-0.524303604236727,0.0,0.0,0.0,0.0,0.0,0.0,0.0,1.0,0.0,0.0,0.0,0.0,0.0,0.0,0.0,0.0,0.0,0.0,0.0,0.0,0.0,0.0,0.0,0.0,0.0,0.0,0.0,0.0,0.0,0.0,0.0,0.0,0.0,0.0,0.0,0.0,0.0,0.0,0.0,0.0,0.0,0.0,0.0,0.0,0.0,0.0,0.0,0.0,0.0,0.0,182891
1.3804758284953267,-0.6541948069179543,-1.2326613687688834,0.4854178917844803,0.035555906726738765,-0.22941573387056183,0.7378485751039278,0.6192390078990375,0.25055571756643996,1.0649578560981114,-0.5368181637610334,1.4337925320952325,-1.579508433227415,-0.8362231845890539,-1.0848920554367634,-0.524303604236727,0.0,0.0,0.0,0.0,0.0,0.0,0.0,0.0,0.0,0.0,0.0,0.0,0.0,0.0,0.0,0.0,0.0,0.0,0.0,0.0,0.0,0.0,0.0,0.0,0.0,0.0,0.0,0.0,0.0,0.0,0.0,0.0,0.0,0.0,0.0,0.0,0.0,0.0,1.0,0.0,0.0,0.0,0.0,0.0,0.0,0.0,0.0,0.0,0.0,0.0,328144
-0.735195939313603,-1.5235566765763653,-1.9537413582910796,0.7247787252625941,-1.386680362342817,-0.22941573387056183,0.03680479828309378,-0.07947919565417831,0.25055571756643996,-0.8493833318785404,1.8732278312322002,0.1303514071146695,-1.4502676936205978,-0.35323633768427537,-1.8350715820334975,-0.524303604236727,0.0,0.0,0.0,0.0,0.0,0.0,0.0,1.0,0.0,0.0,0.0,0.0,0.0,0.0,0.0,0.0,0.0,0.0,0.0,0.0,0.0,0.0,0.0,0.0,0.0,0.0,0.0,0.0,0.0,0.0,0.0,0.0,0.0,0.0,0.0,0.0,0.0,0.0,0.0,0.0,0.0,0.0,0.0,0.0,0.0,0.0,0.0,0.0,0.0,0.0,50000
-0.02997201671062649,0.6498479975696623,0.9975641725948489,-0.6448636594169571,0.7466740412615166,-0.22941573387056183,0.03680479828309378,0.6192390078990375,0.7773482906364846,-1.2435123999913806,1.823821888334839,0.8591068380431469,-1.0626831091671503,1.0577750458536899,1.2353353328351024,-0.524303604236727,0.0,0.0,0.0,0.0,0.0,0.0,0.0,0.0,0.0,0.0,0.0,0.0,0.0,0.0,0.0,0.0,0.0,0.0,0.0,0.0,0.0,0.0,0.0,0.0,0.0,0.0,0.0,0.0,0.0,0.0,0.0,1.0,0.0,0.0,0.0,0.0,0.0,0.0,0.0,0.0,0.0,0.0,0.0,0.0,0.0,0.0,0.0,0.0,0.0,0.0,188046
0.6752519058923501,-0.21951387208874876,-0.2968335135146672,0.12386445817648138,0.7466740412615166,-0.22941573387056183,-0.6642389785377402,-1.47691560276061,-0.012840568968582357,-0.39895011117815177,-0.5368181637610334,-1.641023111722805,-0.28556446145904385,0.8077790253860767,-0.8245838590493721,1.3705974540320842,0.0,0.0,0.0,0.0,0.0,0.0,0.0,0.0,1.0,0.0,0.0,0.0,0.0,0.0,0.0,0.0,0.0,0.0,0.0,0.0,0.0,0.0,0.0,0.0,0.0,0.0,0.0,0.0,0.0,0.0,0.0,0.0,0.0,0.0,0.0,0.0,0.0,0.0,0.0,0.0,0.0,0.0,0.0,0.0,0.0,0.0,0.0,0.0,0.0,0.0,134172
1.3804758284953267,-0.21951387208874876,0.6074717192467756,0.6106251119833593,0.7466740412615166,-0.22941573387056183,0.03680479828309378,1.3179572114522533,1.5675371502415514,-1.0745999422287347,-0.5368181637610334,1.4027927346151576,1.6752531592702007,0.8464575530652955,0.5394720834373122,0.24345803144115344,0.0,1.0,0.0,0.0,0.0,0.0,0.0,0.0,0.0,0.0,0.0,0.0,0.0,0.0,0.0,0.0,0.0,0.0,0.0,0.0,0.0,0.0,0.0,0.0,0.0,0.0,0.0,0.0,0.0,0.0,0.0,0.0,0.0,0.0,0.0,0.0,0.0,0.0,0.0,0.0,0.0,0.0,0.0,0.0,0.0,0.0,0.0,0.0,0.0,0.0,149478
-0.02997201671062649,-0.6541948069179543,1.6861364576713722,0.8190358460864693,-1.386680362342817,-0.22941573387056183,1.4388923519247618,0.6192390078990375,-0.27623685550360466,0.33300387245997987,-0.5368181637610334,1.5628840148869596,0.07678795582521641,1.1796126995187708,1.9516952906098526,-0.524303604236727,0.0,0.0,0.0,0.0,0.0,0.0,0.0,0.0,0.0,0.0,0.0,0.0,0.0,0.0,0.0,0.0,0.0,0.0,0.0,0.0,0.0,1.0,0.0,0.0,0.0,0.0,0.0,0.0,0.0,0.0,0.0,0.0,0.0,0.0,0.0,0.0,0.0,0.0,0.0,0.0,0.0,0.0,0.0,0.0,0.0,0.0,0.0,0.0,0.0,0.0,630961
0.6752519058923501,1.5192098672280734,0.6537705710330367,0.3023299662609189,-0.6755622278080391,-0.22941573387056183,-1.3652827553585742,0.6192390078990375,1.040744577171507,-0.03297311935908596,1.8816629922146766,1.6533186758809915,-1.6102772281025646,1.2447081375585827,0.8776677716571514,-0.524303604236727,0.0,0.0,0.0,0.0,0.0,0.0,0.0,0.0,0.0,0.0,0.0,0.0,0.0,0.0,0.0,0.0,0.0,0.0,0.0,0.0,0.0,1.0,0.0,0.0,0.0,0.0,0.0,0.0,0.0,0.0,0.0,0.0,0.0,0.0,0.0,0.0,0.0,0.0,0.0,0.0,0.0,0.0,0.0,0.0,0.0,0.0,0.0,0.0,0.0,0.0,368645
1.3804758284953267,-0.6541948069179543,-0.14217564690949672,0.22716543920733823,-1.386680362342817,-0.22941573387056183,0.03680479828309378,0.6192390078990375,1.5675371502415514,0.3893080250475284,1.8720228082347037,-0.29461344251326493,-1.6457464117604599,-0.7633832651854393,0.04960075322796957,-0.524303604236727,0.0,0.0,0.0,0.0,0.0,0.0,0.0,0.0,0.0,0.0,0.0,0.0,0.0,0.0,0.0,0.0,0.0,0.0,0.0,0.0,0.0,0.0,0.0,0.0,0.0,0.0,0.0,0.0,0.0,0.0,0.0,0.0,0.0,0.0,0.0,0.0,0.0,0.0,0.0,0.0,0.0,0.0,0.0,0.0,1.0,0.0,0.0,0.0,0.0,0.0,637000
1.3804758284953267,0.21516706274045677,0.37597746031546936,0.7601502674054555,1.4577921757962944,-0.22941573387056183,0.7378485751039278,1.3179572114522533,1.3041408637065293,1.1775661612732087,-0.5368181637610334,0.334860862432862,0.3686981049830065,-0.8981785027129336,0.5886641835420161,-0.524303604236727,0.0,0.0,0.0,0.0,0.0,0.0,0.0,0.0,0.0,0.0,0.0,0.0,0.0,0.0,0.0,0.0,0.0,0.0,0.0,0.0,0.0,0.0,0.0,0.0,0.0,0.0,0.0,0.0,0.0,0.0,0.0,0.0,0.0,0.0,0.0,0.0,0.0,0.0,0.0,0.0,1.0,0.0,0.0,0.0,0.0,0.0,0.0,0.0,0.0,0.0,930885
1.3804758284953267,0.21516706274045677,-1.4277075954429201,-1.30968787196574,0.035555906726738765,-0.22941573387056183,-1.3652827553585742,-1.47691560276061,1.5675371502415514,-1.187208247403832,-0.5368181637610334,1.101120844509296,-0.7182951985926753,0.8415531099931024,-1.287809468368667,-0.524303604236727,0.0,0.0,0.0,0.0,0.0,0.0,0.0,0.0,0.0,0.0,0.0,0.0,0.0,0.0,0.0,0.0,0.0,0.0,0.0,0.0,0.0,0.0,0.0,0.0,0.0,0.0,1.0,0.0,0.0,0.0,0.0,0.0,0.0,0.0,0.0,0.0,0.0,0.0,0.0,0.0,0.0,0.0,0.0,0.0,0.0,0.0,0.0,0.0,0.0,0.0,50000
-1.4404198619165796,1.0845289323988678,-0.5972835091489156,1.5811317995281213,-1.386680362342817,-0.22941573387056183,1.4388923519247618,-1.47691560276061,0.25055571756643996,1.5435431530922745,-0.5368181637610334,-1.037604991469163,0.3466659402029393,-0.2791959793618019,-0.4238732102798052,-0.524303604236727,0.0,0.0,0.0,0.0,0.0,0.0,0.0,0.0,0.0,0.0,0.0,0.0,0.0,0.0,0.0,0.0,0.0,0.0,0.0,0.0,0.0,0.0,0.0,0.0,0.0,0.0,0.0,0.0,0.0,0.0,0.0,0.0,0.0,0.0,0.0,0.0,0.0,0.0,0.0,0.0,0.0,0.0,1.0,0.0,0.0,0.0,0.0,0.0,0.0,0.0,228671
0.6752519058923501,0.21516706274045677,-0.03972712380798251,-0.9173853136540036,-0.6755622278080391,-0.22941573387056183,-0.6642389785377402,-0.07947919565417831,-1.0664257151086716,1.5435431530922745,-0.5368181637610334,-1.5366868628899866,-0.9594827498105962,0.1627125711131901,-0.7159513046514844,1.7925940977557417,0.0,0.0,0.0,0.0,0.0,0.0,0.0,0.0,0.0,0.0,0.0,1.0,0.0,0.0,0.0,0.0,0.0,0.0,0.0,0.0,0.0,0.0,0.0,0.0,0.0,0.0,0.0,0.0,0.0,0.0,0.0,0.0,0.0,0.0,0.0,0.0,0.0,0.0,0.0,0.0,0.0,0.0,0.0,0.0,0.0,0.0,0.0,0.0,0.0,0.0,115902
-0.02997201671062649,1.5192098672280734,0.35726090321038506,0.739449876265031,1.4577921757962944,-0.22941573387056183,-0.6642389785377402,0.6192390078990375,0.5139520041014622,0.27669971987243125,1.88045796921718,-0.07122161654773657,0.772895769065269,-0.9022226215681755,-0.482288829154141,2.2663193623229447,0.0,0.0,0.0,0.0,0.0,0.0,0.0,0.0,0.0,0.0,0.0,0.0,0.0,0.0,0.0,0.0,0.0,0.0,0.0,0.0,0.0,0.0,0.0,0.0,0.0,0.0,0.0,0.0,0.0,0.0,0.0,0.0,1.0,0.0,0.0,0.0,0.0,0.0,0.0,0.0,0.0,0.0,0.0,0.0,0.0,0.0,0.0,0.0,0.0,0.0,423004
0.6752519058923501,-0.6541948069179543,-1.657231690468428,-0.3763614986052359,0.7466740412615166,-0.22941573387056183,0.7378485751039278,-0.7781973992073942,0.7773482906364846,-0.45525426376570033,-0.5368181637610334,-1.5453103077525494,-0.09825011322578282,1.2966896552309894,-1.5265961209602503,-0.524303604236727,0.0,0.0,0.0,0.0,0.0,0.0,0.0,0.0,0.0,0.0,0.0,0.0,0.0,0.0,0.0,0.0,0.0,0.0,0.0,0.0,0.0,0.0,0.0,0.0,0.0,0.0,0.0,0.0,0.0,0.0,0.0,0.0,0.0,0.0,0.0,0.0,0.0,0.0,0.0,0.0,0.0,0.0,0.0,0.0,0.0,1.0,0.0,0.0,0.0,0.0,50000
-0.735195939313603,0.6498479975696623,-0.3963267907574839,-0.6048696998349717,1.4577921757962944,-0.22941573387056183,0.03680479828309378,-1.47691560276061,-0.27623685550360466,0.5300684065163999,-0.5368181637610334,1.3287128828432277,-1.2506703153738268,-1.4381214375915532,-0.21480678483481372,-0.524303604236727,0.0,0.0,0.0,0.0,0.0,0.0,0.0,0.0,0.0,0.0,0.0,0.0,0.0,0.0,0.0,0.0,0.0,0.0,0.0,0.0,0.0,1.0,0.0,0.0,0.0,0.0,0.0,0.0,0.0,0.0,0.0,0.0,0.0,0.0,0.0,0.0,0.0,0.0,0.0,0.0,0.0,0.0,0.0,0.0,0.0,0.0,0.0,0.0,0.0,0.0,217532
-0.735195939313603,-1.0888757417471597,1.4497167889755702,0.47798182894762875,-0.6755622278080391,-0.22941573387056183,0.03680479828309378,0.6192390078990375,-1.0664257151086716,1.684303534561146,1.8997383371771257,-0.8342478068007094,-1.262602907280859,-0.4936940561864209,1.705734790086333,-0.524303604236727,0.0,0.0,0.0,0.0,0.0,0.0,0.0,0.0,0.0,0.0,0.0,0.0,0.0,0.0,0.0,0.0,0.0,0.0,0.0,0.0,0.0,0.0,0.0,0.0,0.0,0.0,0.0,0.0,0.0,0.0,0.0,0.0,0.0,0.0,0.0,0.0,0.0,0.0,0.0,0.0,0.0,0.0,0.0,0.0,0.0,0.0,0.0,0.0,1.0,0.0,328536
-0.735195939313603,-0.6541948069179543,0.930578599797705,-0.7915751694413258,0.7466740412615166,-0.22941573387056183,-1.3652827553585742,-1.47691560276061,-0.27623685550360466,-1.6939456206917691,-0.5368181637610334,1.2069067241595277,1.216276805545901,-1.1731280403669526,1.1656465243534386,-0.524303604236727,0.0,0.0,0.0,0.0,0.0,0.0,0.0,0.0,0.0,0.0,0.0,0.0,0.0,0.0,0.0,0.0,0.0,0.0,0.0,0.0,0.0,0.0,0.0,0.0,0.0,0.0,0.0,0.0,0.0,0.0,0.0,0.0,0.0,0.0,0.0,0.0,0.0,1.0,0.0,0.0,0.0,0.0,0.0,0.0,0.0,0.0,0.0,0.0,0.0,0.0,136660
0.6752519058923501,-1.5235566765763653,1.5511802301241853,-0.6217515722213374,1.4577921757962944,-0.22941573387056183,-1.3652827553585742,1.3179572114522533,0.7773482906364846,0.33300387245997987,1.864792670249724,-1.2106314390348092,0.8561050312039127,-0.7010711953322213,1.811292838227677,-0.524303604236727,0.0,0.0,0.0,0.0,0.0,0.0,0.0,0.0,0.0,0.0,0.0,0.0,0.0,0.0,0.0,0.0,1.0,0.0,0.0,0.0,0.0,0.0,0.0,0.0,0.0,0.0,0.0,0.0,0.0,0.0,0.0,0.0,0.0,0.0,0.0,0.0,0.0,0.0,0.0,0.0,0.0,0.0,0.0,0.0,0.0,0.0,0.0,0.0,0.0,0.0,373382
-1.4404198619165796,0.21516706274045677,0.025288285083363046,0.7454791164030187,1.4577921757962944,-0.22941573387056183,0.03680479828309378,0.6192390078990375,1.040744577171507,-0.9901437133474119,-0.5368181637610334,-1.3003226996096546,1.1637895898894537,1.6967307340024311,-0.6308899648871006,1.7463105948957278,0.0,0.0,0.0,1.0,0.0,0.0,0.0,0.0,0.0,0.0,0.0,0.0,0.0,0.0,0.0,0.0,0.0,0.0,0.0,0.0,0.0,0.0,0.0,0.0,0.0,0.0,0.0,0.0,0.0,0.0,0.0,0.0,0.0,0.0,0.0,0.0,0.0,0.0,0.0,0.0,0.0,0.0,0.0,0.0,0.0,0.0,0.0,0.0,0.0,0.0,215569
1.3804758284953267,-0.6541948069179543,0.4606945082647984,0.11502157264076601,1.4577921757962944,-0.22941573387056183,0.7378485751039278,1.3179572114522533,-1.329822001643694,1.0931099323918858,-0.5368181637610334,-0.6660162919388156,0.28857619781219984,-0.578628500639243,0.6768000295629439,-0.524303604236727,0.0,0.0,0.0,1.0,0.0,0.0,0.0,0.0,0.0,0.0,0.0,0.0,0.0,0.0,0.0,0.0,0.0,0.0,0.0,0.0,0.0,0.0,0.0,0.0,0.0,0.0,0.0,0.0,0.0,0.0,0.0,0.0,0.0,0.0,0.0,0.0,0.0,0.0,0.0,0.0,0.0,0.0,0.0,0.0,0.0,0.0,0.0,0.0,0.0,0.0,156589
1.3804758284953267,1.0845289323988678,0.033168940706556446,0.18777440363915157,1.4577921757962944,-0.22941573387056183,0.03680479828309378,-0.7781973992073942,1.040744577171507,1.6561514582673715,-0.5368181637610334,-1.0428459644244275,-0.343805127871203,-1.4608882982888722,0.23202145778291308,-0.524303604236727,0.0,0.0,0.0,0.0,0.0,0.0,1.0,0.0,0.0,0.0,0.0,0.0,0.0,0.0,0.0,0.0,0.0,0.0,0.0,0.0,0.0,0.0,0.0,0.0,0.0,0.0,0.0,0.0,0.0,0.0,0.0,0.0,0.0,0.0,0.0,0.0,0.0,0.0,0.0,0.0,0.0,0.0,0.0,0.0,0.0,0.0,0.0,0.0,0.0,0.0,482748
0.6752519058923501,0.6498479975696623,0.3818879520328644,-0.34400457653136823,1.4577921757962944,-0.22941573387056183,0.03680479828309378,1.3179572114522533,1.040744577171507,0.3893080250475284,-0.5368181637610334,1.6187877264097807,1.3572860816181949,0.10931844887091764,0.5948131960551042,-0.524303604236727,0.0,0.0,0.0,0.0,0.0,0.0,0.0,0.0,0.0,0.0,0.0,0.0,0.0,0.0,0.0,0.0,0.0,0.0,0.0,0.0,0.0,0.0,0.0,0.0,0.0,0.0,0.0,0.0,0.0,0.0,0.0,0.0,0.0,0.0,0.0,0.0,0.0,0.0,0.0,0.0,0.0,0.0,0.0,0.0,0.0,0.0,0.0,1.0,0.0,0.0,50000
-0.02997201671062649,-1.5235566765763653,-1.2139448116637992,0.08889486537615242,1.4577921757962944,-0.22941573387056183,-1.3652827553585742,-0.07947919565417831,1.040744577171507,0.1640914146973341,-0.5368181637610334,-0.25391226956280677,-0.7387812955017785,-1.2957582156915666,-1.248865722452443,-0.03696554471069649,0.0,0.0,0.0,0.0,0.0,0.0,0.0,0.0,0.0,0.0,0.0,0.0,0.0,0.0,0.0,0.0,0.0,0.0,0.0,0.0,0.0,0.0,0.0,0.0,0.0,0.0,0.0,0.0,0.0,0.0,0.0,0.0,0.0,0.0,0.0,0.0,0.0,0.0,0.0,0.0,0.0,0.0,0.0,0.0,1.0,0.0,0.0,0.0,0.0,0.0,72651
-1.4404198619165796,-0.21951387208874876,-0.25546007149290184,1.1215027263421882,0.7466740412615166,-0.22941573387056183,-0.6642389785377402,-1.47691560276061,1.3041408637065293,0.6708287879852713,1.8684077392422138,0.12395816350966601,-1.1688649524924677,-1.5218679516014837,-0.06825531993955011,-0.524303604236727,0.0,0.0,0.0,0.0,0.0,0.0,0.0,0.0,0.0,0.0,0.0,0.0,0.0,0.0,0.0,0.0,0.0,0.0,0.0,0.0,0.0,0.0,0.0,0.0,0.0,0.0,0.0,0.0,0.0,0.0,0.0,0.0,0.0,0.0,0.0,0.0,0.0,0.0,1.0,0.0,0.0,0.0,0.0,0.0,0.0,0.0,0.0,0.0,0.0,0.0,165827
-0.02997201671062649,-0.6541948069179543,-0.24068384219941422,-0.3693273851109168,-0.6755622278080391,-0.22941573387056183,0.7378485751039278,-0.07947919565417831,1.5675371502415514,-1.384272781460252,-0.5368181637610334,-0.9789135283743926,1.2155456202924129,-1.6692836767945638,-0.05288278865683015,-0.524303604236727,0.0,0.0,0.0,0.0,0.0,0.0,0.0,0.0,0.0,0.0,0.0,0.0,0.0,0.0,0.0,0.0,0.0,0.0,0.0,0.0,1.0,0.0,0.0,0.0,0.0,0.0,0.0,0.0,0.0,0.0,0.0,0.0,0.0,0.0,0.0,0.0,0.0,0.0,0.0,0.0,0.0,0.0,0.0,0.0,0.0,0.0,0.0,0.0,0.0,0.0,61900
-0.735195939313603,1.5192098672280734,-0.8937931769715673,-0.15307863882842274,-1.386680362342817,-0.22941573387056183,-1.3652827553585742,1.3179572114522533,1.3041408637065293,1.402782771623403,-0.5368181637610334,0.656976264066351,-1.6968430813838107,-0.28533337319994895,-0.7323486713530524,-0.524303604236727,0.0,0.0,0.0,0.0,0.0,0.0,0.0,0.0,0.0,0.0,0.0,0.0,0.0,0.0,0.0,0.0,0.0,0.0,0.0,0.0,0.0,0.0,0.0,0.0,0.0,0.0,0.0,0.0,0.0,0.0,0.0,0.0,0.0,0.0,0.0,0.0,0.0,0.0,0.0,1.0,0.0,0.0,0.0,0.0,0.0,0.0,0.0,0.0,0.0,0.0,247809
-1.4404198619165796,1.0845289323988678,0.43902270530101656,0.7159358397268787,0.7466740412615166,-0.22941573387056183,-1.3652827553585742,1.3179572114522533,-1.5932182881787162,-1.5250331629291234,-0.5368181637610334,-0.2504554576135898,-1.266190062675223,-0.9892540187355815,0.654253650348288,-0.524303604236727,0.0,0.0,0.0,0.0,0.0,0.0,0.0,0.0,0.0,0.0,0.0,0.0,0.0,0.0,0.0,0.0,0.0,0.0,0.0,0.0,0.0,0.0,0.0,0.0,0.0,0.0,0.0,0.0,0.0,0.0,0.0,1.0,0.0,0.0,0.0,0.0,0.0,0.0,0.0,0.0,0.0,0.0,0.0,0.0,0.0,0.0,0.0,0.0,0.0,0.0,101506
-0.02997201671062649,0.6498479975696623,0.8429063059896784,1.3799561535905966,-1.386680362342817,-0.22941573387056183,0.03680479828309378,-0.07947919565417831,1.5675371502415514,-1.5813373155166721,-0.5368181637610334,-0.7382376426627792,-1.2265836676299433,0.9843922799029305,1.074436172075967,-0.524303604236727,0.0,0.0,1.0,0.0,0.0,0.0,0.0,0.0,0.0,0.0,0.0,0.0,0.0,0.0,0.0,0.0,0.0,0.0,0.0,0.0,0.0,0.0,0.0,0.0,0.0,0.0,0.0,0.0,0.0,0.0,0.0,0.0,0.0,0.0,0.0,0.0,0.0,0.0,0.0,0.0,0.0,0.0,0.0,0.0,0.0,0.0,0.0,0.0,0.0,0.0,50000
0.6752519058923501,-0.6541948069179543,-1.510454479486451,-0.2499484303787593,0.7466740412615166,-0.22941573387056183,1.4388923519247618,-1.47691560276061,1.040744577171507,-1.2998165525789291,-0.5368181637610334,-1.4365136564046124,1.0878514021322196,-0.8509637471126976,-1.3738956435518987,-0.524303604236727,1.0,0.0,0.0,0.0,0.0,0.0,0.0,0.0,0.0,0.0,0.0,0.0,0.0,0.0,0.0,0.0,0.0,0.0,0.0,0.0,0.0,0.0,0.0,0.0,0.0,0.0,0.0,0.0,0.0,0.0,0.0,0.0,0.0,0.0,0.0,0.0,0.0,0.0,0.0,0.0,0.0,0.0,0.0,0.0,0.0,0.0,0.0,0.0,0.0,0.0,50000
-0.02997201671062649,1.5192098672280734,1.3718953146965354,0.6494132235377472,0.035555906726738765,-0.22941573387056183,0.7378485751039278,-1.47691560276061,0.5139520041014622,-0.9619916370536375,-0.5368181637610334,0.624006455475432,-1.5805068473460433,-0.6146428599510785,1.6247727919973414,-0.524303604236727,0.0,0.0,1.0,0.0,0.0,0.0,0.0,0.0,0.0,0.0,0.0,0.0,0.0,0.0,0.0,0.0,0.0,0.0,0.0,0.0,0.0,0.0,0.0,0.0,0.0,0.0,0.0,0.0,0.0,0.0,0.0,0.0,0.0,0.0,0.0,0.0,0.0,0.0,0.0,0.0,0.0,0.0,0.0,0.0,0.0,0.0,0.0,0.0,0.0,0.0,227346
1.3804758284953267,-1.0888757417471597,0.7611445038990469,-0.07168389696558806,-1.386680362342817,-0.22941573387056183,0.7378485751039278,-0.07947919565417831,-0.012840568968582357,-0.4271021874719261,1.8756378772271933,-1.236984983894969,-0.6671978178797119,-0.046152636940795105,0.9893748323115831,-0.524303604236727,0.0,0.0,0.0,0.0,0.0,0.0,0.0,0.0,0.0,0.0,0.0,0.0,0.0,0.0,0.0,0.0,0.0,0.0,0.0,0.0,0.0,0.0,0.0,0.0,0.0,0.0,0.0,0.0,0.0,0.0,0.0,0.0,0.0,0.0,0.0,0.0,0.0,0.0,0.0,0.0,0.0,0.0,0.0,0.0,1.0,0.0,0.0,0.0,0.0,0.0,172151
-0.02997201671062649,-0.21951387208874876,0.24594664253277826,1.0057413156928234,-1.386680362342817,-0.22941573387056183,-1.3652827553585742,-0.07947919565417831,-0.8030294285736492,-1.4124248577540264,1.7840561294174506,0.9176124510331206,1.1378925143861383,0.32303504038769393,0.4533859082540805,-0.524303604236727,0.0,0.0,0.0,0.0,0.0,0.0,1.0,0.0,0.0,0.0,0.0,0.0,0.0,0.0,0.0,0.0,0.0,0.0,0.0,0.0,0.0,0.0,0.0,0.0,0.0,0.0,0.0,0.0,0.0,0.0,0.0,0.0,0.0,0.0,0.0,0.0,0.0,0.0,0.0,0.0,0.0,0.0,0.0,0.0,0.0,0.0,0.0,0.0,0.0,0.0,174674
1.3804758284953267,0.21516706274045677,-0.04957794333697426,0.035033653476795164,-1.386680362342817,-0.22941573387056183,0.7378485751039278,-0.07947919565417831,0.25055571756643996,1.2620223901545315,-0.5368181637610334,0.558327028440309,0.8676449359677789,-1.6400920641398549,0.14593528259968133,-0.524303604236727,0.0,0.0,0.0,0.0,0.0,0.0,0.0,0.0,0.0,0.0,0.0,0.0,0.0,0.0,0.0,0.0,0.0,0.0,0.0,0.0,0.0,0.0,0.0,0.0,0.0,0.0,1.0,0.0,0.0,0.0,0.0,0.0,0.0,0.0,0.0,0.0,0.0,0.0,0.0,0.0,0.0,0.0,0.0,0.0,0.0,0.0,0.0,0.0,0.0,0.0,256438
1.3804758284953267,0.21516706274045677,0.6419495875982466,0.9850409245523988,0.035555906726738765,-0.22941573387056183,-0.6642389785377402,-0.7781973992073942,-0.27623685550360466,0.8397412457479171,1.8744328542296969,1.563627415306146,-1.5644956619393833,0.2931039492115471,0.22074826817558513,1.1854634425920278,0.0,0.0,0.0,0.0,0.0,0.0,1.0,0.0,0.0,0.0,0.0,0.0,0.0,0.0,0.0,0.0,0.0,0.0,0.0,0.0,0.0,0.0,0.0,0.0,0.0,0.0,0.0,0.0,0.0,0.0,0.0,0.0,0.0,0.0,0.0,0.0,0.0,0.0,0.0,0.0,0.0,0.0,0.0,0.0,0.0,0.0,0.0,0.0,0.0,0.0,200664
0.6752519058923501,0.21516706274045677,0.8399510601309809,0.3955822137284628,-0.6755622278080391,-0.22941573387056183,-1.3652827553585742,-0.7781973992073942,1.5675371502415514,-0.4271021874719261,-0.5368181637610334,1.0800826126463194,1.3255090518762425,1.2998623985650246,1.071361665819423,-0.524303604236727,0.0,0.0,0.0,0.0,0.0,0.0,0.0,0.0,0.0,0.0,0.0,1.0,0.0,0.0,0.0,0.0,0.0,0.0,0.0,0.0,0.0,0.0,0.0,0.0,0.0,0.0,0.0,0.0,0.0,0.0,0.0,0.0,0.0,0.0,0.0,0.0,0.0,0.0,0.0,0.0,0.0,0.0,0.0,0.0,0.0,0.0,0.0,0.0,0.0,0.0,413682
-0.735195939313603,0.21516706274045677,0.20260303660521456,1.7762782053276582,1.4577921757962944,-0.22941573387056183,-0.6642389785377402,-1.47691560276061,0.5139520041014622,0.6708287879852713,-0.5368181637610334,-0.5945383416340384,0.42006297365268147,-0.915964986572889,-0.496636525018013,1.8769934265004733,0.0,0.0,0.0,0.0,0.0,0.0,0.0,0.0,0.0,0.0,0.0,0.0,0.0,0.0,0.0,0.0,0.0,0.0,0.0,0.0,0.0,0.0,0.0,0.0,0.0,0.0,0.0,0.0,0.0,0.0,0.0,0.0,0.0,0.0,0.0,0.0,0.0,0.0,1.0,0.0,0.0,0.0,0.0,0.0,0.0,0.0,0.0,0.0,0.0,0.0,305271
1.3804758284953267,1.0845289323988678,-0.37465498779370204,-0.9208018830655299,0.035555906726738765,-0.22941573387056183,0.03680479828309378,-1.47691560276061,0.25055571756643996,1.3746306953296286,-0.5368181637610334,1.2371631212204164,-1.275322133963478,-0.21513114883286222,-0.9055458571383639,1.3705974540320842,0.0,0.0,0.0,0.0,0.0,0.0,0.0,0.0,0.0,0.0,0.0,0.0,0.0,0.0,0.0,0.0,0.0,0.0,0.0,0.0,0.0,0.0,0.0,1.0,0.0,0.0,0.0,0.0,0.0,0.0,0.0,0.0,0.0,0.0,0.0,0.0,0.0,0.0,0.0,0.0,0.0,0.0,0.0,0.0,0.0,0.0,0.0,0.0,0.0,0.0,50000
1.3804758284953267,1.0845289323988678,-1.0583018631057295,-0.5403568303585027,-0.6755622278080391,-0.22941573387056183,-1.3652827553585742,0.6192390078990375,-0.012840568968582357,-0.34264595859060315,-0.5368181637610334,-0.7768572944395153,1.70258095339348,0.27108416115574135,-1.3718459727142027,0.7171832960083562,0.0,0.0,0.0,0.0,0.0,0.0,0.0,0.0,0.0,0.0,0.0,0.0,0.0,0.0,0.0,0.0,0.0,0.0,0.0,0.0,0.0,0.0,1.0,0.0,0.0,0.0,0.0,0.0,0.0,0.0,0.0,0.0,0.0,0.0,0.0,0.0,0.0,0.0,0.0,0.0,0.0,0.0,0.0,0.0,0.0,0.0,0.0,0.0,0.0,0.0,128316
-0.02997201671062649,-0.6541948069179543,-0.09193646731163879,0.667098994609178,0.035555906726738765,-0.22941573387056183,1.4388923519247618,-0.07947919565417831,-1.5932182881787162,-1.6376414681042206,-0.5368181637610334,0.2498158544779321,1.319033945469991,0.12438228516965584,0.10186735958921744,-0.524303604236727,0.0,0.0,0.0,0.0,0.0,0.0,0.0,0.0,1.0,0.0,0.0,0.0,0.0,0.0,0.0,0.0,0.0,0.0,0.0,0.0,0.0,0.0,0.0,0.0,0.0,0.0,0.0,0.0,0.0,0.0,0.0,0.0,0.0,0.0,0.0,0.0,0.0,0.0,0.0,0.0,0.0,0.0,0.0,0.0,0.0,0.0,0.0,0.0,0.0,0.0,147492
-1.4404198619165796,0.21516706274045677,0.4291718857720248,-0.3229022360484111,0.035555906726738765,-0.22941573387056183,1.4388923519247618,-0.07947919565417831,-0.27623685550360466,1.684303534561146,-0.5368181637610334,-0.23673971987959977,-1.344677984744384,-1.6680307563564265,0.6440052961598081,-0.524303604236727,0.0,0.0,0.0,0.0,0.0,0.0,0.0,0.0,1.0,0.0,0.0,0.0,0.0,0.0,0.0,0.0,0.0,0.0,0.0,0.0,0.0,0.0,0.0,0.0,0.0,0.0,0.0,0.0,0.0,0.0,0.0,0.0,0.0,0.0,0.0,0.0,0.0,0.0,0.0,0.0,0.0,0.0,0.0,0.0,0.0,0.0,0.0,0.0,0.0,0.0,302028
-0.02997201671062649,-0.21951387208874876,1.4684333460806545,-2.5923082239870014,0.035555906726738765,-0.22941573387056183,-1.3652827553585742,-0.07947919565417831,0.7773482906364846,-0.1737335008279574,-0.5368181637610334,0.26182177124779327,-0.7935814662808863,0.9009599770699367,1.2824777621021104,0.6518418802059834,0.0,0.0,0.0,0.0,0.0,0.0,0.0,0.0,0.0,0.0,0.0,0.0,1.0,0.0,0.0,0.0,0.0,0.0,0.0,0.0,0.0,0.0,0.0,0.0,0.0,0.0,0.0,0.0,0.0,0.0,0.0,0.0,0.0,0.0,0.0,0.0,0.0,0.0,0.0,0.0,0.0,0.0,0.0,0.0,0.0,0.0,0.0,0.0,0.0,0.0,248243
-1.4404198619165796,1.0845289323988678,-1.566604150801704,1.2461070225272686,0.035555906726738765,-0.22941573387056183,1.4388923519247618,0.6192390078990375,1.3041408637065293,1.3464786190358544,1.892508199192146,-0.10943239809392012,-1.6682794980390836,0.6549142669717786,-1.609607789886938,-0.05330089866128969,1.0,0.0,0.0,0.0,0.0,0.0,0.0,0.0,0.0,0.0,0.0,0.0,0.0,0.0,0.0,0.0,0.0,0.0,0.0,0.0,0.0,0.0,0.0,0.0,0.0,0.0,0.0,0.0,0.0,0.0,0.0,0.0,0.0,0.0,0.0,0.0,0.0,0.0,0.0,0.0,0.0,0.0,0.0,0.0,0.0,0.0,0.0,0.0,0.0,0.0,50000
0.6752519058923501,-1.5235566765763653,0.32573828071761146,1.893446438675887,0.7466740412615166,-0.22941573387056183,0.7378485751039278,-0.7781973992073942,1.3041408637065293,-0.6804708741158947,-0.5368181637610334,0.989573611610369,-1.1585489973437018,-0.5421414997378827,-0.11642258462540599,1.2072439145261522,0.0,0.0,1.0,0.0,0.0,0.0,0.0,0.0,0.0,0.0,0.0,0.0,0.0,0.0,0.0,0.0,0.0,0.0,0.0,0.0,0.0,0.0,0.0,0.0,0.0,0.0,0.0,0.0,0.0,0.0,0.0,0.0,0.0,0.0,0.0,0.0,0.0,0.0,0.0,0.0,0.0,0.0,0.0,0.0,0.0,0.0,0.0,0.0,0.0,0.0,130356
0.6752519058923501,0.21516706274045677,0.5680684411308086,-0.3403870324485756,0.035555906726738765,-0.22941573387056183,-1.3652827553585742,0.6192390078990375,1.3041408637065293,1.2338703138607572,-0.5368181637610334,0.6990155577713448,-0.21686821098335501,-1.370793376419719,0.7885070902173756,-0.524303604236727,0.0,0.0,0.0,0.0,0.0,0.0,0.0,0.0,0.0,0.0,0.0,0.0,0.0,0.0,0.0,0.0,0.0,0.0,0.0,0.0,0.0,0.0,0.0,0.0,0.0,0.0,0.0,0.0,0.0,0.0,0.0,0.0,0.0,0.0,1.0,0.0,0.0,0.0,0.0,0.0,0.0,0.0,0.0,0.0,0.0,0.0,0.0,0.0,0.0,0.0,147706
-0.735195939313603,-1.0888757417471597,-0.9410771107107277,1.416131594418523,0.7466740412615166,-0.22941573387056183,-1.3652827553585742,-0.07947919565417831,1.3041408637065293,1.684303534561146,1.8997383371771257,-1.0938804032015772,0.018355148791396256,0.1082676977736058,-1.285759797530971,0.8124728607201499,0.0,0.0,0.0,0.0,0.0,0.0,0.0,0.0,0.0,0.0,0.0,0.0,0.0,0.0,0.0,0.0,0.0,0.0,0.0,0.0,0.0,0.0,0.0,0.0,0.0,0.0,0.0,0.0,0.0,0.0,0.0,0.0,0.0,0.0,0.0,0.0,0.0,0.0,0.0,0.0,0.0,0.0,0.0,0.0,0.0,0.0,0.0,0.0,0.0,1.0,50515
0.6752519058923501,0.21516706274045677,1.3935671176603173,-0.23366948200619236,0.035555906726738765,-0.22941573387056183,-1.3652827553585742,1.3179572114522533,-0.012840568968582357,-0.5960146452345718,1.8382821643047984,-1.3256726539039125,-1.4372354809458907,0.5179971992725854,1.6473191712119974,-0.524303604236727,0.0,0.0,0.0,0.0,0.0,0.0,0.0,0.0,0.0,0.0,0.0,0.0,0.0,0.0,0.0,0.0,0.0,0.0,0.0,0.0,0.0,0.0,1.0,0.0,0.0,0.0,0.0,0.0,0.0,0.0,0.0,0.0,0.0,0.0,0.0,0.0,0.0,0.0,0.0,0.0,0.0,0.0,0.0,0.0,0.0,0.0,0.0,0.0,0.0,0.0,723064
-1.4404198619165796,0.21516706274045677,0.5986059816706829,0.031617084065268766,0.7466740412615166,-0.22941573387056183,-1.3652827553585742,0.6192390078990375,1.040744577171507,1.599847305679823,-0.5368181637610334,0.7483773456053251,-0.9886234109467817,-0.40456174690626784,0.8202769882016635,-0.524303604236727,0.0,0.0,0.0,0.0,0.0,0.0,0.0,0.0,0.0,0.0,0.0,0.0,0.0,0.0,0.0,0.0,0.0,0.0,0.0,0.0,0.0,0.0,1.0,0.0,0.0,0.0,0.0,0.0,0.0,0.0,0.0,0.0,0.0,0.0,0.0,0.0,0.0,0.0,0.0,0.0,0.0,0.0,0.0,0.0,0.0,0.0,0.0,0.0,0.0,0.0,329756
1.3804758284953267,1.5192098672280734,0.8044881098266106,-0.5737186257887016,-0.6755622278080391,-0.22941573387056183,0.03680479828309378,1.3179572114522533,1.5675371502415514,0.6708287879852713,1.8888931301996563,-0.8797439124549201,-0.7536909244511266,-0.15481189978584015,0.47695712288758446,0.9540459282919576,0.0,0.0,0.0,1.0,0.0,0.0,0.0,0.0,0.0,0.0,0.0,0.0,0.0,0.0,0.0,0.0,0.0,0.0,0.0,0.0,0.0,0.0,0.0,0.0,0.0,0.0,0.0,0.0,0.0,0.0,0.0,0.0,0.0,0.0,0.0,0.0,0.0,0.0,0.0,0.0,0.0,0.0,0.0,0.0,0.0,0.0,0.0,0.0,0.0,0.0,50000
1.3804758284953267,-1.5235566765763653,-1.641470379222041,-0.17237220726998354,-1.386680362342817,-0.22941573387056183,0.03680479828309378,1.3179572114522533,0.7773482906364846,-1.3561207051664776,-0.5368181637610334,-1.596084556382984,1.2073100116066722,1.5990615944536375,-1.627029992007354,-0.21393187917545614,0.0,0.0,0.0,0.0,0.0,0.0,0.0,0.0,0.0,0.0,0.0,0.0,0.0,0.0,0.0,0.0,0.0,0.0,0.0,0.0,0.0,0.0,0.0,0.0,1.0,0.0,0.0,0.0,0.0,0.0,0.0,0.0,0.0,0.0,0.0,0.0,0.0,0.0,0.0,0.0,0.0,0.0,0.0,0.0,0.0,0.0,0.0,0.0,0.0,0.0,50000
1.3804758284953267,-0.21951387208874876,-0.9863908805440897,-1.1314233385525687,1.4577921757962944,-0.22941573387056183,-1.3652827553585742,1.3179572114522533,0.5139520041014622,-1.3561207051664776,1.8888931301996563,-1.247727119952213,0.2838032945348616,-0.3004830865974648,-0.8286832007247641,-0.524303604236727,0.0,0.0,0.0,0.0,0.0,0.0,0.0,0.0,0.0,0.0,0.0,0.0,0.0,0.0,0.0,0.0,0.0,0.0,0.0,0.0,0.0,0.0,0.0,0.0,0.0,0.0,0.0,0.0,0.0,0.0,0.0,0.0,0.0,0.0,0.0,0.0,0.0,0.0,0.0,0.0,0.0,0.0,0.0,1.0,0.0,0.0,0.0,0.0,0.0,0.0,80236
0.6752519058923501,0.6498479975696623,-0.7539115396598844,2.0640739345809402,0.035555906726738765,-0.22941573387056183,-1.3652827553585742,-0.07947919565417831,-0.27623685550360466,1.1775661612732087,-0.5368181637610334,-1.0693481893684245,-0.650186315429346,-1.2962149336397144,-0.5868220418766368,-0.524303604236727,0.0,0.0,0.0,0.0,0.0,0.0,0.0,0.0,1.0,0.0,0.0,0.0,0.0,0.0,0.0,0.0,0.0,0.0,0.0,0.0,0.0,0.0,0.0,0.0,0.0,0.0,0.0,0.0,0.0,0.0,0.0,0.0,0.0,0.0,0.0,0.0,0.0,0.0,0.0,0.0,0.0,0.0,0.0,0.0,0.0,0.0,0.0,0.0,0.0,0.0,113045
0.6752519058923501,1.5192098672280734,-2.3911177453783132,-0.7805215625216816,0.035555906726738765,-0.22941573387056183,-0.6642389785377402,-1.47691560276061,-1.329822001643694,1.6561514582673715,-0.5368181637610334,-1.2896920736152884,0.1459184313209897,-0.2552435651425531,-2.290098508002008,-0.524303604236727,0.0,0.0,0.0,0.0,0.0,0.0,0.0,0.0,0.0,0.0,0.0,1.0,0.0,0.0,0.0,0.0,0.0,0.0,0.0,0.0,0.0,0.0,0.0,0.0,0.0,0.0,0.0,0.0,0.0,0.0,0.0,0.0,0.0,0.0,0.0,0.0,0.0,0.0,0.0,0.0,0.0,0.0,0.0,0.0,0.0,0.0,0.0,0.0,0.0,0.0,50000
1.3804758284953267,-0.6541948069179543,-1.7330830008416644,-0.9784816137189462,-1.386680362342817,-0.22941573387056183,-1.3652827553585742,-0.7781973992073942,-1.0664257151086716,-1.3279686288727035,-0.5368181637610334,-0.9023804552191476,1.6675342741546333,-0.6857078851384293,-1.605508448211546,-0.524303604236727,0.0,0.0,0.0,0.0,0.0,0.0,0.0,0.0,0.0,0.0,0.0,0.0,0.0,0.0,0.0,0.0,0.0,1.0,0.0,0.0,0.0,0.0,0.0,0.0,0.0,0.0,0.0,0.0,0.0,0.0,0.0,0.0,0.0,0.0,0.0,0.0,0.0,0.0,0.0,0.0,0.0,0.0,0.0,0.0,0.0,0.0,0.0,0.0,0.0,0.0,50000
0.6752519058923501,1.5192098672280734,-1.7232321813126728,-0.1126827299039048,0.035555906726738765,-0.22941573387056183,0.03680479828309378,-1.47691560276061,-0.8030294285736492,1.1775661612732087,1.88045796921718,-0.09790969159653014,-0.17537868301737336,0.3776735108987008,-1.5952600940230661,-0.524303604236727,0.0,0.0,0.0,0.0,0.0,0.0,0.0,0.0,0.0,0.0,0.0,0.0,0.0,0.0,1.0,0.0,0.0,0.0,0.0,0.0,0.0,0.0,0.0,0.0,0.0,0.0,0.0,0.0,0.0,0.0,0.0,0.0,0.0,0.0,0.0,0.0,0.0,0.0,0.0,0.0,0.0,0.0,0.0,0.0,0.0,0.0,0.0,0.0,0.0,0.0,53135
-0.02997201671062649,1.5192098672280734,-1.482872184805274,2.12155269056309,-1.386680362342817,-0.22941573387056183,0.03680479828309378,-0.07947919565417831,0.7773482906364846,-0.004821043065311664,1.892508199192146,-1.2307032503528434,1.2856804509985518,-0.8172598338714688,-1.3452002518241548,-0.524303604236727,0.0,0.0,0.0,0.0,0.0,0.0,0.0,0.0,0.0,0.0,0.0,0.0,0.0,0.0,0.0,0.0,0.0,0.0,0.0,0.0,0.0,0.0,0.0,0.0,0.0,0.0,0.0,0.0,0.0,0.0,0.0,0.0,0.0,0.0,0.0,0.0,0.0,0.0,1.0,0.0,0.0,0.0,0.0,0.0,0.0,0.0,0.0,0.0,0.0,0.0,50000
-1.4404198619165796,1.5192098672280734,0.3306636904821073,0.21048454149223877,-1.386680362342817,-0.22941573387056183,1.4388923519247618,1.3179572114522533,0.25055571756643996,1.7124556108549203,-0.5368181637610334,-0.03379140544169878,0.34018572780467604,-1.5815606036760577,0.5415217542750083,-0.524303604236727,0.0,0.0,0.0,0.0,0.0,0.0,0.0,0.0,0.0,0.0,0.0,0.0,0.0,0.0,0.0,0.0,0.0,0.0,0.0,0.0,0.0,0.0,0.0,0.0,0.0,0.0,0.0,0.0,0.0,0.0,0.0,0.0,0.0,0.0,0.0,0.0,0.0,0.0,0.0,0.0,0.0,0.0,0.0,0.0,1.0,0.0,0.0,0.0,0.0,0.0,533903
-1.4404198619165796,-1.0888757417471597,-0.3874610531813913,1.207519885644147,0.7466740412615166,-0.22941573387056183,1.4388923519247618,1.3179572114522533,-1.5932182881787162,1.4590869242109514,1.8913031761946495,-1.4372198868028394,1.1767472972559487,-0.46552464993279014,-0.20558326606518176,-0.524303604236727,0.0,1.0,0.0,0.0,0.0,0.0,0.0,0.0,0.0,0.0,0.0,0.0,0.0,0.0,0.0,0.0,0.0,0.0,0.0,0.0,0.0,0.0,0.0,0.0,0.0,0.0,0.0,0.0,0.0,0.0,0.0,0.0,0.0,0.0,0.0,0.0,0.0,0.0,0.0,0.0,0.0,0.0,0.0,0.0,0.0,0.0,0.0,0.0,0.0,0.0,190296
1.3804758284953267,1.0845289323988678,-0.21113138361243897,-1.3207414788853842,0.035555906726738765,-0.22941573387056183,1.4388923519247618,-1.47691560276061,1.3041408637065293,1.3746306953296286,-0.5368181637610334,0.7453294038866607,0.21343585137481988,1.46232721856633,-0.022137726091390236,-0.524303604236727,0.0,0.0,0.0,0.0,0.0,0.0,0.0,0.0,0.0,0.0,0.0,0.0,0.0,0.0,0.0,0.0,0.0,0.0,0.0,0.0,0.0,0.0,0.0,0.0,0.0,0.0,0.0,0.0,0.0,0.0,0.0,0.0,0.0,0.0,0.0,0.0,0.0,0.0,0.0,0.0,0.0,0.0,0.0,0.0,1.0,0.0,0.0,0.0,0.0,0.0,265915
1.3804758284953267,-1.0888757417471597,-0.8238523583157259,-0.6981219473025156,-1.386680362342817,-0.22941573387056183,0.03680479828309378,-0.07947919565417831,-0.012840568968582357,1.0649578560981114,-0.5368181637610334,-1.0235918935674984,-0.1060260800311871,0.3924476067499535,-1.1392083326357072,0.747131444917777,0.0,0.0,0.0,0.0,0.0,0.0,0.0,0.0,0.0,0.0,0.0,0.0,0.0,0.0,0.0,0.0,0.0,0.0,0.0,0.0,0.0,0.0,0.0,0.0,1.0,0.0,0.0,0.0,0.0,0.0,0.0,0.0,0.0,0.0,0.0,0.0,0.0,0.0,0.0,0.0,0.0,0.0,0.0,0.0,0.0,0.0,0.0,0.0,0.0,0.0,116846
0.6752519058923501,-1.0888757417471597,0.25875270792046756,0.4124640861148285,-0.6755622278080391,-0.22941573387056183,0.03680479828309378,-0.07947919565417831,1.5675371502415514,0.5300684065163999,-0.5368181637610334,1.4252805972955476,1.2060113742777296,-1.149062571637925,0.4667087686991045,-0.524303604236727,0.0,0.0,0.0,0.0,0.0,0.0,0.0,0.0,0.0,0.0,0.0,0.0,0.0,0.0,0.0,0.0,0.0,0.0,0.0,0.0,0.0,0.0,0.0,0.0,0.0,0.0,0.0,0.0,0.0,0.0,0.0,0.0,0.0,0.0,0.0,0.0,0.0,0.0,0.0,0.0,0.0,0.0,0.0,1.0,0.0,0.0,0.0,0.0,0.0,0.0,227528
-0.735195939313603,0.21516706274045677,0.5749640148011027,0.678755525542621,0.7466740412615166,-0.22941573387056183,-1.3652827553585742,-1.47691560276061,0.5139520041014622,0.92419747462924,1.8659976932472204,1.2069067241595277,-0.8402301146867084,1.491612875812759,0.7956809381493116,-0.524303604236727,0.0,0.0,0.0,0.0,0.0,0.0,0.0,0.0,0.0,0.0,0.0,0.0,0.0,0.0,0.0,0.0,0.0,0.0,0.0,0.0,0.0,0.0,0.0,0.0,0.0,0.0,0.0,0.0,0.0,0.0,0.0,0.0,1.0,0.0,0.0,0.0,0.0,0.0,0.0,0.0,0.0,0.0,0.0,0.0,0.0,0.0,0.0,0.0,0.0,0.0,96275
1.3804758284953267,1.5192098672280734,0.19866270879361786,-1.512672289944661,-1.386680362342817,-0.22941573387056183,-1.3652827553585742,-1.47691560276061,1.5675371502415514,1.1494140849794343,-0.5368181637610334,-0.9546786747089143,0.5847909741842958,-1.4632039629714706,0.40419380814937667,-0.524303604236727,0.0,0.0,0.0,0.0,0.0,0.0,0.0,0.0,0.0,0.0,0.0,0.0,0.0,0.0,0.0,0.0,0.0,0.0,0.0,0.0,0.0,0.0,0.0,0.0,0.0,0.0,0.0,0.0,0.0,0.0,0.0,0.0,0.0,0.0,0.0,0.0,0.0,0.0,0.0,0.0,0.0,0.0,0.0,1.0,0.0,0.0,0.0,0.0,0.0,0.0,325150
0.6752519058923501,1.5192098672280734,-0.6130448203953024,-1.5582935403221017,0.035555906726738765,-0.22941573387056183,-0.6642389785377402,-0.7781973992073942,-1.5932182881787162,-0.08927727194663454,-0.5368181637610334,-0.9128624011296765,1.4652517558264442,1.1413653806369128,-0.4402705769813731,-0.524303604236727,0.0,0.0,0.0,0.0,0.0,0.0,0.0,0.0,0.0,1.0,0.0,0.0,0.0,0.0,0.0,0.0,0.0,0.0,0.0,0.0,0.0,0.0,0.0,0.0,0.0,0.0,0.0,0.0,0.0,0.0,0.0,0.0,0.0,0.0,0.0,0.0,0.0,0.0,0.0,0.0,0.0,0.0,0.0,0.0,0.0,0.0,0.0,0.0,0.0,0.0,101347
-1.4404198619165796,-1.0888757417471597,0.40454483694954546,-1.2501993692709275,-0.6755622278080391,-0.22941573387056183,0.03680479828309378,-1.47691560276061,-0.539633142038627,-0.14558142453418313,-0.5368181637610334,-1.606008951979123,0.43363339959798874,-1.5438340533544648,0.618384410688608,-0.524303604236727,0.0,0.0,0.0,0.0,0.0,0.0,0.0,0.0,0.0,0.0,0.0,0.0,0.0,0.0,0.0,0.0,0.0,0.0,0.0,0.0,0.0,0.0,0.0,0.0,0.0,0.0,0.0,0.0,0.0,0.0,0.0,0.0,0.0,0.0,0.0,0.0,0.0,0.0,0.0,0.0,1.0,0.0,0.0,0.0,0.0,0.0,0.0,0.0,0.0,0.0,165573
-0.02997201671062649,-0.21951387208874876,0.23905106886248403,0.3853325054938836,-1.386680362342817,-0.22941573387056183,0.7378485751039278,-0.7781973992073942,0.7773482906364846,-1.5531852392228978,-0.5368181637610334,0.08277378028673665,0.9427001652650556,-1.0054006875943575,-0.492537183342621,1.9695604322205014,0.0,0.0,0.0,0.0,0.0,0.0,0.0,0.0,0.0,0.0,0.0,0.0,0.0,0.0,0.0,0.0,0.0,0.0,0.0,0.0,0.0,0.0,0.0,0.0,0.0,0.0,0.0,0.0,0.0,0.0,0.0,0.0,0.0,0.0,0.0,0.0,0.0,0.0,0.0,1.0,0.0,0.0,0.0,0.0,0.0,0.0,0.0,0.0,0.0,0.0,50000
1.3804758284953267,-1.0888757417471597,-1.4011103827146425,-0.570904980390974,-0.6755622278080391,-0.22941573387056183,-0.6642389785377402,-0.7781973992073942,1.040744577171507,-0.3144938822968289,-0.5368181637610334,-1.0131471176779288,1.6810639209151073,1.5596131195226346,-1.260138912059771,-0.524303604236727,0.0,0.0,0.0,0.0,0.0,0.0,0.0,0.0,0.0,0.0,0.0,0.0,0.0,0.0,0.0,0.0,0.0,0.0,0.0,0.0,0.0,0.0,0.0,0.0,0.0,0.0,0.0,0.0,0.0,0.0,0.0,0.0,0.0,0.0,0.0,0.0,0.0,0.0,0.0,0.0,0.0,0.0,0.0,0.0,0.0,0.0,1.0,0.0,0.0,0.0,56826
-0.02997201671062649,-1.0888757417471597,-0.3214605623371466,1.150845028347062,0.7466740412615166,-0.22941573387056183,0.7378485751039278,-1.47691560276061,-1.5932182881787162,-0.2863418060030546,-0.5368181637610334,1.5607653236922783,1.268874336600506,-1.5875082120645287,-0.13691929300236594,-0.524303604236727,0.0,0.0,0.0,0.0,0.0,0.0,0.0,0.0,1.0,0.0,0.0,0.0,0.0,0.0,0.0,0.0,0.0,0.0,0.0,0.0,0.0,0.0,0.0,0.0,0.0,0.0,0.0,0.0,0.0,0.0,0.0,0.0,0.0,0.0,0.0,0.0,0.0,0.0,0.0,0.0,0.0,0.0,0.0,0.0,0.0,0.0,0.0,0.0,0.0,0.0,95541
0.6752519058923501,1.0845289323988678,-0.9666892414861062,0.9249494978437875,-0.6755622278080391,-0.22941573387056183,0.03680479828309378,-0.7781973992073942,0.25055571756643996,1.008653703510563,1.8696127622397103,1.203338402147433,1.2258002772008736,0.3546417137614142,-0.8081864923478042,-0.524303604236727,0.0,0.0,0.0,0.0,0.0,0.0,0.0,0.0,0.0,0.0,0.0,0.0,0.0,0.0,0.0,0.0,1.0,0.0,0.0,0.0,0.0,0.0,0.0,0.0,0.0,0.0,0.0,0.0,0.0,0.0,0.0,0.0,0.0,0.0,0.0,0.0,0.0,0.0,0.0,0.0,0.0,0.0,0.0,0.0,0.0,0.0,0.0,0.0,0.0,0.0,54103
0.6752519058923501,0.21516706274045677,-0.9312262911817359,0.09834067492566657,1.4577921757962944,-0.22941573387056183,1.4388923519247618,1.3179572114522533,-0.539633142038627,0.8397412457479171,-0.5368181637610334,-0.22733570457689117,-0.24948371442736147,-0.5601222352796158,-1.1453573451487953,0.46943042775769267,0.0,0.0,0.0,0.0,0.0,0.0,0.0,0.0,0.0,0.0,0.0,0.0,0.0,0.0,0.0,0.0,0.0,0.0,0.0,0.0,0.0,0.0,0.0,0.0,0.0,0.0,0.0,0.0,0.0,0.0,1.0,0.0,0.0,0.0,0.0,0.0,0.0,0.0,0.0,0.0,0.0,0.0,0.0,0.0,0.0,0.0,0.0,0.0,0.0,0.0,100151
1.3804758284953267,0.6498479975696623,0.38878352570315866,0.4072387446619058,-0.6755622278080391,-0.22941573387056183,-1.3652827553585742,-0.07947919565417831,-1.0664257151086716,-0.39895011117815177,-0.5368181637610334,0.9384276627703412,-0.6143700154405615,0.11620226421896215,0.015781184405985662,1.033000139053158,0.0,0.0,0.0,0.0,0.0,0.0,0.0,0.0,0.0,0.0,0.0,0.0,0.0,0.0,0.0,0.0,0.0,0.0,0.0,0.0,0.0,0.0,0.0,1.0,0.0,0.0,0.0,0.0,0.0,0.0,0.0,0.0,0.0,0.0,0.0,0.0,0.0,0.0,0.0,0.0,0.0,0.0,0.0,0.0,0.0,0.0,0.0,0.0,0.0,0.0,436026
1.3804758284953267,-0.21951387208874876,-0.13725023714500084,0.035837552161860194,1.4577921757962944,-0.22941573387056183,-0.6642389785377402,0.6192390078990375,0.7773482906364846,0.445612177635077,-0.5368181637610334,0.6921762739148295,1.2402049911968767,-0.6588597149229243,0.05472493032220956,-0.524303604236727,0.0,0.0,0.0,0.0,0.0,0.0,0.0,0.0,0.0,0.0,0.0,0.0,0.0,0.0,0.0,0.0,0.0,0.0,0.0,0.0,0.0,0.0,0.0,0.0,0.0,0.0,1.0,0.0,0.0,0.0,0.0,0.0,0.0,0.0,0.0,0.0,0.0,0.0,0.0,0.0,0.0,0.0,0.0,0.0,0.0,0.0,0.0,0.0,0.0,0.0,222718
-0.02997201671062649,0.21516706274045677,0.6961290950077013,0.3256430281278049,-0.6755622278080391,-0.22941573387056183,-0.6642389785377402,0.6192390078990375,0.25055571756643996,1.2901744664483057,-0.5368181637610334,1.1420078675645506,1.1970039147484388,1.5647193687963283,0.9217356946676153,-0.524303604236727,0.0,0.0,0.0,0.0,0.0,0.0,0.0,0.0,0.0,0.0,0.0,0.0,0.0,0.0,0.0,0.0,0.0,0.0,0.0,0.0,0.0,0.0,0.0,0.0,0.0,0.0,0.0,0.0,1.0,0.0,0.0,0.0,0.0,0.0,0.0,0.0,0.0,0.0,0.0,0.0,0.0,0.0,0.0,0.0,0.0,0.0,0.0,0.0,0.0,0.0,465716
-1.4404198619165796,0.21516706274045677,-0.40617761028647564,-0.8066482697862951,1.4577921757962944,-0.22941573387056183,-0.6642389785377402,1.3179572114522533,1.5675371502415514,-1.102752018522509,-0.5368181637610334,0.26921860541869846,-0.38620046850276485,1.199929875650953,-0.9157942113268439,1.3079785972214768,1.0,0.0,0.0,0.0,0.0,0.0,0.0,0.0,0.0,0.0,0.0,0.0,0.0,0.0,0.0,0.0,0.0,0.0,0.0,0.0,0.0,0.0,0.0,0.0,0.0,0.0,0.0,0.0,0.0,0.0,0.0,0.0,0.0,0.0,0.0,0.0,0.0,0.0,0.0,0.0,0.0,0.0,0.0,0.0,0.0,0.0,0.0,0.0,0.0,0.0,102093
-1.4404198619165796,-1.0888757417471597,0.8202494210729974,0.10296309236479051,-0.6755622278080391,-0.22941573387056183,1.4388923519247618,0.6192390078990375,-1.5932182881787162,0.5019163302226256,-0.5368181637610334,0.45190925843376867,-0.06475532679024654,0.9944725278316318,0.4431375540656005,1.0874513188884687,0.0,0.0,0.0,0.0,0.0,0.0,1.0,0.0,0.0,0.0,0.0,0.0,0.0,0.0,0.0,0.0,0.0,0.0,0.0,0.0,0.0,0.0,0.0,0.0,0.0,0.0,0.0,0.0,0.0,0.0,0.0,0.0,0.0,0.0,0.0,0.0,0.0,0.0,0.0,0.0,0.0,0.0,0.0,0.0,0.0,0.0,0.0,0.0,0.0,0.0,158706
1.3804758284953267,0.6498479975696623,-1.5006036599574593,0.2731886389273114,0.035555906726738765,-0.22941573387056183,0.7378485751039278,-0.07947919565417831,-0.27623685550360466,0.445612177635077,-0.5368181637610334,0.8142054527242854,-0.16789641541733705,0.09072032850287251,-1.4261622499131466,-0.36095006473079494,0.0,0.0,0.0,0.0,0.0,0.0,0.0,0.0,0.0,0.0,0.0,0.0,0.0,0.0,0.0,0.0,0.0,0.0,0.0,0.0,0.0,0.0,0.0,0.0,0.0,0.0,0.0,1.0,0.0,0.0,0.0,0.0,0.0,0.0,0.0,0.0,0.0,0.0,0.0,0.0,0.0,0.0,0.0,0.0,0.0,0.0,0.0,0.0,0.0,0.0,81926
-0.735195939313603,1.5192098672280734,1.04386302438111,0.5712340764151727,1.4577921757962944,-0.22941573387056183,-0.6642389785377402,-1.47691560276061,-0.27623685550360466,1.2901744664483057,-0.5368181637610334,-1.5643413584837225,0.5234904749397745,-0.253438248249787,1.2835025975209584,-0.524303604236727,0.0,0.0,0.0,0.0,0.0,1.0,0.0,0.0,0.0,0.0,0.0,0.0,0.0,0.0,0.0,0.0,0.0,0.0,0.0,0.0,0.0,0.0,0.0,0.0,0.0,0.0,0.0,0.0,0.0,0.0,0.0,0.0,0.0,0.0,0.0,0.0,0.0,0.0,0.0,0.0,0.0,0.0,0.0,0.0,0.0,0.0,0.0,0.0,0.0,0.0,249855
-1.4404198619165796,-1.0888757417471597,-0.3451025292067268,-0.6798332522172861,0.7466740412615166,-0.22941573387056183,1.4388923519247618,1.3179572114522533,-0.27623685550360466,0.6145246353977227,1.8744328542296969,-0.5133961858798374,-0.4046068081439241,-0.9175192019237306,-0.16151534305471787,-0.524303604236727,0.0,0.0,0.0,0.0,0.0,0.0,0.0,0.0,0.0,0.0,0.0,0.0,0.0,0.0,0.0,0.0,0.0,0.0,0.0,0.0,0.0,0.0,0.0,0.0,0.0,0.0,0.0,0.0,0.0,0.0,0.0,0.0,0.0,0.0,0.0,0.0,0.0,0.0,0.0,0.0,0.0,0.0,0.0,0.0,0.0,0.0,0.0,1.0,0.0,0.0,337423
-0.02997201671062649,1.0845289323988678,-0.008204501315208905,1.4635616168373602,0.035555906726738765,-0.22941573387056183,1.4388923519247618,-0.7781973992073942,-0.27623685550360466,0.5863725591039485,-0.5368181637610334,0.35798061546956067,0.23391500474647015,-0.7726779179706857,-0.2855204287353255,0.7335186499589494,0.0,0.0,0.0,0.0,0.0,0.0,0.0,0.0,0.0,0.0,0.0,0.0,0.0,0.0,0.0,0.0,0.0,0.0,0.0,0.0,0.0,0.0,0.0,0.0,0.0,0.0,0.0,0.0,0.0,1.0,0.0,0.0,0.0,0.0,0.0,0.0,0.0,0.0,0.0,0.0,0.0,0.0,0.0,0.0,0.0,0.0,0.0,0.0,0.0,0.0,127355
-1.4404198619165796,-0.21951387208874876,-0.5509846573626543,0.5179757885296141,-0.6755622278080391,-0.22941573387056183,0.7378485751039278,-1.47691560276061,0.25055571756643996,-1.384272781460252,1.8659976932472204,-0.7743669030352408,-1.6102435001236728,1.4642221468166154,-0.3757059455939493,-0.524303604236727,0.0,0.0,0.0,0.0,0.0,1.0,0.0,0.0,0.0,0.0,0.0,0.0,0.0,0.0,0.0,0.0,0.0,0.0,0.0,0.0,0.0,0.0,0.0,0.0,0.0,0.0,0.0,0.0,0.0,0.0,0.0,0.0,0.0,0.0,0.0,0.0,0.0,0.0,0.0,0.0,0.0,0.0,0.0,0.0,0.0,0.0,0.0,0.0,0.0,0.0,145119
-0.02997201671062649,1.5192098672280734,-0.06139892677176436,-1.1716182728058204,-0.6755622278080391,-0.22941573387056183,1.4388923519247618,0.6192390078990375,-1.5932182881787162,-1.1309040948162834,-0.5368181637610334,0.349840380879469,-1.1254861542592336,1.280964712463115,0.13363725757350536,-0.524303604236727,0.0,0.0,1.0,0.0,0.0,0.0,0.0,0.0,0.0,0.0,0.0,0.0,0.0,0.0,0.0,0.0,0.0,0.0,0.0,0.0,0.0,0.0,0.0,0.0,0.0,0.0,0.0,0.0,0.0,0.0,0.0,0.0,0.0,0.0,0.0,0.0,0.0,0.0,0.0,0.0,0.0,0.0,0.0,0.0,0.0,0.0,0.0,0.0,0.0,0.0,59047
0.6752519058923501,0.6498479975696623,0.7217412257830799,-0.7740903730411614,-1.386680362342817,-0.22941573387056183,1.4388923519247618,-0.07947919565417831,0.7773482906364846,-0.6523187978221204,1.8888931301996563,1.0452543030074342,-0.02012252477976309,-0.8277932949353922,0.9483814155576632,-0.524303604236727,0.0,0.0,0.0,0.0,0.0,0.0,0.0,0.0,0.0,0.0,0.0,0.0,0.0,1.0,0.0,0.0,0.0,0.0,0.0,0.0,0.0,0.0,0.0,0.0,0.0,0.0,0.0,0.0,0.0,0.0,0.0,0.0,0.0,0.0,0.0,0.0,0.0,0.0,0.0,0.0,0.0,0.0,0.0,0.0,0.0,0.0,0.0,0.0,0.0,0.0,582286
-0.02997201671062649,-0.21951387208874876,0.20161795465231538,-0.5656796389380513,0.7466740412615166,-0.22941573387056183,1.4388923519247618,-1.47691560276061,1.040744577171507,0.7834370931603685,-0.5368181637610334,-0.5481501554768039,-0.3393702581155237,-0.9894047805404862,-0.6503618378452126,2.2853772752653034,0.0,0.0,0.0,0.0,0.0,0.0,0.0,0.0,0.0,0.0,0.0,0.0,0.0,0.0,0.0,0.0,0.0,0.0,0.0,0.0,0.0,0.0,0.0,0.0,0.0,0.0,0.0,0.0,0.0,0.0,0.0,0.0,0.0,0.0,0.0,0.0,0.0,0.0,0.0,0.0,0.0,0.0,0.0,0.0,0.0,0.0,0.0,0.0,1.0,0.0,220535
-0.02997201671062649,-1.0888757417471597,0.36120123102198176,1.5638479777992231,-1.386680362342817,-0.22941573387056183,1.4388923519247618,-1.47691560276061,1.3041408637065293,-1.4968810866353492,1.7997214283849066,1.1654621507898832,-1.1971347423775187,-0.9147865045734584,0.5732916522592962,-0.524303604236727,0.0,0.0,0.0,0.0,0.0,0.0,0.0,0.0,0.0,0.0,0.0,0.0,0.0,0.0,0.0,0.0,0.0,0.0,0.0,0.0,0.0,0.0,0.0,0.0,0.0,1.0,0.0,0.0,0.0,0.0,0.0,0.0,0.0,0.0,0.0,0.0,0.0,0.0,0.0,0.0,0.0,0.0,0.0,0.0,0.0,0.0,0.0,0.0,0.0,0.0,50000
-0.735195939313603,-1.5235566765763653,0.09621418569210366,0.5161670164882178,-0.6755622278080391,-0.22941573387056183,1.4388923519247618,1.3179572114522533,-0.27623685550360466,0.30485179616620556,-0.5368181637610334,0.09548592745482497,-0.8062196526044968,0.16660213096855978,-0.2711727328714536,0.9839940772013784,0.0,0.0,0.0,0.0,0.0,0.0,0.0,0.0,0.0,0.0,0.0,0.0,0.0,0.0,0.0,0.0,0.0,0.0,0.0,0.0,0.0,0.0,0.0,0.0,0.0,0.0,0.0,0.0,0.0,0.0,0.0,0.0,0.0,0.0,0.0,0.0,0.0,0.0,0.0,0.0,0.0,0.0,0.0,0.0,0.0,0.0,0.0,0.0,1.0,0.0,50000
0.6752519058923501,-0.6541948069179543,0.8468466338012751,-0.19488137045180448,-1.386680362342817,-0.22941573387056183,1.4388923519247618,-0.7781973992073942,-1.5932182881787162,-0.7649271029972176,-0.5368181637610334,-1.1940536096869514,1.2185681929665777,0.5910307595021604,1.0785355137513588,-0.524303604236727,0.0,0.0,0.0,0.0,0.0,0.0,0.0,0.0,0.0,0.0,0.0,0.0,0.0,0.0,0.0,0.0,0.0,0.0,1.0,0.0,0.0,0.0,0.0,0.0,0.0,0.0,0.0,0.0,0.0,0.0,0.0,0.0,0.0,0.0,0.0,0.0,0.0,0.0,0.0,0.0,0.0,0.0,0.0,0.0,0.0,0.0,0.0,0.0,0.0,0.0,50000
-1.4404198619165796,1.5192098672280734,-0.33032629991323914,1.5065701964883393,0.035555906726738765,-0.22941573387056183,-1.3652827553585742,-0.07947919565417831,1.5675371502415514,0.10778726210978551,-0.5368181637610334,0.10002067001186231,1.2786581197117197,-0.8966351762014495,-0.9106700342326038,1.5040028446285953,0.0,0.0,0.0,0.0,0.0,0.0,0.0,0.0,0.0,0.0,0.0,0.0,0.0,0.0,0.0,0.0,0.0,0.0,0.0,0.0,0.0,0.0,0.0,0.0,1.0,0.0,0.0,0.0,0.0,0.0,0.0,0.0,0.0,0.0,0.0,0.0,0.0,0.0,0.0,0.0,0.0,0.0,0.0,0.0,0.0,0.0,0.0,0.0,0.0,0.0,307386
-0.735195939313603,1.0845289323988678,-1.1646907140188405,-0.5946199916003925,-0.6755622278080391,-0.22941573387056183,1.4388923519247618,-1.47691560276061,-1.329822001643694,-1.0182957896411862,-0.5368181637610334,1.561545894132424,-0.2940031637981451,-1.2239857873883841,-1.0141784115362515,-0.524303604236727,0.0,0.0,0.0,0.0,0.0,0.0,0.0,0.0,0.0,0.0,0.0,0.0,0.0,0.0,0.0,0.0,0.0,0.0,0.0,0.0,1.0,0.0,0.0,0.0,0.0,0.0,0.0,0.0,0.0,0.0,0.0,0.0,0.0,0.0,0.0,0.0,0.0,0.0,0.0,0.0,0.0,0.0,0.0,0.0,0.0,0.0,0.0,0.0,0.0,0.0,50000
-0.735195939313603,-0.6541948069179543,1.6703751464249854,-0.261403986640936,0.7466740412615166,-0.22941573387056183,-0.6642389785377402,-0.7781973992073942,-0.539633142038627,0.5300684065163999,-0.5368181637610334,1.0171909371831456,0.15211258812634573,1.4432975535711572,1.9352979239082846,-0.524303604236727,0.0,0.0,0.0,0.0,0.0,0.0,0.0,0.0,0.0,0.0,0.0,0.0,0.0,0.0,0.0,0.0,0.0,0.0,0.0,0.0,0.0,1.0,0.0,0.0,0.0,0.0,0.0,0.0,0.0,0.0,0.0,0.0,0.0,0.0,0.0,0.0,0.0,0.0,0.0,0.0,0.0,0.0,0.0,0.0,0.0,0.0,0.0,0.0,0.0,0.0,514580
0.6752519058923501,0.21516706274045677,0.1730505780182393,0.7770321397918213,-0.6755622278080391,-0.22941573387056183,0.7378485751039278,-1.47691560276061,-0.539633142038627,-1.2716644762851548,1.785261152414947,1.4534926432036734,0.9472571911739867,1.3538703406430819,-0.28347075789762954,1.231746945452042,0.0,0.0,0.0,0.0,0.0,0.0,0.0,0.0,0.0,0.0,0.0,0.0,0.0,0.0,0.0,0.0,0.0,0.0,0.0,0.0,0.0,0.0,0.0,0.0,0.0,0.0,0.0,0.0,0.0,1.0,0.0,0.0,0.0,0.0,0.0,0.0,0.0,0.0,0.0,0.0,0.0,0.0,0.0,0.0,0.0,0.0,0.0,0.0,0.0,0.0,76186
-1.4404198619165796,-0.21951387208874876,-0.6642690819460595,-0.643255862046827,-1.386680362342817,-0.22941573387056183,-1.3652827553585742,-0.7781973992073942,1.5675371502415514,-1.0745999422287347,-0.5368181637610334,-0.21789451925322326,0.7413378718210948,1.0972744831310284,-0.493562018761469,-0.524303604236727,0.0,0.0,0.0,0.0,0.0,0.0,0.0,0.0,0.0,0.0,0.0,1.0,0.0,0.0,0.0,0.0,0.0,0.0,0.0,0.0,0.0,0.0,0.0,0.0,0.0,0.0,0.0,0.0,0.0,0.0,0.0,0.0,0.0,0.0,0.0,0.0,0.0,0.0,0.0,0.0,0.0,0.0,0.0,0.0,0.0,0.0,0.0,0.0,0.0,0.0,70655
0.6752519058923501,-1.5235566765763653,-0.8829572754896764,0.03744534953199026,0.7466740412615166,-0.22941573387056183,1.4388923519247618,-0.07947919565417831,-0.8030294285736492,-1.1590561711100575,-0.5368181637610334,-0.5380770797968275,1.2465680092361369,0.6427875688031709,-1.1299848138660753,0.5619974334777208,0.0,0.0,0.0,0.0,0.0,0.0,0.0,0.0,0.0,0.0,0.0,0.0,0.0,0.0,0.0,0.0,0.0,0.0,0.0,0.0,1.0,0.0,0.0,0.0,0.0,0.0,0.0,0.0,0.0,0.0,0.0,0.0,0.0,0.0,0.0,0.0,0.0,0.0,0.0,0.0,0.0,0.0,0.0,0.0,0.0,0.0,0.0,0.0,0.0,0.0,63369
-0.735195939313603,1.5192098672280734,0.2282151673805931,-0.09700670554513663,-0.6755622278080391,-0.22941573387056183,1.4388923519247618,0.6192390078990375,-0.8030294285736492,0.445612177635077,-0.5368181637610334,0.8653885715852725,0.4348626424514421,-0.9873683550381284,0.4349388707148166,-0.524303604236727,0.0,0.0,0.0,0.0,0.0,1.0,0.0,0.0,0.0,0.0,0.0,0.0,0.0,0.0,0.0,0.0,0.0,0.0,0.0,0.0,0.0,0.0,0.0,0.0,0.0,0.0,0.0,0.0,0.0,0.0,0.0,0.0,0.0,0.0,0.0,0.0,0.0,0.0,0.0,0.0,0.0,0.0,0.0,0.0,0.0,0.0,0.0,0.0,0.0,0.0,261854
-0.02997201671062649,-1.0888757417471597,-0.9696444873448038,3.651773837584382,-0.6755622278080391,-0.22941573387056183,0.03680479828309378,-1.47691560276061,-1.329822001643694,0.2203955672848827,-0.5368181637610334,0.12648572493489996,-1.140599168628663,-0.6070492604943526,-0.8112609986043482,-0.524303604236727,0.0,0.0,0.0,0.0,0.0,0.0,0.0,0.0,0.0,0.0,0.0,0.0,0.0,0.0,0.0,0.0,0.0,0.0,0.0,0.0,0.0,0.0,0.0,0.0,0.0,0.0,0.0,0.0,0.0,0.0,0.0,0.0,0.0,0.0,0.0,0.0,0.0,0.0,0.0,0.0,0.0,0.0,0.0,0.0,0.0,0.0,0.0,0.0,0.0,1.0,50000
-0.735195939313603,1.5192098672280734,1.8270031769359543,0.4076406940044383,-0.6755622278080391,-0.22941573387056183,1.4388923519247618,-0.07947919565417831,-0.539633142038627,-1.2153603236976063,-0.5368181637610334,1.5945900427652617,-1.333724240078618,0.7018091756453817,1.5192147438559978,1.0139422261107993,0.0,0.0,0.0,0.0,0.0,0.0,0.0,0.0,0.0,0.0,0.0,0.0,0.0,0.0,0.0,0.0,0.0,0.0,0.0,0.0,0.0,0.0,0.0,0.0,1.0,0.0,0.0,0.0,0.0,0.0,0.0,0.0,0.0,0.0,0.0,0.0,0.0,0.0,0.0,0.0,0.0,0.0,0.0,0.0,0.0,0.0,0.0,0.0,0.0,0.0,76800
1.3804758284953267,-0.6541948069179543,0.04006451437685067,0.661672678484989,0.035555906726738765,-0.22941573387056183,-1.3652827553585742,1.3179572114522533,-1.0664257151086716,-0.7367750267034433,-0.5368181637610334,1.600388566034916,-0.2676128969243822,-0.0545198944355225,0.23919530571484907,-0.524303604236727,0.0,0.0,0.0,0.0,0.0,0.0,0.0,0.0,0.0,0.0,0.0,0.0,0.0,0.0,0.0,0.0,0.0,0.0,0.0,0.0,0.0,0.0,0.0,0.0,0.0,0.0,0.0,0.0,0.0,0.0,0.0,0.0,1.0,0.0,0.0,0.0,0.0,0.0,0.0,0.0,0.0,0.0,0.0,0.0,0.0,0.0,0.0,0.0,0.0,0.0,275595
-0.735195939313603,-0.6541948069179543,-0.20719105580084227,-1.069322165131295,0.7466740412615166,-0.22941573387056183,1.4388923519247618,0.6192390078990375,-0.012840568968582357,0.6989808642790456,-0.5368181637610334,1.3426144706820144,1.1727339390830727,-0.24429394460023715,-0.6216664461174687,1.0765610829214065,0.0,0.0,0.0,0.0,0.0,0.0,0.0,0.0,0.0,0.0,0.0,0.0,0.0,0.0,0.0,0.0,0.0,0.0,0.0,1.0,0.0,0.0,0.0,0.0,0.0,0.0,0.0,0.0,0.0,0.0,0.0,0.0,0.0,0.0,0.0,0.0,0.0,0.0,0.0,0.0,0.0,0.0,0.0,0.0,0.0,0.0,0.0,0.0,0.0,0.0,93905
-1.4404198619165796,-1.0888757417471597,-0.7923297358229523,0.3230303574013435,-1.386680362342817,-0.22941573387056183,-0.6642389785377402,-0.07947919565417831,-1.329822001643694,-0.7086229504096689,-0.5368181637610334,-0.5893345386997333,-1.7059345763089355,-1.3996422063845808,-0.6267906232117086,-0.524303604236727,0.0,1.0,0.0,0.0,0.0,0.0,0.0,0.0,0.0,0.0,0.0,0.0,0.0,0.0,0.0,0.0,0.0,0.0,0.0,0.0,0.0,0.0,0.0,0.0,0.0,0.0,0.0,0.0,0.0,0.0,0.0,0.0,0.0,0.0,0.0,0.0,0.0,0.0,0.0,0.0,0.0,0.0,0.0,0.0,0.0,0.0,0.0,0.0,0.0,0.0,50000
-0.02997201671062649,-1.5235566765763653,0.216394183945803,0.6124338840247556,-0.6755622278080391,-0.22941573387056183,-1.3652827553585742,-0.07947919565417831,-1.0664257151086716,0.10778726210978551,1.8913031761946495,0.2227560792195453,-0.3082301190953205,0.8696795162659757,0.4226408456886406,-0.524303604236727,0.0,0.0,0.0,0.0,0.0,0.0,0.0,0.0,0.0,0.0,0.0,0.0,0.0,0.0,0.0,0.0,0.0,0.0,0.0,0.0,0.0,0.0,0.0,0.0,0.0,0.0,0.0,0.0,0.0,0.0,0.0,0.0,0.0,0.0,0.0,0.0,0.0,0.0,0.0,0.0,0.0,0.0,1.0,0.0,0.0,0.0,0.0,0.0,0.0,0.0,205142
-1.4404198619165796,1.0845289323988678,-0.9962417000730815,0.3143884465368944,0.7466740412615166,-0.22941573387056183,0.03680479828309378,-0.7781973992073942,1.5675371502415514,1.599847305679823,-0.5368181637610334,-0.4984538374541897,-0.4594626892224515,-1.240219379726817,-1.1422828388922512,0.28157385732587087,0.0,0.0,0.0,0.0,0.0,0.0,0.0,0.0,1.0,0.0,0.0,0.0,0.0,0.0,0.0,0.0,0.0,0.0,0.0,0.0,0.0,0.0,0.0,0.0,0.0,0.0,0.0,0.0,0.0,0.0,0.0,0.0,0.0,0.0,0.0,0.0,0.0,0.0,0.0,0.0,0.0,0.0,0.0,0.0,0.0,0.0,0.0,0.0,0.0,0.0,52650
-0.735195939313603,-0.21951387208874876,-1.5212903809683418,-1.685309532562377,-1.386680362342817,-0.22941573387056183,0.03680479828309378,-0.7781973992073942,-0.27623685550360466,-1.102752018522509,-0.5368181637610334,0.176739593271904,1.6979967697503173,1.0769933769758893,-1.4763791854366983,-0.2819958539695945,0.0,0.0,0.0,0.0,0.0,0.0,0.0,0.0,0.0,0.0,0.0,0.0,0.0,0.0,0.0,0.0,0.0,0.0,0.0,0.0,0.0,0.0,0.0,0.0,0.0,0.0,0.0,0.0,0.0,0.0,0.0,0.0,0.0,1.0,0.0,0.0,0.0,0.0,0.0,0.0,0.0,0.0,0.0,0.0,0.0,0.0,0.0,0.0,0.0,0.0,50000
1.3804758284953267,0.6498479975696623,0.49123204880467286,0.12426640751901391,1.4577921757962944,-0.22941573387056183,-0.6642389785377402,1.3179572114522533,-0.012840568968582357,0.6145246353977227,-0.5368181637610334,0.8149488531434718,0.49220198571265333,0.297461204822502,0.7085699275472318,-0.524303604236727,0.0,0.0,0.0,0.0,0.0,0.0,0.0,0.0,0.0,0.0,0.0,0.0,0.0,0.0,0.0,0.0,0.0,0.0,0.0,0.0,0.0,0.0,0.0,0.0,0.0,0.0,0.0,0.0,0.0,0.0,0.0,0.0,0.0,0.0,0.0,0.0,0.0,1.0,0.0,0.0,0.0,0.0,0.0,0.0,0.0,0.0,0.0,0.0,0.0,0.0,165515
-1.4404198619165796,0.21516706274045677,0.0006612362608836699,-0.6679757466125769,0.035555906726738765,4.358898943540674,-0.6642389785377402,0.6192390078990375,-0.012840568968582357,-1.5813373155166721,-0.5368181637610334,-0.6985772302991822,-1.3319045432985839,-0.44216774581602597,0.1982018889609292,-0.524303604236727,1.0,0.0,0.0,0.0,0.0,0.0,0.0,0.0,0.0,0.0,0.0,0.0,0.0,0.0,0.0,0.0,0.0,0.0,0.0,0.0,0.0,0.0,0.0,0.0,0.0,0.0,0.0,0.0,0.0,0.0,0.0,0.0,0.0,0.0,0.0,0.0,0.0,0.0,0.0,0.0,0.0,0.0,0.0,0.0,0.0,0.0,0.0,0.0,0.0,0.0,50000
0.6752519058923501,-1.0888757417471597,-0.25940039930449854,-0.1735780552975811,-1.386680362342817,-0.22941573387056183,-1.3652827553585742,-0.07947919565417831,0.5139520041014622,0.445612177635077,-0.5368181637610334,-1.1092316218577774,-0.8301174554334158,-0.22881060583807458,-0.0723546616149421,-0.524303604236727,0.0,0.0,0.0,0.0,0.0,0.0,0.0,0.0,0.0,0.0,0.0,0.0,0.0,0.0,0.0,0.0,0.0,0.0,0.0,0.0,0.0,0.0,0.0,0.0,0.0,0.0,0.0,0.0,1.0,0.0,0.0,0.0,0.0,0.0,0.0,0.0,0.0,0.0,0.0,0.0,0.0,0.0,0.0,0.0,0.0,0.0,0.0,0.0,0.0,0.0,398305
1.3804758284953267,-0.6541948069179543,0.3030813958009304,-0.5305090714664561,1.4577921757962944,-0.22941573387056183,-0.6642389785377402,0.6192390078990375,-0.539633142038627,-1.2998165525789291,-0.5368181637610334,-0.957057556050311,-0.353447629187952,1.6303244318851158,0.5128263625472643,-0.524303604236727,0.0,1.0,0.0,0.0,0.0,0.0,0.0,0.0,0.0,0.0,0.0,0.0,0.0,0.0,0.0,0.0,0.0,0.0,0.0,0.0,0.0,0.0,0.0,0.0,0.0,0.0,0.0,0.0,0.0,0.0,0.0,0.0,0.0,0.0,0.0,0.0,0.0,0.0,0.0,0.0,0.0,0.0,0.0,0.0,0.0,0.0,0.0,0.0,0.0,0.0,198159
-1.4404198619165796,-1.5235566765763653,0.2242748395689964,0.3561911781602761,0.035555906726738765,-0.22941573387056183,-0.6642389785377402,0.6192390078990375,1.040744577171507,-0.8493833318785404,-0.5368181637610334,0.78432075587299,0.5930774365272057,0.31439746119632245,0.4308395290394246,-0.524303604236727,0.0,0.0,0.0,0.0,0.0,0.0,0.0,0.0,0.0,1.0,0.0,0.0,0.0,0.0,0.0,0.0,0.0,0.0,0.0,0.0,0.0,0.0,0.0,0.0,0.0,0.0,0.0,0.0,0.0,0.0,0.0,0.0,0.0,0.0,0.0,0.0,0.0,0.0,0.0,0.0,0.0,0.0,0.0,0.0,0.0,0.0,0.0,0.0,0.0,0.0,95551
-0.735195939313603,-0.21951387208874876,-0.3598787585002144,-1.7863997922093051,0.7466740412615166,-0.22941573387056183,1.4388923519247618,-1.47691560276061,-0.8030294285736492,0.1359393384035598,-0.5368181637610334,1.1426769279418185,-1.7054983375200188,1.4505558002350227,-0.8543040861959641,1.2753078893202905,0.0,0.0,0.0,0.0,0.0,0.0,0.0,0.0,0.0,0.0,0.0,0.0,0.0,0.0,0.0,0.0,1.0,0.0,0.0,0.0,0.0,0.0,0.0,0.0,0.0,0.0,0.0,0.0,0.0,0.0,0.0,0.0,0.0,0.0,0.0,0.0,0.0,0.0,0.0,0.0,0.0,0.0,0.0,0.0,0.0,0.0,0.0,0.0,0.0,0.0,91890
-0.735195939313603,1.0845289323988678,-0.31555007061975154,-0.04234159496071434,0.7466740412615166,-0.22941573387056183,0.03680479828309378,1.3179572114522533,-0.27623685550360466,-1.2435123999913806,-0.5368181637610334,1.6251809700147841,1.4568991319683116,1.4826256324615061,-0.13077028048927794,-0.524303604236727,0.0,0.0,0.0,0.0,0.0,0.0,0.0,0.0,0.0,0.0,0.0,0.0,0.0,0.0,0.0,0.0,0.0,0.0,0.0,1.0,0.0,0.0,0.0,0.0,0.0,0.0,0.0,0.0,0.0,0.0,0.0,0.0,0.0,0.0,0.0,0.0,0.0,0.0,0.0,0.0,0.0,0.0,0.0,0.0,0.0,0.0,0.0,0.0,0.0,0.0,117556
0.6752519058923501,-1.0888757417471597,1.8171523574069626,2.367947637535523,1.4577921757962944,-0.22941573387056183,0.03680479828309378,0.6192390078990375,1.3041408637065293,0.10778726210978551,1.88045796921718,1.6583366287105,0.5497856345830321,1.6725003099633493,2.087998401316636,-0.524303604236727,0.0,0.0,0.0,0.0,0.0,0.0,0.0,0.0,0.0,0.0,0.0,0.0,0.0,0.0,0.0,0.0,0.0,0.0,0.0,0.0,0.0,0.0,0.0,0.0,0.0,0.0,0.0,0.0,0.0,0.0,0.0,0.0,0.0,0.0,0.0,1.0,0.0,0.0,0.0,0.0,0.0,0.0,0.0,0.0,0.0,0.0,0.0,0.0,0.0,0.0,50000
-0.735195939313603,-0.6541948069179543,-0.8563600627613986,-0.4071106233089734,-1.386680362342817,-0.22941573387056183,0.7378485751039278,0.6192390078990375,-0.27623685550360466,0.7834370931603685,-0.5368181637610334,1.140781256872893,1.2433027110693389,-1.0490355380639549,-0.6934049254368284,-0.524303604236727,0.0,0.0,0.0,0.0,0.0,0.0,0.0,0.0,0.0,0.0,0.0,0.0,0.0,0.0,0.0,0.0,0.0,0.0,0.0,0.0,0.0,0.0,0.0,0.0,0.0,0.0,0.0,0.0,0.0,0.0,0.0,0.0,0.0,0.0,0.0,0.0,0.0,0.0,0.0,1.0,0.0,0.0,0.0,0.0,0.0,0.0,0.0,0.0,0.0,0.0,50000
1.3804758284953267,-1.5235566765763653,-0.5746266242322345,-0.39284142164906904,0.7466740412615166,-0.22941573387056183,0.03680479828309378,-0.7781973992073942,-0.8030294285736492,1.684303534561146,-0.5368181637610334,0.4533217192302229,0.3604567941417098,0.8758130257045114,-0.40030199564630126,-0.524303604236727,0.0,0.0,0.0,0.0,0.0,0.0,0.0,0.0,0.0,0.0,0.0,0.0,0.0,0.0,0.0,0.0,0.0,0.0,0.0,0.0,0.0,0.0,0.0,0.0,0.0,0.0,0.0,0.0,0.0,0.0,0.0,0.0,0.0,0.0,0.0,0.0,0.0,0.0,0.0,0.0,0.0,0.0,0.0,0.0,0.0,0.0,0.0,1.0,0.0,0.0,162445
-0.02997201671062649,1.5192098672280734,0.5907253260474895,0.1359229384524569,1.4577921757962944,-0.22941573387056183,0.7378485751039278,-1.47691560276061,1.5675371502415514,-0.6523187978221204,-0.5368181637610334,-1.132016844705842,1.076044023509212,0.9921341997251432,0.8120783048508796,-0.524303604236727,0.0,0.0,0.0,0.0,0.0,0.0,0.0,1.0,0.0,0.0,0.0,0.0,0.0,0.0,0.0,0.0,0.0,0.0,0.0,0.0,0.0,0.0,0.0,0.0,0.0,0.0,0.0,0.0,0.0,0.0,0.0,0.0,0.0,0.0,0.0,0.0,0.0,0.0,0.0,0.0,0.0,0.0,0.0,0.0,0.0,0.0,0.0,0.0,0.0,0.0,241365
-0.735195939313603,1.5192098672280734,-0.10277236879352972,0.011117667596110407,0.7466740412615166,-0.22941573387056183,-0.6642389785377402,-1.47691560276061,1.5675371502415514,-1.2716644762851548,-0.5368181637610334,-1.4412342490664463,0.5829208042945483,0.5017065274948167,-0.84098122575094,1.9477799602863772,0.0,0.0,0.0,0.0,0.0,0.0,0.0,0.0,0.0,0.0,0.0,0.0,0.0,0.0,0.0,0.0,0.0,0.0,0.0,0.0,0.0,0.0,1.0,0.0,0.0,0.0,0.0,0.0,0.0,0.0,0.0,0.0,0.0,0.0,0.0,0.0,0.0,0.0,0.0,0.0,0.0,0.0,0.0,0.0,0.0,0.0,0.0,0.0,0.0,0.0,177063
1.3804758284953267,-1.0888757417471597,-0.08405581168844539,-0.9366788820955644,1.4577921757962944,-0.22941573387056183,-1.3652827553585742,-0.7781973992073942,0.5139520041014622,0.41746010134130274,-0.5368181637610334,-0.9203335753425004,-0.4971198092676153,-1.3455631660637468,0.11006604294000141,-0.524303604236727,0.0,0.0,0.0,0.0,0.0,0.0,0.0,0.0,0.0,0.0,0.0,0.0,0.0,0.0,1.0,0.0,0.0,0.0,0.0,0.0,0.0,0.0,0.0,0.0,0.0,0.0,0.0,0.0,0.0,0.0,0.0,0.0,0.0,0.0,0.0,0.0,0.0,0.0,0.0,0.0,0.0,0.0,0.0,0.0,0.0,0.0,0.0,0.0,0.0,0.0,412067
1.3804758284953267,0.21516706274045677,-0.39337154489878634,-0.32752465348753507,1.4577921757962944,-0.22941573387056183,-0.6642389785377402,-1.47691560276061,-0.012840568968582357,0.3893080250475284,-0.5368181637610334,-1.5677981704329393,1.5492317044305712,-0.6401434666890934,-0.21173227857826973,-0.524303604236727,0.0,0.0,0.0,0.0,0.0,0.0,0.0,0.0,0.0,0.0,0.0,0.0,0.0,0.0,0.0,0.0,0.0,0.0,0.0,0.0,0.0,0.0,1.0,0.0,0.0,0.0,0.0,0.0,0.0,0.0,0.0,0.0,0.0,0.0,0.0,0.0,0.0,0.0,0.0,0.0,0.0,0.0,0.0,0.0,0.0,0.0,0.0,0.0,0.0,0.0,176171
-1.4404198619165796,-0.21951387208874876,0.8320704045077875,-0.27486928961577534,0.7466740412615166,-0.22941573387056183,-1.3652827553585742,-0.07947919565417831,1.3041408637065293,-0.45525426376570033,-0.5368181637610334,-0.6808843003225447,0.931815331823262,0.045980160281610456,1.0631629824686388,-0.524303604236727,0.0,0.0,0.0,0.0,0.0,0.0,0.0,0.0,0.0,0.0,0.0,0.0,0.0,0.0,0.0,0.0,0.0,0.0,0.0,0.0,0.0,0.0,0.0,0.0,0.0,0.0,0.0,0.0,0.0,0.0,0.0,0.0,0.0,0.0,0.0,0.0,1.0,0.0,0.0,0.0,0.0,0.0,0.0,0.0,0.0,0.0,0.0,0.0,0.0,0.0,107582
0.6752519058923501,1.5192098672280734,0.1888118892646261,1.2390729090329495,-1.386680362342817,-0.22941573387056183,-0.6642389785377402,1.3179572114522533,-0.27623685550360466,-1.4968810866353492,-0.5368181637610334,0.5716710659647058,-1.3853170102301695,1.6057685750075013,0.39394545396089664,-0.524303604236727,0.0,0.0,0.0,0.0,0.0,0.0,0.0,0.0,0.0,0.0,0.0,0.0,0.0,0.0,0.0,0.0,0.0,0.0,0.0,0.0,0.0,0.0,0.0,0.0,0.0,0.0,0.0,0.0,0.0,0.0,0.0,0.0,0.0,0.0,0.0,0.0,0.0,0.0,1.0,0.0,0.0,0.0,0.0,0.0,0.0,0.0,0.0,0.0,0.0,0.0,91804
1.3804758284953267,-1.5235566765763653,-1.2720646468848504,1.815066316882046,0.7466740412615166,-0.22941573387056183,1.4388923519247618,1.3179572114522533,0.5139520041014622,-1.2153603236976063,-0.5368181637610334,0.8390350267251128,-1.425699165055151,-1.336803188745446,-1.3564734414314827,0.0855496099187525,0.0,0.0,0.0,0.0,0.0,0.0,0.0,0.0,0.0,0.0,0.0,0.0,0.0,0.0,0.0,0.0,0.0,0.0,0.0,0.0,0.0,0.0,0.0,0.0,0.0,0.0,0.0,0.0,0.0,0.0,0.0,0.0,0.0,0.0,0.0,0.0,0.0,0.0,0.0,0.0,0.0,0.0,0.0,0.0,0.0,0.0,1.0,0.0,0.0,0.0,70870
1.3804758284953267,-1.5235566765763653,1.5728520330879672,-0.20251840795992232,-1.386680362342817,-0.22941573387056183,-1.3652827553585742,0.6192390078990375,-0.8030294285736492,0.5863725591039485,-0.5368181637610334,0.35006340100522493,-1.359098588133375,1.2714031101300403,0.1541339659504653,3.9379705832669822,0.0,0.0,0.0,0.0,0.0,0.0,0.0,1.0,0.0,0.0,0.0,0.0,0.0,0.0,0.0,0.0,0.0,0.0,0.0,0.0,0.0,0.0,0.0,0.0,0.0,0.0,0.0,0.0,0.0,0.0,0.0,0.0,0.0,0.0,0.0,0.0,0.0,0.0,0.0,0.0,0.0,0.0,0.0,0.0,0.0,0.0,0.0,0.0,0.0,0.0,58840
-0.735195939313603,-0.6541948069179543,-0.6800303931924463,-2.235980131831925,-0.6755622278080391,-0.22941573387056183,0.03680479828309378,1.3179572114522533,1.3041408637065293,-1.384272781460252,-0.5368181637610334,0.385337750895622,-1.1367308333983441,1.2084309666664013,-1.0336502844943636,0.8669240405554605,0.0,0.0,0.0,0.0,0.0,0.0,0.0,0.0,0.0,0.0,0.0,0.0,0.0,0.0,0.0,0.0,0.0,0.0,0.0,0.0,0.0,0.0,0.0,0.0,0.0,0.0,0.0,0.0,0.0,0.0,0.0,0.0,0.0,0.0,1.0,0.0,0.0,0.0,0.0,0.0,0.0,0.0,0.0,0.0,0.0,0.0,0.0,0.0,0.0,0.0,50000
0.6752519058923501,-0.21951387208874876,-0.8701512101019871,-0.41715935687228634,-0.6755622278080391,-0.22941573387056183,-0.6642389785377402,-0.07947919565417831,-1.329822001643694,-0.9901437133474119,1.835872118309805,-1.0613938048831293,1.2699251245223513,1.6248446974749242,-1.0592711699655635,0.40953412993885097,0.0,0.0,0.0,0.0,0.0,0.0,0.0,0.0,0.0,0.0,0.0,0.0,0.0,0.0,0.0,0.0,1.0,0.0,0.0,0.0,0.0,0.0,0.0,0.0,0.0,0.0,0.0,0.0,0.0,0.0,0.0,0.0,0.0,0.0,0.0,0.0,0.0,0.0,0.0,0.0,0.0,0.0,0.0,0.0,0.0,0.0,0.0,0.0,0.0,0.0,69524
-1.4404198619165796,0.21516706274045677,-0.6248658038300925,0.7004607900393769,-0.6755622278080391,-0.22941573387056183,1.4388923519247618,1.3179572114522533,-0.27623685550360466,0.1359393384035598,1.8876881072021596,0.38857154271908306,-0.7855028996817062,1.6388180537269965,-0.4525686020075491,-0.524303604236727,0.0,0.0,0.0,0.0,0.0,0.0,0.0,0.0,0.0,0.0,0.0,0.0,0.0,0.0,0.0,0.0,0.0,0.0,0.0,0.0,0.0,0.0,0.0,0.0,0.0,0.0,0.0,0.0,0.0,0.0,0.0,0.0,0.0,0.0,0.0,0.0,0.0,0.0,0.0,0.0,0.0,1.0,0.0,0.0,0.0,0.0,0.0,0.0,0.0,0.0,50000
-0.02997201671062649,1.5192098672280734,-0.21113138361243897,0.43899274272197464,0.035555906726738765,-0.22941573387056183,0.7378485751039278,-0.7781973992073942,-1.0664257151086716,1.4590869242109514,-0.5368181637610334,1.6390825578535708,-1.3446533576563942,-1.3313757033747693,-0.7282493296776604,1.3488169820979599,0.0,0.0,0.0,0.0,0.0,0.0,0.0,0.0,0.0,0.0,0.0,0.0,0.0,0.0,0.0,0.0,0.0,0.0,0.0,0.0,0.0,0.0,0.0,0.0,0.0,0.0,0.0,0.0,0.0,1.0,0.0,0.0,0.0,0.0,0.0,0.0,0.0,0.0,0.0,0.0,0.0,0.0,0.0,0.0,0.0,0.0,0.0,0.0,0.0,0.0,643942
0.6752519058923501,-1.0888757417471597,-0.11754859808701734,0.09894359893946535,-0.6755622278080391,-0.22941573387056183,1.4388923519247618,-1.47691560276061,-0.012840568968582357,-0.6804708741158947,-0.5368181637610334,-0.6633400504297444,-1.5228654032024556,0.47140149611627824,0.07522163869916951,-0.524303604236727,0.0,0.0,0.0,0.0,0.0,0.0,0.0,0.0,0.0,0.0,0.0,0.0,0.0,0.0,0.0,0.0,1.0,0.0,0.0,0.0,0.0,0.0,0.0,0.0,0.0,0.0,0.0,0.0,0.0,0.0,0.0,0.0,0.0,0.0,0.0,0.0,0.0,0.0,0.0,0.0,0.0,0.0,0.0,0.0,0.0,0.0,0.0,0.0,0.0,0.0,88742
-1.4404198619165796,-0.6541948069179543,0.11788598865588551,0.9400225981887569,0.7466740412615166,-0.22941573387056183,-1.3652827553585742,0.6192390078990375,1.5675371502415514,-0.45525426376570033,-0.5368181637610334,-0.24922884692193215,1.3765145521784146,1.4824564854060993,0.3201573038038409,-0.524303604236727,0.0,0.0,0.0,0.0,0.0,0.0,0.0,0.0,0.0,0.0,0.0,0.0,0.0,0.0,0.0,0.0,0.0,0.0,0.0,0.0,0.0,0.0,0.0,0.0,0.0,0.0,0.0,0.0,0.0,0.0,0.0,0.0,0.0,0.0,0.0,0.0,0.0,1.0,0.0,0.0,0.0,0.0,0.0,0.0,0.0,0.0,0.0,0.0,0.0,0.0,103324
0.6752519058923501,-0.21951387208874876,-1.0533764533412338,-0.6133106360281545,1.4577921757962944,-0.22941573387056183,-1.3652827553585742,0.6192390078990375,-1.0664257151086716,0.8678933220416915,-0.5368181637610334,-1.1150301451274318,-1.5416391562933287,0.5259220986910688,-1.0397992970074517,-0.1513130223648489,0.0,0.0,0.0,0.0,0.0,0.0,0.0,0.0,0.0,0.0,0.0,0.0,0.0,0.0,0.0,0.0,0.0,1.0,0.0,0.0,0.0,0.0,0.0,0.0,0.0,0.0,0.0,0.0,0.0,0.0,0.0,0.0,0.0,0.0,0.0,0.0,0.0,0.0,0.0,0.0,0.0,0.0,0.0,0.0,0.0,0.0,0.0,0.0,0.0,0.0,219581
-0.735195939313603,1.5192098672280734,1.4694184280335538,-0.9497422357278712,-1.386680362342817,-0.22941573387056183,0.7378485751039278,-0.7781973992073942,-0.012840568968582357,-0.905687484466089,-0.5368181637610334,0.28683719535341734,-0.07257156272379071,-1.5822895443951313,-0.008814865646366271,4.084988768822321,0.0,0.0,0.0,0.0,0.0,0.0,0.0,0.0,0.0,0.0,0.0,0.0,0.0,0.0,0.0,0.0,0.0,0.0,0.0,0.0,0.0,0.0,0.0,0.0,1.0,0.0,0.0,0.0,0.0,0.0,0.0,0.0,0.0,0.0,0.0,0.0,0.0,0.0,0.0,0.0,0.0,0.0,0.0,0.0,0.0,0.0,0.0,0.0,0.0,0.0,422865
-1.4404198619165796,-1.0888757417471597,-0.38549088927559294,-0.009180774201781695,-1.386680362342817,-0.22941573387056183,0.03680479828309378,1.3179572114522533,-1.0664257151086716,0.9523495509230143,-0.5368181637610334,1.0580036201964818,0.7192806342628414,0.025692890992057675,-0.20353359522748576,-0.524303604236727,0.0,0.0,0.0,0.0,0.0,0.0,0.0,0.0,0.0,0.0,0.0,0.0,0.0,0.0,0.0,0.0,0.0,0.0,0.0,0.0,0.0,0.0,0.0,0.0,0.0,0.0,0.0,0.0,0.0,0.0,0.0,0.0,0.0,0.0,0.0,0.0,0.0,0.0,0.0,0.0,0.0,0.0,0.0,0.0,0.0,0.0,0.0,0.0,0.0,1.0,116686
-0.735195939313603,-1.0888757417471597,0.7404577828881641,-0.5494006905654844,1.4577921757962944,-0.22941573387056183,1.4388923519247618,-1.47691560276061,-0.8030294285736492,-0.20188557712173172,1.8732278312322002,1.2399880428133248,0.8388395527167096,1.1160776983755654,-0.2773217453845416,2.78088301176663,0.0,0.0,0.0,0.0,0.0,0.0,0.0,0.0,0.0,0.0,0.0,1.0,0.0,0.0,0.0,0.0,0.0,0.0,0.0,0.0,0.0,0.0,0.0,0.0,0.0,0.0,0.0,0.0,0.0,0.0,0.0,0.0,0.0,0.0,0.0,0.0,0.0,0.0,0.0,0.0,0.0,0.0,0.0,0.0,0.0,0.0,0.0,0.0,0.0,0.0,216206
-1.4404198619165796,1.0845289323988678,0.6301286041634565,-0.15046596810196136,1.4577921757962944,4.358898943540674,-0.6642389785377402,0.6192390078990375,-1.5932182881787162,1.1775661612732087,-0.5368181637610334,0.7813471541962442,-0.3979216365343042,1.3272491619167175,-0.1840617222693738,2.2309260954299925,0.0,0.0,0.0,0.0,0.0,0.0,0.0,1.0,0.0,0.0,0.0,0.0,0.0,0.0,0.0,0.0,0.0,0.0,0.0,0.0,0.0,0.0,0.0,0.0,0.0,0.0,0.0,0.0,0.0,0.0,0.0,0.0,0.0,0.0,0.0,0.0,0.0,0.0,0.0,0.0,0.0,0.0,0.0,0.0,0.0,0.0,0.0,0.0,0.0,0.0,94839
-1.4404198619165796,1.0845289323988678,0.8695035187179561,0.3951802643859303,0.035555906726738765,-0.22941573387056183,0.03680479828309378,0.6192390078990375,1.3041408637065293,0.445612177635077,1.8888931301996563,-1.337938760820489,-1.286725554729157,-1.1028799849244864,1.102106728384863,-0.524303604236727,0.0,0.0,0.0,0.0,0.0,0.0,0.0,0.0,0.0,0.0,0.0,0.0,0.0,0.0,0.0,0.0,0.0,0.0,1.0,0.0,0.0,0.0,0.0,0.0,0.0,0.0,0.0,0.0,0.0,0.0,0.0,0.0,0.0,0.0,0.0,0.0,0.0,0.0,0.0,0.0,0.0,0.0,0.0,0.0,0.0,0.0,0.0,0.0,0.0,0.0,666136
1.3804758284953267,-1.0888757417471597,1.465478100221957,1.3317222324866946,0.035555906726738765,-0.22941573387056183,-0.6642389785377402,-0.7781973992073942,-0.012840568968582357,1.5153910767985002,-0.5368181637610334,1.1462080799329541,-0.6641253308831694,1.0416062168140123,1.722132156787901,-0.524303604236727,0.0,0.0,0.0,0.0,0.0,0.0,0.0,0.0,0.0,0.0,0.0,0.0,0.0,0.0,0.0,0.0,0.0,0.0,0.0,0.0,0.0,0.0,0.0,0.0,0.0,0.0,0.0,0.0,0.0,0.0,0.0,0.0,1.0,0.0,0.0,0.0,0.0,0.0,0.0,0.0,0.0,0.0,0.0,0.0,0.0,0.0,0.0,0.0,0.0,0.0,138044
0.6752519058923501,-1.5235566765763653,0.1888118892646261,-0.9782806390476798,-0.6755622278080391,-0.22941573387056183,-1.3652827553585742,-0.7781973992073942,-1.5932182881787162,1.2057182375669828,-0.5368181637610334,-0.47693239531874193,1.513307444687556,0.6075263880873117,0.39394545396089664,-0.524303604236727,0.0,0.0,0.0,0.0,0.0,0.0,0.0,0.0,0.0,0.0,0.0,1.0,0.0,0.0,0.0,0.0,0.0,0.0,0.0,0.0,0.0,0.0,0.0,0.0,0.0,0.0,0.0,0.0,0.0,0.0,0.0,0.0,0.0,0.0,0.0,0.0,0.0,0.0,0.0,0.0,0.0,0.0,0.0,0.0,0.0,0.0,0.0,0.0,0.0,0.0,180098
-0.735195939313603,0.6498479975696623,-0.32244564429004574,-0.3799790426880285,0.035555906726738765,4.358898943540674,-0.6642389785377402,0.6192390078990375,0.7773482906364846,-1.3561207051664776,-0.5368181637610334,-0.044273351352227736,-0.9010964950887623,-1.1019992583427984,-0.13794412842121392,-0.524303604236727,0.0,0.0,0.0,0.0,0.0,0.0,0.0,0.0,0.0,0.0,0.0,1.0,0.0,0.0,0.0,0.0,0.0,0.0,0.0,0.0,0.0,0.0,0.0,0.0,0.0,0.0,0.0,0.0,0.0,0.0,0.0,0.0,0.0,0.0,0.0,0.0,0.0,0.0,0.0,0.0,0.0,0.0,0.0,0.0,0.0,0.0,0.0,0.0,0.0,0.0,193633
-0.735195939313603,-1.5235566765763653,-0.08602597559424374,-2.5854750851639485,0.035555906726738765,-0.22941573387056183,0.03680479828309378,0.6192390078990375,-1.329822001643694,-0.7930791792909918,1.8659976932472204,1.1796610987963445,-0.020294522671041794,-1.508097308856229,-0.2219806327667497,0.35236039111177475,0.0,0.0,0.0,0.0,0.0,0.0,0.0,0.0,0.0,0.0,0.0,0.0,0.0,0.0,0.0,0.0,0.0,0.0,0.0,0.0,0.0,0.0,0.0,1.0,0.0,0.0,0.0,0.0,0.0,0.0,0.0,0.0,0.0,0.0,0.0,0.0,0.0,0.0,0.0,0.0,0.0,0.0,0.0,0.0,0.0,0.0,0.0,0.0,0.0,0.0,50000
-1.4404198619165796,0.21516706274045677,1.6102851472981357,0.6472025021538184,1.4577921757962944,-0.22941573387056183,0.03680479828309378,-1.47691560276061,-0.27623685550360466,-1.0464478659349605,-0.5368181637610334,0.24409167125019643,-1.5684448004852727,1.5572348458535028,1.8727829633585569,-0.524303604236727,0.0,0.0,0.0,0.0,0.0,0.0,0.0,0.0,0.0,0.0,0.0,0.0,0.0,0.0,0.0,0.0,0.0,0.0,0.0,0.0,1.0,0.0,0.0,0.0,0.0,0.0,0.0,0.0,0.0,0.0,0.0,0.0,0.0,0.0,0.0,0.0,0.0,0.0,0.0,0.0,0.0,0.0,0.0,0.0,0.0,0.0,0.0,0.0,0.0,0.0,115807
1.3804758284953267,-0.6541948069179543,0.7187859799243823,0.5177748138583479,0.035555906726738765,-0.22941573387056183,0.7378485751039278,-1.47691560276061,-0.8030294285736492,-0.7086229504096689,1.8780479232221867,-0.7652230778792475,1.0251135520623378,0.12164457768250497,0.9453069093011192,-0.524303604236727,0.0,0.0,0.0,0.0,0.0,0.0,0.0,0.0,0.0,0.0,0.0,0.0,0.0,0.0,0.0,0.0,0.0,0.0,0.0,0.0,0.0,0.0,0.0,0.0,0.0,1.0,0.0,0.0,0.0,0.0,0.0,0.0,0.0,0.0,0.0,0.0,0.0,0.0,0.0,0.0,0.0,0.0,0.0,0.0,0.0,0.0,0.0,0.0,0.0,0.0,303790
-0.735195939313603,0.21516706274045677,0.003616482119581195,0.45969313386239924,1.4577921757962944,-0.22941573387056183,1.4388923519247618,-0.07947919565417831,-1.5932182881787162,-0.08927727194663454,-0.5368181637610334,-0.5928656906908689,0.3721408876349463,-0.04788420796097935,0.20127639521747318,-0.524303604236727,0.0,0.0,0.0,0.0,0.0,0.0,0.0,0.0,0.0,0.0,0.0,0.0,0.0,0.0,0.0,0.0,0.0,0.0,0.0,0.0,0.0,0.0,0.0,0.0,0.0,0.0,0.0,0.0,0.0,0.0,0.0,0.0,0.0,0.0,0.0,0.0,0.0,0.0,0.0,0.0,0.0,0.0,0.0,0.0,0.0,0.0,0.0,1.0,0.0,0.0,184951
-0.02997201671062649,-1.5235566765763653,0.575949096754002,0.89580817051018,-1.386680362342817,-0.22941573387056183,-0.6642389785377402,0.6192390078990375,0.5139520041014622,0.6989808642790456,-0.5368181637610334,-1.3467852258088078,-1.3066762745975562,1.022821426223898,0.7967057735681596,-0.524303604236727,0.0,0.0,0.0,0.0,0.0,0.0,0.0,0.0,0.0,0.0,0.0,0.0,0.0,0.0,0.0,0.0,0.0,0.0,0.0,0.0,0.0,0.0,0.0,0.0,0.0,0.0,0.0,0.0,0.0,0.0,0.0,0.0,0.0,0.0,0.0,0.0,0.0,0.0,0.0,0.0,0.0,0.0,0.0,1.0,0.0,0.0,0.0,0.0,0.0,0.0,142804
-0.02997201671062649,-1.5235566765763653,0.19373729902912198,0.941630395558887,-0.6755622278080391,-0.22941573387056183,1.4388923519247618,0.6192390078990375,-1.0664257151086716,0.3893080250475284,1.8623826242547306,-0.669510273908992,0.9141285267080088,0.34088038971592205,0.39906963105513665,-0.524303604236727,0.0,0.0,0.0,0.0,0.0,0.0,0.0,0.0,0.0,0.0,1.0,0.0,0.0,0.0,0.0,0.0,0.0,0.0,0.0,0.0,0.0,0.0,0.0,0.0,0.0,0.0,0.0,0.0,0.0,0.0,0.0,0.0,0.0,0.0,0.0,0.0,0.0,0.0,0.0,0.0,0.0,0.0,0.0,0.0,0.0,0.0,0.0,0.0,0.0,0.0,130856
-0.02997201671062649,-1.0888757417471597,-0.72337399912001,1.123512473054851,-0.6755622278080391,-0.22941573387056183,-0.6642389785377402,-1.47691560276061,-0.27623685550360466,-1.0745999422287347,-0.5368181637610334,-0.32263963831659415,0.9639467654918048,0.31735610729355723,-1.1576553701749712,1.073838523929641,0.0,0.0,1.0,0.0,0.0,0.0,0.0,0.0,0.0,0.0,0.0,0.0,0.0,0.0,0.0,0.0,0.0,0.0,0.0,0.0,0.0,0.0,0.0,0.0,0.0,0.0,0.0,0.0,0.0,0.0,0.0,0.0,0.0,0.0,0.0,0.0,0.0,0.0,0.0,0.0,0.0,0.0,0.0,0.0,0.0,0.0,0.0,0.0,0.0,0.0,50000
-1.4404198619165796,0.6498479975696623,-1.0228389128013593,0.29027148598494334,-0.6755622278080391,-0.22941573387056183,0.7378485751039278,1.3179572114522533,-0.012840568968582357,-0.8212312555847662,-0.5368181637610334,0.34794470981054354,1.4548361427998633,0.19022793105333863,-0.86660211122214,-0.524303604236727,0.0,0.0,0.0,0.0,0.0,0.0,0.0,0.0,0.0,0.0,0.0,0.0,0.0,0.0,0.0,0.0,0.0,0.0,0.0,0.0,0.0,0.0,0.0,0.0,0.0,0.0,0.0,0.0,0.0,0.0,0.0,0.0,0.0,0.0,0.0,0.0,0.0,0.0,0.0,0.0,0.0,0.0,0.0,0.0,0.0,0.0,0.0,0.0,1.0,0.0,79072
0.6752519058923501,-1.0888757417471597,1.4378958055407802,-0.18382776353216027,-0.6755622278080391,-0.22941573387056183,0.7378485751039278,1.3179572114522533,1.3041408637065293,0.24854764357865697,-0.5368181637610334,-0.5098650338887017,-0.48832328561527116,-1.6953754666544076,1.6934367650601572,-0.524303604236727,0.0,0.0,0.0,0.0,0.0,0.0,0.0,0.0,0.0,0.0,0.0,0.0,0.0,0.0,0.0,0.0,0.0,0.0,0.0,0.0,0.0,0.0,0.0,1.0,0.0,0.0,0.0,0.0,0.0,0.0,0.0,0.0,0.0,0.0,0.0,0.0,0.0,0.0,0.0,0.0,0.0,0.0,0.0,0.0,0.0,0.0,0.0,0.0,0.0,0.0,937908
-1.4404198619165796,-1.0888757417471597,-1.5537980854140145,-1.4228366118886435,-0.6755622278080391,-0.22941573387056183,1.4388923519247618,1.3179572114522533,-1.5932182881787162,-0.37079803488437746,-0.5368181637610334,-0.6975364697123211,-0.3657149331801753,-0.2268858742311784,-1.4189884019812105,-0.524303604236727,0.0,0.0,0.0,0.0,0.0,0.0,0.0,0.0,0.0,0.0,0.0,0.0,0.0,0.0,1.0,0.0,0.0,0.0,0.0,0.0,0.0,0.0,0.0,0.0,0.0,0.0,0.0,0.0,0.0,0.0,0.0,0.0,0.0,0.0,0.0,0.0,0.0,0.0,0.0,0.0,0.0,0.0,0.0,0.0,0.0,0.0,0.0,0.0,0.0,0.0,50000
0.6752519058923501,-0.6541948069179543,-0.07124974630075612,-1.6967650888245538,-0.6755622278080391,-0.22941573387056183,1.4388923519247618,-1.47691560276061,0.25055571756643996,1.6279993819735974,-0.5368181637610334,1.1544226545649645,0.5145090624980186,-1.392751750067721,0.12338890338502538,-0.524303604236727,0.0,0.0,0.0,0.0,0.0,0.0,0.0,0.0,0.0,0.0,0.0,0.0,0.0,0.0,0.0,0.0,0.0,0.0,0.0,0.0,0.0,0.0,0.0,0.0,0.0,0.0,0.0,0.0,0.0,0.0,0.0,0.0,0.0,0.0,0.0,0.0,0.0,0.0,0.0,0.0,0.0,0.0,0.0,1.0,0.0,0.0,0.0,0.0,0.0,0.0,265314
0.6752519058923501,0.6498479975696623,-0.09292154926453797,1.2511313893089249,-1.386680362342817,-0.22941573387056183,-1.3652827553585742,-1.47691560276061,0.5139520041014622,1.2620223901545315,-0.5368181637610334,-1.5002230723288912,1.5218870857576572,-1.5773096494065642,0.10084252417036944,-0.524303604236727,0.0,0.0,0.0,0.0,0.0,0.0,0.0,0.0,0.0,0.0,0.0,0.0,0.0,0.0,0.0,0.0,0.0,0.0,0.0,0.0,0.0,0.0,0.0,1.0,0.0,0.0,0.0,0.0,0.0,0.0,0.0,0.0,0.0,0.0,0.0,0.0,0.0,0.0,0.0,0.0,0.0,0.0,0.0,0.0,0.0,0.0,0.0,0.0,0.0,0.0,237550
-1.4404198619165796,-1.5235566765763653,-1.6936797227256974,-1.0729397092140875,0.035555906726738765,-0.22941573387056183,-1.3652827553585742,1.3179572114522533,-0.8030294285736492,-0.061125195652860245,-0.5368181637610334,0.9939968441045284,0.1936797057467112,-0.9613491694575289,-1.5645150314576262,-0.524303604236727,0.0,0.0,0.0,0.0,0.0,0.0,0.0,0.0,0.0,0.0,0.0,0.0,0.0,0.0,0.0,0.0,0.0,0.0,0.0,0.0,0.0,0.0,0.0,0.0,0.0,0.0,0.0,0.0,0.0,0.0,0.0,0.0,0.0,0.0,0.0,0.0,0.0,0.0,0.0,1.0,0.0,0.0,0.0,0.0,0.0,0.0,0.0,0.0,0.0,0.0,50000
-0.02997201671062649,-0.21951387208874876,-1.3232889084356076,0.9038471573608303,0.035555906726738765,-0.22941573387056183,0.03680479828309378,-0.7781973992073942,0.25055571756643996,0.8397412457479171,-0.5368181637610334,1.335663676762621,0.3975320707559232,0.8934853849316248,-1.3482747580806986,-0.07780392958717948,0.0,0.0,0.0,0.0,0.0,0.0,0.0,0.0,0.0,0.0,0.0,0.0,0.0,0.0,0.0,0.0,0.0,0.0,0.0,0.0,0.0,0.0,0.0,0.0,0.0,0.0,0.0,0.0,0.0,1.0,0.0,0.0,0.0,0.0,0.0,0.0,0.0,0.0,0.0,0.0,0.0,0.0,0.0,0.0,0.0,0.0,0.0,0.0,0.0,0.0,50000
0.6752519058923501,-0.21951387208874876,-0.24856449782260762,0.23299370467405972,0.035555906726738765,-0.22941573387056183,-1.3652827553585742,1.3179572114522533,-0.539633142038627,-0.5960146452345718,-0.5368181637610334,1.396399491010154,1.5198745651946528,-1.6646113477353865,-0.061081472007614136,-0.524303604236727,0.0,0.0,0.0,0.0,0.0,0.0,0.0,0.0,0.0,0.0,0.0,0.0,0.0,0.0,0.0,0.0,0.0,0.0,0.0,0.0,0.0,0.0,0.0,0.0,0.0,0.0,0.0,0.0,0.0,0.0,0.0,0.0,0.0,0.0,1.0,0.0,0.0,0.0,0.0,0.0,0.0,0.0,0.0,0.0,0.0,0.0,0.0,0.0,0.0,0.0,96747
0.6752519058923501,-1.0888757417471597,0.8251748308374932,-0.4057038006101096,0.035555906726738765,-0.22941573387056183,-0.6642389785377402,1.3179572114522533,0.5139520041014622,-0.7367750267034433,-0.5368181637610334,0.3971578175606866,-0.5168884265651222,-1.3546030621287979,1.055989134536703,-0.524303604236727,0.0,0.0,0.0,0.0,0.0,0.0,0.0,0.0,0.0,0.0,0.0,0.0,0.0,0.0,0.0,0.0,0.0,0.0,0.0,0.0,0.0,0.0,0.0,0.0,0.0,0.0,0.0,0.0,0.0,0.0,0.0,0.0,0.0,0.0,0.0,0.0,0.0,0.0,0.0,1.0,0.0,0.0,0.0,0.0,0.0,0.0,0.0,0.0,0.0,0.0,50000
-1.4404198619165796,-0.6541948069179543,0.4065150008553438,-0.9242184524770564,1.4577921757962944,-0.22941573387056183,0.03680479828309378,-1.47691560276061,-0.012840568968582357,-0.8493833318785404,-0.5368181637610334,0.9967845956764776,1.6517633552621056,-0.49828984449618485,0.06907262618608152,0.94043313333313,0.0,0.0,0.0,0.0,0.0,0.0,0.0,0.0,0.0,0.0,0.0,0.0,0.0,0.0,0.0,0.0,0.0,0.0,0.0,0.0,0.0,0.0,0.0,0.0,0.0,0.0,0.0,0.0,0.0,0.0,0.0,0.0,0.0,0.0,1.0,0.0,0.0,0.0,0.0,0.0,0.0,0.0,0.0,0.0,0.0,0.0,0.0,0.0,0.0,0.0,84372
-1.4404198619165796,1.0845289323988678,0.8635930270005611,-1.025107737452718,-0.6755622278080391,-0.22941573387056183,-1.3652827553585742,1.3179572114522533,0.7773482906364846,0.8960453983354657,-0.5368181637610334,-0.45418434249163653,1.0785390991654857,1.4180987074335247,1.0959577158717748,-0.524303604236727,0.0,0.0,0.0,0.0,0.0,0.0,0.0,0.0,0.0,0.0,0.0,0.0,0.0,1.0,0.0,0.0,0.0,0.0,0.0,0.0,0.0,0.0,0.0,0.0,0.0,0.0,0.0,0.0,0.0,0.0,0.0,0.0,0.0,0.0,0.0,0.0,0.0,0.0,0.0,0.0,0.0,0.0,0.0,0.0,0.0,0.0,0.0,0.0,0.0,0.0,217772
0.6752519058923501,-1.0888757417471597,-0.6770751473337487,-0.4766478595670988,-1.386680362342817,-0.22941573387056183,-1.3652827553585742,0.6192390078990375,-0.539633142038627,-0.7649271029972176,-0.5368181637610334,0.9127060082664901,1.5541725637911918,-1.4695764576692787,-0.5068848792064929,-0.524303604236727,0.0,0.0,0.0,0.0,0.0,0.0,0.0,1.0,0.0,0.0,0.0,0.0,0.0,0.0,0.0,0.0,0.0,0.0,0.0,0.0,0.0,0.0,0.0,0.0,0.0,0.0,0.0,0.0,0.0,0.0,0.0,0.0,0.0,0.0,0.0,0.0,0.0,0.0,0.0,0.0,0.0,0.0,0.0,0.0,0.0,0.0,0.0,0.0,0.0,0.0,195780
-1.4404198619165796,1.5192098672280734,-0.11262318832252147,-1.8593535978789568,0.7466740412615166,-0.22941573387056183,-1.3652827553585742,-0.7781973992073942,1.3041408637065293,1.6561514582673715,-0.5368181637610334,-0.2753965416772952,1.3580758247888445,0.021802261255393994,0.08034581579340949,-0.524303604236727,0.0,0.0,0.0,0.0,0.0,0.0,0.0,0.0,0.0,0.0,0.0,0.0,0.0,0.0,0.0,0.0,0.0,0.0,0.0,0.0,0.0,0.0,0.0,0.0,0.0,0.0,0.0,0.0,0.0,0.0,0.0,0.0,1.0,0.0,0.0,0.0,0.0,0.0,0.0,0.0,0.0,0.0,0.0,0.0,0.0,0.0,0.0,0.0,0.0,0.0,50000
0.6752519058923501,-0.6541948069179543,-0.034801714043486635,-0.20894959744044259,1.4577921757962944,-0.22941573387056183,0.03680479828309378,1.3179572114522533,-0.8030294285736492,0.33300387245997987,-0.5368181637610334,-1.0170871398996169,-0.9337458848074078,-1.6735920895083387,-0.6790572295729566,1.7054722100192448,0.0,0.0,0.0,0.0,0.0,0.0,0.0,0.0,0.0,0.0,0.0,0.0,1.0,0.0,0.0,0.0,0.0,0.0,0.0,0.0,0.0,0.0,0.0,0.0,0.0,0.0,0.0,0.0,0.0,0.0,0.0,0.0,0.0,0.0,0.0,0.0,0.0,0.0,0.0,0.0,0.0,0.0,0.0,0.0,0.0,0.0,0.0,0.0,0.0,0.0,223647
0.6752519058923501,-1.5235566765763653,1.1374458099065317,-0.7220379331832003,-0.6755622278080391,-0.22941573387056183,-0.6642389785377402,-0.7781973992073942,0.5139520041014622,-0.11742934824040883,-0.5368181637610334,0.28256264294309524,1.4320454406967522,1.4000428376190888,1.3808619623115181,-0.524303604236727,0.0,0.0,0.0,0.0,0.0,0.0,0.0,0.0,0.0,0.0,0.0,0.0,0.0,0.0,0.0,0.0,0.0,0.0,0.0,0.0,0.0,1.0,0.0,0.0,0.0,0.0,0.0,0.0,0.0,0.0,0.0,0.0,0.0,0.0,0.0,0.0,0.0,0.0,0.0,0.0,0.0,0.0,0.0,0.0,0.0,0.0,0.0,0.0,0.0,0.0,248796
-0.02997201671062649,-1.0888757417471597,0.7985776181092155,0.08909584004741868,0.7466740412615166,-0.22941573387056183,0.7378485751039278,0.6192390078990375,1.040744577171507,-0.39895011117815177,1.8997383371771257,-1.3593486928930587,0.042309775374682244,0.739688402592542,1.028318578227807,-0.524303604236727,0.0,0.0,0.0,0.0,0.0,0.0,0.0,0.0,0.0,0.0,0.0,0.0,0.0,0.0,0.0,0.0,0.0,0.0,0.0,0.0,0.0,1.0,0.0,0.0,0.0,0.0,0.0,0.0,0.0,0.0,0.0,0.0,0.0,0.0,0.0,0.0,0.0,0.0,0.0,0.0,0.0,0.0,0.0,0.0,0.0,0.0,0.0,0.0,0.0,0.0,226280
-0.735195939313603,0.21516706274045677,1.5295084271604034,1.2728366538056808,0.035555906726738765,-0.22941573387056183,0.7378485751039278,1.3179572114522533,-1.5932182881787162,-0.1737335008279574,-0.5368181637610334,-1.4072980199305847,1.3372145950926233,-1.091882446012511,0.6286327648770881,2.554910615450091,0.0,0.0,0.0,0.0,0.0,0.0,0.0,0.0,0.0,0.0,0.0,0.0,0.0,0.0,0.0,0.0,0.0,0.0,0.0,0.0,0.0,0.0,0.0,0.0,0.0,0.0,0.0,0.0,0.0,0.0,0.0,0.0,1.0,0.0,0.0,0.0,0.0,0.0,0.0,0.0,0.0,0.0,0.0,0.0,0.0,0.0,0.0,0.0,0.0,0.0,856095
0.6752519058923501,0.6498479975696623,1.3709102327436362,-2.3085319881590443,0.7466740412615166,-0.22941573387056183,1.4388923519247618,1.3179572114522533,1.3041408637065293,0.05148310952223692,-0.5368181637610334,0.006500897278206836,-0.7873397295957688,-0.3228427029973487,0.7915815964739196,1.686414297076886,0.0,0.0,0.0,0.0,0.0,0.0,0.0,0.0,1.0,0.0,0.0,0.0,0.0,0.0,0.0,0.0,0.0,0.0,0.0,0.0,0.0,0.0,0.0,0.0,0.0,0.0,0.0,0.0,0.0,0.0,0.0,0.0,0.0,0.0,0.0,0.0,0.0,0.0,0.0,0.0,0.0,0.0,0.0,0.0,0.0,0.0,0.0,0.0,0.0,0.0,1100941
1.3804758284953267,0.21516706274045677,0.08734844811601107,0.8373245411716989,0.7466740412615166,-0.22941573387056183,-0.6642389785377402,0.6192390078990375,-0.8030294285736492,1.7124556108549203,-0.5368181637610334,-0.3966451500466053,1.2284442933881392,-0.8027478608639238,-0.6175671044420766,1.879715985492239,0.0,0.0,0.0,0.0,0.0,0.0,0.0,0.0,0.0,0.0,0.0,0.0,0.0,0.0,0.0,0.0,0.0,0.0,0.0,0.0,0.0,0.0,0.0,0.0,0.0,0.0,0.0,0.0,0.0,0.0,0.0,0.0,0.0,0.0,0.0,0.0,0.0,0.0,0.0,0.0,0.0,0.0,0.0,0.0,0.0,0.0,0.0,0.0,0.0,1.0,440863
0.6752519058923501,-1.0888757417471597,2.493903659048696,1.0945721203925096,0.7466740412615166,-0.22941573387056183,-0.6642389785377402,-1.47691560276061,-1.0664257151086716,0.5582204828101742,-0.5368181637610334,-1.1934588893516023,0.18036829278032832,0.5677794766127872,2.7920603340652104,-0.524303604236727,0.0,0.0,0.0,0.0,0.0,0.0,0.0,0.0,0.0,0.0,0.0,0.0,0.0,0.0,0.0,0.0,0.0,0.0,0.0,0.0,0.0,0.0,0.0,0.0,0.0,0.0,0.0,0.0,0.0,1.0,0.0,0.0,0.0,0.0,0.0,0.0,0.0,0.0,0.0,0.0,0.0,0.0,0.0,0.0,0.0,0.0,0.0,0.0,0.0,0.0,737232
-0.735195939313603,0.6498479975696623,1.6033895736278416,-1.3995235500217575,-1.386680362342817,-0.22941573387056183,1.4388923519247618,1.3179572114522533,-0.012840568968582357,0.445612177635077,-0.5368181637610334,-1.1457325824398321,-1.0554936323798312,0.8542116630675871,1.8656091154266208,-0.524303604236727,0.0,0.0,0.0,0.0,0.0,0.0,0.0,0.0,1.0,0.0,0.0,0.0,0.0,0.0,0.0,0.0,0.0,0.0,0.0,0.0,0.0,0.0,0.0,0.0,0.0,0.0,0.0,0.0,0.0,0.0,0.0,0.0,0.0,0.0,0.0,0.0,0.0,0.0,0.0,0.0,0.0,0.0,0.0,0.0,0.0,0.0,0.0,0.0,0.0,0.0,565999
-0.735195939313603,1.5192098672280734,-0.8514346529969028,0.01594105970650061,1.4577921757962944,-0.22941573387056183,-1.3652827553585742,0.6192390078990375,0.5139520041014622,-1.2153603236976063,-0.5368181637610334,0.6011468925854486,-1.4089670661517768,-1.521363127636498,-0.6882807483425885,-0.524303604236727,0.0,0.0,0.0,0.0,0.0,0.0,0.0,0.0,0.0,0.0,0.0,0.0,0.0,0.0,0.0,0.0,0.0,0.0,0.0,0.0,0.0,0.0,0.0,0.0,0.0,0.0,0.0,0.0,0.0,1.0,0.0,0.0,0.0,0.0,0.0,0.0,0.0,0.0,0.0,0.0,0.0,0.0,0.0,0.0,0.0,0.0,0.0,0.0,0.0,0.0,122992
0.6752519058923501,0.21516706274045677,0.1415279555254657,-0.8510636721361383,1.4577921757962944,-0.22941573387056183,0.03680479828309378,-1.47691560276061,-1.329822001643694,1.31832654274208,-0.5368181637610334,-0.8746887896044523,0.0270278653643231,0.35522148651710606,0.3447533538561928,-0.524303604236727,0.0,0.0,0.0,0.0,0.0,0.0,0.0,0.0,0.0,0.0,0.0,0.0,0.0,0.0,1.0,0.0,0.0,0.0,0.0,0.0,0.0,0.0,0.0,0.0,0.0,0.0,0.0,0.0,0.0,0.0,0.0,0.0,0.0,0.0,0.0,0.0,0.0,0.0,0.0,0.0,0.0,0.0,0.0,0.0,0.0,0.0,0.0,0.0,0.0,0.0,289407
0.6752519058923501,1.0845289323988678,0.14251303747836488,-0.8064472951150289,1.4577921757962944,4.358898943540674,0.03680479828309378,-0.07947919565417831,1.040744577171507,-1.6376414681042206,-0.5368181637610334,1.0344749969292306,0.3818042014470978,0.8937672531709265,-0.24862635365679764,1.0520580519955167,0.0,0.0,0.0,0.0,0.0,0.0,0.0,0.0,0.0,0.0,0.0,0.0,0.0,0.0,0.0,0.0,0.0,0.0,0.0,0.0,0.0,0.0,0.0,0.0,0.0,0.0,0.0,0.0,0.0,0.0,0.0,0.0,0.0,0.0,0.0,0.0,0.0,1.0,0.0,0.0,0.0,0.0,0.0,0.0,0.0,0.0,0.0,0.0,0.0,0.0,222864
1.3804758284953267,-1.0888757417471597,-0.7499712118482877,1.1948584813543726,0.035555906726738765,-0.22941573387056183,-0.6642389785377402,-1.47691560276061,-1.0664257151086716,-1.3561207051664776,1.8250269113323356,-0.5159237473050713,-1.545050579869214,0.09286137441868819,-0.5827227002012447,-0.524303604236727,0.0,0.0,0.0,0.0,0.0,0.0,0.0,0.0,0.0,0.0,0.0,0.0,0.0,0.0,0.0,0.0,0.0,0.0,0.0,0.0,0.0,0.0,0.0,0.0,0.0,0.0,0.0,0.0,0.0,0.0,0.0,0.0,0.0,0.0,0.0,0.0,0.0,0.0,0.0,0.0,0.0,1.0,0.0,0.0,0.0,0.0,0.0,0.0,0.0,0.0,50000
0.6752519058923501,1.5192098672280734,-1.089824485598503,0.3198147626610834,-1.386680362342817,-0.22941573387056183,1.4388923519247618,0.6192390078990375,-0.012840568968582357,0.72713294057282,1.882868015212173,0.7697872776778949,0.20180602690600655,0.22082668196097088,-0.9362909197038038,-0.524303604236727,0.0,0.0,0.0,0.0,0.0,0.0,0.0,0.0,0.0,0.0,0.0,0.0,0.0,0.0,0.0,0.0,0.0,0.0,0.0,0.0,0.0,0.0,0.0,0.0,0.0,0.0,0.0,0.0,1.0,0.0,0.0,0.0,0.0,0.0,0.0,0.0,0.0,0.0,0.0,0.0,0.0,0.0,0.0,0.0,0.0,0.0,0.0,0.0,0.0,0.0,50000
-1.4404198619165796,-1.5235566765763653,0.8872349938701413,-0.4181642302286176,1.4577921757962944,-0.22941573387056183,0.7378485751039278,-0.07947919565417831,-0.012840568968582357,1.3464786190358544,1.8840730382096698,-0.8875867868773372,0.5273876601992925,0.5080807573729275,1.1205537659241267,-0.524303604236727,0.0,0.0,0.0,0.0,0.0,0.0,0.0,0.0,0.0,0.0,0.0,0.0,0.0,0.0,0.0,0.0,0.0,0.0,0.0,0.0,0.0,0.0,0.0,0.0,0.0,0.0,0.0,0.0,0.0,0.0,0.0,0.0,0.0,0.0,0.0,0.0,0.0,0.0,0.0,0.0,0.0,0.0,0.0,0.0,0.0,0.0,1.0,0.0,0.0,0.0,50000
-0.02997201671062649,-0.6541948069179543,-1.0395853060006452,-1.8448834215477863,-0.6755622278080391,-0.22941573387056183,1.4388923519247618,1.3179572114522533,-1.5932182881787162,-0.8493833318785404,1.8780479232221867,-0.3069910594927193,-1.3258408520999876,0.42380009697905313,-1.0592711699655635,-0.06146857563658629,0.0,0.0,0.0,0.0,0.0,0.0,0.0,0.0,0.0,0.0,0.0,0.0,0.0,0.0,0.0,0.0,0.0,0.0,0.0,0.0,0.0,0.0,0.0,0.0,0.0,1.0,0.0,0.0,0.0,0.0,0.0,0.0,0.0,0.0,0.0,0.0,0.0,0.0,0.0,0.0,0.0,0.0,0.0,0.0,0.0,0.0,0.0,0.0,0.0,0.0,50000
-0.02997201671062649,-0.6541948069179543,-0.8839423574425755,-1.0916303536418497,-1.386680362342817,4.358898943540674,0.03680479828309378,0.6192390078990375,-1.329822001643694,-0.7649271029972176,-0.5368181637610334,1.4212662350319407,0.9421163046177853,-1.1562720848121242,-0.869676617478684,-0.13225510942249014,0.0,0.0,0.0,0.0,0.0,0.0,0.0,0.0,0.0,0.0,0.0,0.0,0.0,0.0,0.0,0.0,0.0,0.0,0.0,0.0,0.0,0.0,0.0,0.0,0.0,0.0,0.0,0.0,0.0,0.0,0.0,0.0,0.0,0.0,0.0,0.0,0.0,0.0,0.0,0.0,0.0,0.0,0.0,0.0,0.0,0.0,0.0,1.0,0.0,0.0,50000
-1.4404198619165796,1.5192098672280734,0.4065150008553438,2.0090068746539855,1.4577921757962944,-0.22941573387056183,-1.3652827553585742,-1.47691560276061,1.040744577171507,-1.5531852392228978,-0.5368181637610334,0.4729103202757859,0.02714370850691221,-0.6008632018415851,0.6204340815263041,-0.524303604236727,0.0,0.0,0.0,0.0,0.0,0.0,0.0,0.0,0.0,0.0,0.0,0.0,0.0,0.0,0.0,0.0,0.0,0.0,0.0,0.0,0.0,0.0,0.0,0.0,0.0,0.0,0.0,0.0,1.0,0.0,0.0,0.0,0.0,0.0,0.0,0.0,0.0,0.0,0.0,0.0,0.0,0.0,0.0,0.0,0.0,0.0,0.0,0.0,0.0,0.0,124944
0.6752519058923501,-1.5235566765763653,1.3709102327436362,-0.05440007523668984,0.035555906726738765,-0.22941573387056183,1.4388923519247618,-1.47691560276061,0.5139520041014622,1.5435431530922745,-0.5368181637610334,1.1674321619007273,1.1546970941201111,1.401101092949341,1.6237479565784934,-0.524303604236727,0.0,0.0,0.0,0.0,0.0,0.0,0.0,0.0,0.0,0.0,0.0,0.0,0.0,0.0,0.0,0.0,0.0,0.0,0.0,0.0,0.0,0.0,1.0,0.0,0.0,0.0,0.0,0.0,0.0,0.0,0.0,0.0,0.0,0.0,0.0,0.0,0.0,0.0,0.0,0.0,0.0,0.0,0.0,0.0,0.0,0.0,0.0,0.0,0.0,0.0,248796
-0.02997201671062649,1.0845289323988678,1.2645213818305252,0.3642301650109265,0.035555906726738765,-0.22941573387056183,1.4388923519247618,0.6192390078990375,-1.5932182881787162,-1.4405769340478005,-0.5368181637610334,0.840335977458689,1.1003264059226008,0.6035769035202692,1.5130657313429097,-0.524303604236727,0.0,0.0,0.0,0.0,0.0,0.0,0.0,0.0,0.0,0.0,0.0,0.0,0.0,0.0,0.0,0.0,0.0,0.0,0.0,0.0,0.0,0.0,0.0,0.0,0.0,0.0,0.0,0.0,0.0,0.0,0.0,0.0,0.0,1.0,0.0,0.0,0.0,0.0,0.0,0.0,0.0,0.0,0.0,0.0,0.0,0.0,0.0,0.0,0.0,0.0,763600
0.6752519058923501,1.0845289323988678,0.2203345117573997,0.7915023161229919,-1.386680362342817,-0.22941573387056183,-1.3652827553585742,1.3179572114522533,0.5139520041014622,0.5019163302226256,-0.5368181637610334,1.4741591748570568,0.2744195109319729,-0.9698559311113507,0.4267401873640326,-0.524303604236727,0.0,0.0,0.0,0.0,0.0,0.0,0.0,0.0,0.0,0.0,0.0,0.0,0.0,0.0,0.0,0.0,0.0,0.0,0.0,0.0,0.0,0.0,0.0,0.0,0.0,0.0,0.0,0.0,0.0,0.0,0.0,0.0,0.0,0.0,0.0,0.0,0.0,0.0,0.0,0.0,0.0,0.0,0.0,0.0,0.0,0.0,0.0,1.0,0.0,0.0,291662
1.3804758284953267,1.0845289323988678,1.4694184280335538,-0.3399850831060431,0.035555906726738765,-0.22941573387056183,-0.6642389785377402,-1.47691560276061,-0.539633142038627,-1.5250331629291234,-0.5368181637610334,1.5746297415101056,-0.654880542516048,-0.893580576148483,1.7262314984632932,-0.524303604236727,0.0,1.0,0.0,0.0,0.0,0.0,0.0,0.0,0.0,0.0,0.0,0.0,0.0,0.0,0.0,0.0,0.0,0.0,0.0,0.0,0.0,0.0,0.0,0.0,0.0,0.0,0.0,0.0,0.0,0.0,0.0,0.0,0.0,0.0,0.0,0.0,0.0,0.0,0.0,0.0,0.0,0.0,0.0,0.0,0.0,0.0,0.0,0.0,0.0,0.0,109727
1.3804758284953267,1.5192098672280734,-0.8011954733990448,-0.1956852691368695,0.035555906726738765,-0.22941573387056183,0.7378485751039278,0.6192390078990375,1.5675371502415514,1.6279993819735974,-0.5368181637610334,-1.1730525478449343,-1.006391385426561,-1.4468120340517978,-0.6360141419813407,-0.524303604236727,0.0,0.0,0.0,0.0,0.0,0.0,0.0,0.0,0.0,0.0,0.0,0.0,0.0,0.0,0.0,0.0,0.0,0.0,0.0,0.0,0.0,0.0,0.0,0.0,0.0,0.0,0.0,0.0,0.0,0.0,0.0,0.0,0.0,0.0,0.0,0.0,0.0,0.0,0.0,0.0,0.0,0.0,1.0,0.0,0.0,0.0,0.0,0.0,0.0,0.0,290093
-0.735195939313603,-0.21951387208874876,-1.1046007148919907,0.8049676190978312,-1.386680362342817,-0.22941573387056183,-0.6642389785377402,1.3179572114522533,-0.8030294285736492,0.07963518581601121,-0.5368181637610334,0.8266574097456584,0.7080386755645576,-1.672211459882883,-0.9516634509865238,-0.524303604236727,1.0,0.0,0.0,0.0,0.0,0.0,0.0,0.0,0.0,0.0,0.0,0.0,0.0,0.0,0.0,0.0,0.0,0.0,0.0,0.0,0.0,0.0,0.0,0.0,0.0,0.0,0.0,0.0,0.0,0.0,0.0,0.0,0.0,0.0,0.0,0.0,0.0,0.0,0.0,0.0,0.0,0.0,0.0,0.0,0.0,0.0,0.0,0.0,0.0,0.0,176808
-1.4404198619165796,-1.5235566765763653,-1.037615142094847,0.5428966477666303,-0.6755622278080391,-0.22941573387056183,-1.3652827553585742,0.6192390078990375,-0.012840568968582357,-0.7930791792909918,-0.5368181637610334,-0.9864218726081758,-0.5716713726437331,1.2369394940474392,-0.88197464250486,-0.524303604236727,0.0,0.0,0.0,0.0,0.0,0.0,0.0,0.0,0.0,0.0,0.0,0.0,0.0,0.0,0.0,0.0,0.0,0.0,0.0,0.0,0.0,0.0,0.0,0.0,0.0,0.0,0.0,1.0,0.0,0.0,0.0,0.0,0.0,0.0,0.0,0.0,0.0,0.0,0.0,0.0,0.0,0.0,0.0,0.0,0.0,0.0,0.0,0.0,0.0,0.0,67466
-0.735195939313603,-0.6541948069179543,1.324611380957375,-0.5540231080046083,-0.6755622278080391,-0.22941573387056183,-1.3652827553585742,-0.7781973992073942,1.3041408637065293,-0.004821043065311664,-0.5368181637610334,-0.11627168195043547,-0.7586565972950562,0.4195610358955412,-0.05390762407567815,3.804565192670471,0.0,0.0,0.0,0.0,0.0,0.0,0.0,0.0,0.0,0.0,0.0,0.0,0.0,0.0,0.0,0.0,0.0,0.0,0.0,0.0,0.0,0.0,0.0,0.0,0.0,0.0,0.0,0.0,0.0,0.0,0.0,0.0,0.0,0.0,0.0,0.0,0.0,0.0,0.0,0.0,0.0,0.0,1.0,0.0,0.0,0.0,0.0,0.0,0.0,0.0,208791
1.3804758284953267,-0.21951387208874876,-0.05942876286596601,-0.7895654227286631,1.4577921757962944,-0.22941573387056183,1.4388923519247618,-0.07947919565417831,1.040744577171507,1.2620223901545315,1.88045796921718,0.8602962787138453,-0.974112497836532,-0.8723646824847681,0.13568692841120134,-0.524303604236727,1.0,0.0,0.0,0.0,0.0,0.0,0.0,0.0,0.0,0.0,0.0,0.0,0.0,0.0,0.0,0.0,0.0,0.0,0.0,0.0,0.0,0.0,0.0,0.0,0.0,0.0,0.0,0.0,0.0,0.0,0.0,0.0,0.0,0.0,0.0,0.0,0.0,0.0,0.0,0.0,0.0,0.0,0.0,0.0,0.0,0.0,0.0,0.0,0.0,0.0,698744
-0.02997201671062649,-0.21951387208874876,0.4577392624061009,-0.18965602899888176,-1.386680362342817,-0.22941573387056183,0.03680479828309378,0.6192390078990375,1.5675371502415514,-0.2581897297092803,1.823821888334839,-1.5215214943385829,-1.2879798719339857,0.23284468537741923,-0.23837799946831767,1.896051339442832,0.0,0.0,0.0,0.0,0.0,0.0,0.0,0.0,0.0,0.0,0.0,0.0,0.0,0.0,0.0,0.0,0.0,0.0,0.0,0.0,0.0,0.0,0.0,0.0,0.0,0.0,0.0,0.0,0.0,0.0,0.0,0.0,1.0,0.0,0.0,0.0,0.0,0.0,0.0,0.0,0.0,0.0,0.0,0.0,0.0,0.0,0.0,0.0,0.0,0.0,221685
-1.4404198619165796,-0.21951387208874876,0.2843648386958461,-0.11248175523263854,-0.6755622278080391,-0.22941573387056183,-1.3652827553585742,-1.47691560276061,-1.5932182881787162,1.5435431530922745,-0.5368181637610334,1.3541371771794044,1.6820949463079533,0.7256413838018856,0.4933544895891524,-0.524303604236727,0.0,0.0,0.0,0.0,0.0,0.0,0.0,0.0,0.0,0.0,0.0,0.0,0.0,0.0,0.0,0.0,0.0,0.0,0.0,0.0,0.0,0.0,0.0,0.0,0.0,0.0,0.0,0.0,0.0,0.0,0.0,0.0,0.0,0.0,0.0,0.0,0.0,0.0,0.0,0.0,0.0,0.0,0.0,0.0,0.0,0.0,1.0,0.0,0.0,0.0,106048
1.3804758284953267,-1.5235566765763653,-1.0139731752252668,0.7390479269224984,1.4577921757962944,-0.22941573387056183,-1.3652827553585742,-0.07947919565417831,-0.8030294285736492,1.3464786190358544,-0.5368181637610334,1.4030900947828322,0.7469940917487464,-1.4575778888214879,-0.857378592452508,-0.524303604236727,0.0,0.0,0.0,0.0,0.0,0.0,0.0,0.0,0.0,0.0,0.0,0.0,0.0,0.0,0.0,0.0,0.0,0.0,0.0,0.0,0.0,0.0,0.0,0.0,0.0,0.0,0.0,0.0,0.0,0.0,0.0,0.0,0.0,0.0,1.0,0.0,0.0,0.0,0.0,0.0,0.0,0.0,0.0,0.0,0.0,0.0,0.0,0.0,0.0,0.0,80477
-0.02997201671062649,1.5192098672280734,0.9867282711129579,1.1293407385215724,1.4577921757962944,-0.22941573387056183,0.7378485751039278,-0.7781973992073942,1.3041408637065293,-0.48340634005947464,-0.5368181637610334,-1.0940662533063739,-1.3530508516968727,1.0497565506198436,1.2240621432277745,-0.524303604236727,0.0,0.0,0.0,0.0,0.0,0.0,0.0,0.0,0.0,0.0,0.0,0.0,0.0,0.0,0.0,0.0,0.0,0.0,0.0,0.0,0.0,0.0,0.0,0.0,0.0,0.0,0.0,0.0,0.0,0.0,0.0,1.0,0.0,0.0,0.0,0.0,0.0,0.0,0.0,0.0,0.0,0.0,0.0,0.0,0.0,0.0,0.0,0.0,0.0,0.0,202044
0.6752519058923501,1.5192098672280734,-1.2306912048630851,-1.2769290005493399,0.035555906726738765,-0.22941573387056183,-0.6642389785377402,-0.07947919565417831,0.7773482906364846,-0.2581897297092803,-0.5368181637610334,-1.394883232930171,0.11217600902891343,0.3840935142754226,-1.2017232931854351,-0.20848676119192508,0.0,0.0,0.0,0.0,0.0,0.0,0.0,0.0,0.0,0.0,0.0,0.0,0.0,0.0,0.0,0.0,0.0,0.0,0.0,0.0,0.0,0.0,0.0,0.0,0.0,0.0,0.0,0.0,0.0,0.0,1.0,0.0,0.0,0.0,0.0,0.0,0.0,0.0,0.0,0.0,0.0,0.0,0.0,0.0,0.0,0.0,0.0,0.0,0.0,0.0,80889
-0.735195939313603,0.6498479975696623,-1.1105112066093858,-0.19648916782193457,-1.386680362342817,-0.22941573387056183,-0.6642389785377402,-0.07947919565417831,-0.27623685550360466,0.9523495509230143,-0.5368181637610334,0.9314396988299886,0.600080319152723,-0.5880794029735056,-0.9578124634996118,-0.524303604236727,0.0,0.0,0.0,0.0,0.0,0.0,0.0,0.0,0.0,0.0,0.0,0.0,0.0,0.0,0.0,0.0,0.0,0.0,0.0,0.0,0.0,0.0,0.0,0.0,0.0,0.0,0.0,0.0,0.0,0.0,0.0,0.0,0.0,0.0,0.0,0.0,0.0,1.0,0.0,0.0,0.0,0.0,0.0,0.0,0.0,0.0,0.0,0.0,0.0,0.0,116532
-0.735195939313603,1.0845289323988678,-1.3410203835877927,-1.5611071857198293,-1.386680362342817,-0.22941573387056183,0.7378485751039278,-1.47691560276061,1.040744577171507,-0.2863418060030546,1.87684290022469,1.5385376511586033,0.0488281941721162,-1.366056786475827,-1.3288028851225868,-0.1785386122825042,0.0,0.0,0.0,0.0,0.0,0.0,0.0,0.0,0.0,0.0,1.0,0.0,0.0,0.0,0.0,0.0,0.0,0.0,0.0,0.0,0.0,0.0,0.0,0.0,0.0,0.0,0.0,0.0,0.0,0.0,0.0,0.0,0.0,0.0,0.0,0.0,0.0,0.0,0.0,0.0,0.0,0.0,0.0,0.0,0.0,0.0,0.0,0.0,0.0,0.0,129718
0.6752519058923501,-1.5235566765763653,0.3700669685980743,0.5682194563461788,-1.386680362342817,-0.22941573387056183,1.4388923519247618,0.6192390078990375,0.5139520041014622,-1.4687290103415749,-0.5368181637610334,-0.1281660886574187,-0.4891891305153391,-0.36467580132079075,0.5825151710289281,-0.524303604236727,0.0,0.0,0.0,0.0,0.0,0.0,0.0,0.0,0.0,0.0,0.0,0.0,0.0,0.0,0.0,0.0,0.0,0.0,0.0,0.0,0.0,0.0,0.0,0.0,0.0,0.0,0.0,0.0,1.0,0.0,0.0,0.0,0.0,0.0,0.0,0.0,0.0,0.0,0.0,0.0,0.0,0.0,0.0,0.0,0.0,0.0,0.0,0.0,0.0,0.0,142627
-0.02997201671062649,-0.6541948069179543,0.36021614906908256,1.7708518892034693,1.4577921757962944,-0.22941573387056183,1.4388923519247618,-0.07947919565417831,0.25055571756643996,0.19224349099110838,1.8587675552622407,-1.633440427447103,1.069755998538104,-0.7236592825221271,0.5722668168404482,-0.524303604236727,0.0,1.0,0.0,0.0,0.0,0.0,0.0,0.0,0.0,0.0,0.0,0.0,0.0,0.0,0.0,0.0,0.0,0.0,0.0,0.0,0.0,0.0,0.0,0.0,0.0,0.0,0.0,0.0,0.0,0.0,0.0,0.0,0.0,0.0,0.0,0.0,0.0,0.0,0.0,0.0,0.0,0.0,0.0,0.0,0.0,0.0,0.0,0.0,0.0,0.0,249057
1.3804758284953267,-1.5235566765763653,-1.156810058395647,0.8783233741100156,0.7466740412615166,-0.22941573387056183,-1.3652827553585742,-0.7781973992073942,0.25055571756643996,0.33300387245997987,1.8852780612071665,0.7927211806097969,1.0935849954475083,0.8965988780619474,-1.199673622347739,-0.012462513784806692,0.0,0.0,0.0,0.0,0.0,0.0,0.0,0.0,0.0,0.0,0.0,0.0,0.0,0.0,0.0,0.0,0.0,0.0,0.0,0.0,0.0,0.0,0.0,0.0,0.0,0.0,0.0,0.0,0.0,0.0,0.0,0.0,0.0,0.0,0.0,0.0,0.0,1.0,0.0,0.0,0.0,0.0,0.0,0.0,0.0,0.0,0.0,0.0,0.0,0.0,50000
-0.735195939313603,-1.5235566765763653,-1.6385151333633436,1.0638229956887721,-1.386680362342817,-0.22941573387056183,-1.3652827553585742,-1.47691560276061,0.25055571756643996,-1.0464478659349605,-0.5368181637610334,-0.6882811344934499,-0.7801506208694725,1.0987238812787938,-1.640352852452378,-0.17037093530720762,0.0,0.0,0.0,0.0,0.0,0.0,0.0,0.0,0.0,0.0,0.0,0.0,0.0,0.0,0.0,0.0,0.0,0.0,0.0,0.0,0.0,0.0,0.0,0.0,0.0,0.0,0.0,0.0,0.0,0.0,0.0,0.0,0.0,1.0,0.0,0.0,0.0,0.0,0.0,0.0,0.0,0.0,0.0,0.0,0.0,0.0,0.0,0.0,0.0,0.0,50000
-1.4404198619165796,-0.6541948069179543,1.1778341699753978,-1.6352668394170786,0.7466740412615166,-0.22941573387056183,0.7378485751039278,-0.7781973992073942,0.7773482906364846,1.402782771623403,-0.5368181637610334,0.3181343530011669,-0.7146350238894922,-1.0045687906073724,1.422880214484286,-0.524303604236727,0.0,0.0,0.0,0.0,0.0,0.0,0.0,1.0,0.0,0.0,0.0,0.0,0.0,0.0,0.0,0.0,0.0,0.0,0.0,0.0,0.0,0.0,0.0,0.0,0.0,0.0,0.0,0.0,0.0,0.0,0.0,0.0,0.0,0.0,0.0,0.0,0.0,0.0,0.0,0.0,0.0,0.0,0.0,0.0,0.0,0.0,0.0,0.0,0.0,0.0,158134
-1.4404198619165796,1.5192098672280734,-1.314423170859515,0.35136778604988594,0.035555906726738765,-0.22941573387056183,1.4388923519247618,1.3179572114522533,1.3041408637065293,0.5019163302226256,-0.5368181637610334,-0.004724449051508566,0.8421064939284056,-0.5203152529985778,-1.1699533952011472,-0.524303604236727,0.0,0.0,0.0,0.0,0.0,0.0,0.0,0.0,0.0,0.0,0.0,0.0,0.0,0.0,0.0,0.0,0.0,0.0,0.0,0.0,0.0,0.0,0.0,0.0,0.0,0.0,0.0,0.0,0.0,0.0,1.0,0.0,0.0,0.0,0.0,0.0,0.0,0.0,0.0,0.0,0.0,0.0,0.0,0.0,0.0,0.0,0.0,0.0,0.0,0.0,89124
-0.735195939313603,0.21516706274045677,-0.31062466085525564,-1.7486165540112484,0.7466740412615166,-0.22941573387056183,-0.6642389785377402,1.3179572114522533,0.25055571756643996,-1.3279686288727035,-0.5368181637610334,1.1044289763746755,-1.1070589323471867,-1.4462588235179528,-0.12564610339503796,-0.524303604236727,0.0,0.0,0.0,0.0,0.0,0.0,0.0,0.0,0.0,0.0,0.0,0.0,0.0,0.0,0.0,0.0,0.0,0.0,0.0,0.0,0.0,0.0,0.0,0.0,0.0,0.0,0.0,0.0,0.0,0.0,0.0,0.0,0.0,0.0,0.0,0.0,0.0,0.0,0.0,0.0,0.0,0.0,0.0,0.0,0.0,0.0,0.0,0.0,1.0,0.0,87387
0.6752519058923501,0.21516706274045677,-0.3175202345255499,0.9768009630304821,-1.386680362342817,-0.22941573387056183,1.4388923519247618,-0.7781973992073942,0.7773482906364846,0.5300684065163999,1.8635876472522273,-1.234457422469735,0.7346562785602158,-1.2465441422388437,-0.7589943922431003,1.139179939732014,0.0,0.0,0.0,0.0,0.0,0.0,0.0,0.0,0.0,0.0,0.0,0.0,0.0,0.0,0.0,0.0,0.0,0.0,0.0,0.0,0.0,0.0,0.0,0.0,0.0,0.0,0.0,0.0,0.0,0.0,0.0,0.0,0.0,0.0,0.0,0.0,0.0,0.0,0.0,1.0,0.0,0.0,0.0,0.0,0.0,0.0,0.0,0.0,0.0,0.0,140779
-0.735195939313603,0.21516706274045677,0.3543056573516875,-0.42901686247699555,1.4577921757962944,-0.22941573387056183,0.7378485751039278,-1.47691560276061,-0.539633142038627,1.2057182375669828,-0.5368181637610334,-1.6090568936977874,-1.1543933962163013,-0.1653584195069733,-0.46486662703372506,2.211868182487634,0.0,0.0,0.0,0.0,0.0,0.0,0.0,0.0,1.0,0.0,0.0,0.0,0.0,0.0,0.0,0.0,0.0,0.0,0.0,0.0,0.0,0.0,0.0,0.0,0.0,0.0,0.0,0.0,0.0,0.0,0.0,0.0,0.0,0.0,0.0,0.0,0.0,0.0,0.0,0.0,0.0,0.0,0.0,0.0,0.0,0.0,0.0,0.0,0.0,0.0,302831
-1.4404198619165796,1.0845289323988678,0.3779476242212677,0.8166241500312742,0.035555906726738765,-0.22941573387056183,1.4388923519247618,-0.7781973992073942,-1.5932182881787162,-1.102752018522509,-0.5368181637610334,-1.2703264926954811,0.4162212810149951,-1.401248409443048,0.5907138543797121,-0.524303604236727,0.0,0.0,0.0,0.0,0.0,0.0,0.0,0.0,0.0,0.0,0.0,0.0,0.0,0.0,0.0,0.0,0.0,0.0,0.0,0.0,0.0,0.0,0.0,0.0,0.0,0.0,0.0,0.0,0.0,0.0,0.0,0.0,0.0,0.0,0.0,0.0,0.0,0.0,0.0,0.0,0.0,0.0,0.0,0.0,0.0,0.0,0.0,0.0,0.0,1.0,181512
-0.735195939313603,-0.6541948069179543,-1.6424554611749405,-0.09017356672208385,-0.6755622278080391,-0.22941573387056183,0.7378485751039278,1.3179572114522533,1.3041408637065293,-1.3561207051664776,-0.5368181637610334,1.5929545618430516,1.5436389987797987,-0.10480383870626615,-1.6598247254104899,-0.13225510942249014,0.0,0.0,0.0,0.0,0.0,0.0,0.0,0.0,0.0,0.0,0.0,0.0,0.0,0.0,0.0,0.0,0.0,0.0,0.0,0.0,0.0,0.0,0.0,0.0,0.0,0.0,0.0,0.0,0.0,0.0,0.0,0.0,0.0,0.0,0.0,0.0,0.0,1.0,0.0,0.0,0.0,0.0,0.0,0.0,0.0,0.0,0.0,0.0,0.0,0.0,50000
-0.02997201671062649,1.5192098672280734,3.213998566617993,-0.3769644226190346,1.4577921757962944,-0.22941573387056183,-0.6642389785377402,-0.07947919565417831,-1.5932182881787162,1.599847305679823,-0.5368181637610334,-1.647490695369727,-1.592068148465752,-1.4338677658972918,2.7151976776516107,1.6700789431262928,0.0,0.0,0.0,0.0,0.0,0.0,0.0,0.0,0.0,0.0,0.0,0.0,0.0,0.0,0.0,0.0,0.0,0.0,0.0,0.0,0.0,0.0,0.0,0.0,0.0,0.0,0.0,0.0,0.0,0.0,1.0,0.0,0.0,0.0,0.0,0.0,0.0,0.0,0.0,0.0,0.0,0.0,0.0,0.0,0.0,0.0,0.0,0.0,0.0,0.0,1330904
1.3804758284953267,1.0845289323988678,-1.8158298848851953,0.7746204437366262,1.4577921757962944,-0.22941573387056183,0.03680479828309378,-0.07947919565417831,-1.0664257151086716,0.27669971987243125,-0.5368181637610334,1.0511643363399665,-1.4293460707265335,-0.4749369917925426,-1.6915946233947778,-0.524303604236727,0.0,0.0,0.0,0.0,0.0,0.0,0.0,0.0,0.0,0.0,0.0,0.0,1.0,0.0,0.0,0.0,0.0,0.0,0.0,0.0,0.0,0.0,0.0,0.0,0.0,0.0,0.0,0.0,0.0,0.0,0.0,0.0,0.0,0.0,0.0,0.0,0.0,0.0,0.0,0.0,0.0,0.0,0.0,0.0,0.0,0.0,0.0,0.0,0.0,0.0,50000
-1.4404198619165796,-1.0888757417471597,-1.7311128369358662,-0.4704176447578448,0.7466740412615166,-0.22941573387056183,-0.6642389785377402,0.6192390078990375,-0.012840568968582357,1.599847305679823,-0.5368181637610334,1.4158765819928392,1.6640160515213267,-1.074594456783886,-1.60345877737385,-0.524303604236727,0.0,0.0,0.0,0.0,0.0,0.0,0.0,0.0,0.0,0.0,0.0,0.0,0.0,0.0,0.0,0.0,0.0,0.0,0.0,0.0,0.0,0.0,0.0,0.0,0.0,0.0,0.0,0.0,0.0,0.0,0.0,0.0,0.0,0.0,0.0,1.0,0.0,0.0,0.0,0.0,0.0,0.0,0.0,0.0,0.0,0.0,0.0,0.0,0.0,0.0,50000
0.6752519058923501,0.6498479975696623,1.014310565794135,1.1588840151977122,-1.386680362342817,-0.22941573387056183,-1.3652827553585742,-0.7781973992073942,-0.012840568968582357,-1.5813373155166721,-0.5368181637610334,-0.3820001617886322,0.19169608760063395,0.032526487628088845,1.2527575349555184,-0.524303604236727,0.0,0.0,0.0,0.0,0.0,0.0,0.0,0.0,0.0,0.0,0.0,0.0,0.0,0.0,0.0,0.0,0.0,0.0,0.0,0.0,0.0,0.0,0.0,0.0,0.0,0.0,0.0,0.0,0.0,0.0,0.0,0.0,0.0,0.0,0.0,0.0,0.0,0.0,0.0,0.0,0.0,1.0,0.0,0.0,0.0,0.0,0.0,0.0,0.0,0.0,50000
0.6752519058923501,-0.21951387208874876,0.6419495875982466,-0.4605698858657981,0.035555906726738765,-0.22941573387056183,0.7378485751039278,0.6192390078990375,1.5675371502415514,0.4737642539288513,-0.5368181637610334,0.4851020871504437,1.5344490885785596,0.8958895835864523,0.8653697466309754,-0.524303604236727,0.0,0.0,0.0,0.0,0.0,0.0,1.0,0.0,0.0,0.0,0.0,0.0,0.0,0.0,0.0,0.0,0.0,0.0,0.0,0.0,0.0,0.0,0.0,0.0,0.0,0.0,0.0,0.0,0.0,0.0,0.0,0.0,0.0,0.0,0.0,0.0,0.0,0.0,0.0,0.0,0.0,0.0,0.0,0.0,0.0,0.0,0.0,0.0,0.0,0.0,329245
0.6752519058923501,1.5192098672280734,0.3277084446234098,-2.413038817217499,0.7466740412615166,-0.22941573387056183,-1.3652827553585742,1.3179572114522533,0.7773482906364846,-1.4968810866353492,-0.5368181637610334,-0.2580381418892916,-0.8692513094140847,-0.1999746012706151,0.5384472480184643,-0.524303604236727,0.0,0.0,0.0,0.0,0.0,0.0,0.0,0.0,0.0,0.0,0.0,0.0,0.0,0.0,0.0,0.0,0.0,0.0,0.0,0.0,0.0,0.0,0.0,0.0,0.0,0.0,0.0,1.0,0.0,0.0,0.0,0.0,0.0,0.0,0.0,0.0,0.0,0.0,0.0,0.0,0.0,0.0,0.0,0.0,0.0,0.0,0.0,0.0,0.0,0.0,398392
1.3804758284953267,-0.6541948069179543,-0.1746833513551695,-1.5797978301475915,1.4577921757962944,-0.22941573387056183,-0.6642389785377402,-0.07947919565417831,-0.539633142038627,0.5019163302226256,-0.5368181637610334,-0.8265164424411703,0.15020581579280873,0.3853861670866113,0.015781184405985662,-0.524303604236727,0.0,0.0,0.0,0.0,0.0,0.0,0.0,0.0,0.0,1.0,0.0,0.0,0.0,0.0,0.0,0.0,0.0,0.0,0.0,0.0,0.0,0.0,0.0,0.0,0.0,0.0,0.0,0.0,0.0,0.0,0.0,0.0,0.0,0.0,0.0,0.0,0.0,0.0,0.0,0.0,0.0,0.0,0.0,0.0,0.0,0.0,0.0,0.0,0.0,0.0,178293
-1.4404198619165796,-1.0888757417471597,0.44000778725391576,-0.7306798440476495,-1.386680362342817,-0.22941573387056183,-1.3652827553585742,-0.07947919565417831,-1.329822001643694,-0.511558416353249,-0.5368181637610334,1.234486879711345,-0.6587062647807622,0.8919409368042908,-0.42899738737404514,2.3534412500594417,0.0,0.0,0.0,0.0,0.0,0.0,0.0,0.0,0.0,0.0,0.0,0.0,0.0,0.0,0.0,0.0,0.0,0.0,0.0,0.0,0.0,0.0,0.0,0.0,0.0,0.0,0.0,0.0,0.0,0.0,0.0,0.0,0.0,0.0,0.0,0.0,0.0,0.0,1.0,0.0,0.0,0.0,0.0,0.0,0.0,0.0,0.0,0.0,0.0,0.0,162412
-0.735195939313603,0.6498479975696623,0.6419495875982466,-1.4734822290477407,1.4577921757962944,-0.22941573387056183,-0.6642389785377402,0.6192390078990375,-0.27623685550360466,-1.1590561711100575,-0.5368181637610334,-1.2661634503480372,1.6002586853734768,-1.3697639672579414,0.8653697466309754,-0.524303604236727,0.0,0.0,0.0,0.0,0.0,1.0,0.0,0.0,0.0,0.0,0.0,0.0,0.0,0.0,0.0,0.0,0.0,0.0,0.0,0.0,0.0,0.0,0.0,0.0,0.0,0.0,0.0,0.0,0.0,0.0,0.0,0.0,0.0,0.0,0.0,0.0,0.0,0.0,0.0,0.0,0.0,0.0,0.0,0.0,0.0,0.0,0.0,0.0,0.0,0.0,50000
-0.02997201671062649,0.21516706274045677,-1.2139448116637992,0.1455697226732373,-0.6755622278080391,-0.22941573387056183,-0.6642389785377402,0.6192390078990375,-0.8030294285736492,0.5300684065163999,-0.5368181637610334,0.15685363205866645,-1.4796082302322549,-0.8911473713366094,-1.4005413644419467,0.3632506270788369,0.0,0.0,0.0,0.0,0.0,1.0,0.0,0.0,0.0,0.0,0.0,0.0,0.0,0.0,0.0,0.0,0.0,0.0,0.0,0.0,0.0,0.0,0.0,0.0,0.0,0.0,0.0,0.0,0.0,0.0,0.0,0.0,0.0,0.0,0.0,0.0,0.0,0.0,0.0,0.0,0.0,0.0,0.0,0.0,0.0,0.0,0.0,0.0,0.0,0.0,50093
-0.735195939313603,-0.6541948069179543,0.5463966381670267,-0.22442464712794447,-0.6755622278080391,-0.22941573387056183,0.03680479828309378,0.6192390078990375,0.5139520041014622,-0.14558142453418313,-0.5368181637610334,0.8056191778826818,-0.5158630585617726,0.34865006640519675,0.39599512479859267,0.455817632798865,0.0,0.0,0.0,0.0,0.0,0.0,0.0,0.0,0.0,0.0,0.0,0.0,0.0,0.0,0.0,0.0,0.0,0.0,0.0,0.0,0.0,0.0,0.0,0.0,0.0,0.0,0.0,0.0,0.0,0.0,0.0,0.0,0.0,0.0,0.0,0.0,0.0,0.0,0.0,0.0,0.0,0.0,0.0,0.0,0.0,0.0,0.0,0.0,0.0,1.0,272571
0.6752519058923501,0.6498479975696623,0.36415647688067926,0.5682194563461788,1.4577921757962944,-0.22941573387056183,-0.6642389785377402,0.6192390078990375,1.5675371502415514,1.12126200868566,-0.5368181637610334,-1.0406529331878274,-1.3275502198112572,-0.65415779875221,-0.32548901007039743,1.8715483085169422,0.0,0.0,0.0,0.0,0.0,0.0,0.0,0.0,0.0,0.0,0.0,0.0,0.0,0.0,0.0,0.0,0.0,0.0,0.0,0.0,0.0,0.0,0.0,0.0,0.0,0.0,0.0,0.0,0.0,0.0,0.0,0.0,0.0,0.0,0.0,0.0,0.0,0.0,0.0,0.0,0.0,1.0,0.0,0.0,0.0,0.0,0.0,0.0,0.0,0.0,588503
-0.02997201671062649,-1.5235566765763653,0.07552746468122097,0.8751077793697554,-0.6755622278080391,-0.22941573387056183,0.03680479828309378,0.6192390078990375,0.25055571756643996,0.02333103322846263,-0.5368181637610334,0.760346092354227,1.423964561229661,-0.05534786658150813,-0.6923800900179805,2.048514642981702,0.0,0.0,0.0,0.0,0.0,0.0,0.0,0.0,0.0,0.0,0.0,0.0,0.0,0.0,0.0,0.0,0.0,0.0,0.0,0.0,1.0,0.0,0.0,0.0,0.0,0.0,0.0,0.0,0.0,0.0,0.0,0.0,0.0,0.0,0.0,0.0,0.0,0.0,0.0,0.0,0.0,0.0,0.0,0.0,0.0,0.0,0.0,0.0,0.0,0.0,148109
-0.735195939313603,1.5192098672280734,0.5690535230837077,0.9046510560458954,1.4577921757962944,-0.22941573387056183,-1.3652827553585742,-1.47691560276061,-1.5932182881787162,-1.3561207051664776,-0.5368181637610334,-0.399841771849107,0.3312747762785556,-0.5947168541116493,0.7895319256362237,-0.524303604236727,0.0,0.0,0.0,0.0,0.0,0.0,0.0,0.0,0.0,0.0,0.0,0.0,0.0,0.0,0.0,0.0,0.0,0.0,0.0,0.0,0.0,0.0,0.0,0.0,0.0,0.0,0.0,0.0,0.0,0.0,0.0,0.0,0.0,0.0,0.0,0.0,0.0,0.0,0.0,0.0,0.0,0.0,0.0,0.0,0.0,0.0,1.0,0.0,0.0,0.0,101075
-1.4404198619165796,0.21516706274045677,-0.7076126878736232,0.9818253298121387,-0.6755622278080391,-0.22941573387056183,-1.3652827553585742,-0.7781973992073942,0.25055571756643996,0.6145246353977227,-0.5368181637610334,-1.4847975136307723,-0.01898404717844585,-0.06182784179653681,-0.5386547771907809,-0.524303604236727,0.0,0.0,0.0,0.0,0.0,0.0,0.0,0.0,0.0,0.0,0.0,0.0,0.0,0.0,0.0,0.0,1.0,0.0,0.0,0.0,0.0,0.0,0.0,0.0,0.0,0.0,0.0,0.0,0.0,0.0,0.0,0.0,0.0,0.0,0.0,0.0,0.0,0.0,0.0,0.0,0.0,0.0,0.0,0.0,0.0,0.0,0.0,0.0,0.0,0.0,62441
-0.02997201671062649,0.21516706274045677,-1.6493510348452347,0.6244923643007312,1.4577921757962944,-0.22941573387056183,1.4388923519247618,-0.7781973992073942,-1.0664257151086716,-1.6376414681042206,-0.5368181637610334,0.5040587978396982,-0.7596650154041681,0.21156028392639112,-1.5183974376094662,-0.524303604236727,0.0,0.0,0.0,0.0,0.0,0.0,0.0,0.0,1.0,0.0,0.0,0.0,0.0,0.0,0.0,0.0,0.0,0.0,0.0,0.0,0.0,0.0,0.0,0.0,0.0,0.0,0.0,0.0,0.0,0.0,0.0,0.0,0.0,0.0,0.0,0.0,0.0,0.0,0.0,0.0,0.0,0.0,0.0,0.0,0.0,0.0,0.0,0.0,0.0,0.0,50000
-1.4404198619165796,0.21516706274045677,-0.08996630340584044,0.6540356409768712,-0.6755622278080391,-0.22941573387056183,-0.6642389785377402,0.6192390078990375,-1.0664257151086716,-0.4271021874719261,-0.5368181637610334,-1.1063323602229502,0.38981985291073373,-1.18028843428215,-0.8194596819551321,1.9259994883522529,0.0,0.0,0.0,0.0,0.0,0.0,0.0,0.0,0.0,0.0,0.0,0.0,0.0,0.0,0.0,0.0,0.0,0.0,0.0,0.0,0.0,0.0,0.0,0.0,0.0,0.0,0.0,0.0,0.0,0.0,0.0,0.0,0.0,0.0,0.0,0.0,0.0,0.0,0.0,0.0,0.0,0.0,0.0,0.0,0.0,0.0,1.0,0.0,0.0,0.0,255367
1.3804758284953267,1.5192098672280734,0.45084368873580666,1.31423743608653,0.035555906726738765,-0.22941573387056183,0.7378485751039278,0.6192390078990375,1.3041408637065293,1.12126200868566,-0.5368181637610334,-1.6342953379291674,-1.4190167862801042,0.9947843289345302,0.6665516753744639,-0.524303604236727,0.0,0.0,0.0,0.0,0.0,0.0,0.0,0.0,0.0,0.0,0.0,0.0,0.0,0.0,0.0,0.0,0.0,0.0,1.0,0.0,0.0,0.0,0.0,0.0,0.0,0.0,0.0,0.0,0.0,0.0,0.0,0.0,0.0,0.0,0.0,0.0,0.0,0.0,0.0,0.0,0.0,0.0,0.0,0.0,0.0,0.0,0.0,0.0,0.0,0.0,449108
-0.02997201671062649,0.21516706274045677,0.37302221445677186,-0.08635504796802493,-0.6755622278080391,-0.22941573387056183,-0.6642389785377402,0.6192390078990375,1.5675371502415514,-0.1737335008279574,-0.5368181637610334,0.21454150458753501,-0.7976144876619856,-0.5325939873315374,0.5855896772854722,-0.524303604236727,0.0,0.0,0.0,0.0,0.0,0.0,0.0,0.0,0.0,0.0,0.0,0.0,0.0,0.0,0.0,0.0,0.0,0.0,0.0,0.0,0.0,0.0,0.0,0.0,0.0,0.0,0.0,0.0,0.0,0.0,0.0,0.0,0.0,0.0,0.0,1.0,0.0,0.0,0.0,0.0,0.0,0.0,0.0,0.0,0.0,0.0,0.0,0.0,0.0,0.0,135407
-0.735195939313603,0.6498479975696623,0.3592310671161834,0.3577989755304062,-1.386680362342817,-0.22941573387056183,0.03680479828309378,-0.07947919565417831,-1.5932182881787162,0.6989808642790456,1.882868015212173,-0.745114096540254,0.2594668706735621,-1.4901958687418553,0.5712419814216002,-0.524303604236727,0.0,0.0,0.0,0.0,1.0,0.0,0.0,0.0,0.0,0.0,0.0,0.0,0.0,0.0,0.0,0.0,0.0,0.0,0.0,0.0,0.0,0.0,0.0,0.0,0.0,0.0,0.0,0.0,0.0,0.0,0.0,0.0,0.0,0.0,0.0,0.0,0.0,0.0,0.0,0.0,0.0,0.0,0.0,0.0,0.0,0.0,0.0,0.0,0.0,0.0,819479
-1.4404198619165796,1.5192098672280734,1.065534827344892,-1.1814660316978671,0.7466740412615166,-0.22941573387056183,-1.3652827553585742,0.6192390078990375,1.040744577171507,-0.8775354081723147,-0.5368181637610334,-1.5551603633067699,-0.7752015386462755,1.5896520935704774,1.3060489767356143,-0.524303604236727,0.0,0.0,0.0,0.0,0.0,0.0,0.0,0.0,0.0,0.0,0.0,0.0,0.0,0.0,0.0,0.0,0.0,0.0,0.0,0.0,0.0,0.0,0.0,0.0,0.0,0.0,0.0,0.0,0.0,0.0,0.0,0.0,0.0,0.0,0.0,0.0,0.0,0.0,0.0,0.0,0.0,0.0,0.0,0.0,0.0,0.0,0.0,1.0,0.0,0.0,94998
-0.735195939313603,-0.21951387208874876,-0.4347449869205517,1.9444940051775166,-0.6755622278080391,-0.22941573387056183,1.4388923519247618,-1.47691560276061,-0.012840568968582357,1.31832654274208,-0.5368181637610334,1.0658093245979394,-1.5982333355784557,-0.5614962576051832,-0.2547753661698856,-0.524303604236727,0.0,0.0,0.0,0.0,0.0,0.0,0.0,0.0,0.0,0.0,0.0,0.0,0.0,0.0,0.0,0.0,0.0,0.0,0.0,0.0,0.0,0.0,0.0,0.0,0.0,0.0,0.0,0.0,0.0,0.0,0.0,0.0,0.0,0.0,0.0,0.0,0.0,0.0,0.0,1.0,0.0,0.0,0.0,0.0,0.0,0.0,0.0,0.0,0.0,0.0,88827
1.3804758284953267,-1.0888757417471597,-0.26038548125739774,-0.7160086930452126,0.7466740412615166,-0.22941573387056183,-1.3652827553585742,-1.47691560276061,-1.0664257151086716,-0.5678625689407976,1.8961232681846358,0.5192613364120611,-0.38071397872086293,-1.3870922064702456,-0.36545759140546935,0.25162570841645004,0.0,0.0,0.0,0.0,0.0,0.0,0.0,0.0,0.0,0.0,0.0,0.0,0.0,0.0,0.0,0.0,0.0,0.0,0.0,0.0,0.0,0.0,0.0,0.0,0.0,1.0,0.0,0.0,0.0,0.0,0.0,0.0,0.0,0.0,0.0,0.0,0.0,0.0,0.0,0.0,0.0,0.0,0.0,0.0,0.0,0.0,0.0,0.0,0.0,0.0,140517
0.6752519058923501,1.5192098672280734,2.189513335602851,-0.37435175189257325,1.4577921757962944,-0.22941573387056183,-1.3652827553585742,-1.47691560276061,0.7773482906364846,-1.5813373155166721,-0.5368181637610334,-1.6211371505095673,-0.4789164352486118,1.0092731030774211,1.798994813201501,1.2698627713367594,0.0,0.0,0.0,0.0,0.0,0.0,0.0,0.0,0.0,0.0,0.0,0.0,0.0,0.0,0.0,0.0,0.0,0.0,0.0,0.0,0.0,0.0,0.0,0.0,0.0,0.0,0.0,0.0,0.0,0.0,0.0,0.0,0.0,0.0,0.0,0.0,0.0,0.0,0.0,0.0,0.0,0.0,0.0,0.0,0.0,0.0,0.0,0.0,0.0,1.0,333981
-0.02997201671062649,-0.21951387208874876,0.13266221794937313,0.6811672215978161,1.4577921757962944,-0.22941573387056183,0.7378485751039278,-0.07947919565417831,0.25055571756643996,-0.7367750267034433,-0.5368181637610334,-0.11705225239058124,0.8826279388480737,0.9537698822434143,0.3355298350865608,-0.524303604236727,0.0,0.0,0.0,0.0,0.0,0.0,0.0,0.0,0.0,0.0,0.0,0.0,0.0,1.0,0.0,0.0,0.0,0.0,0.0,0.0,0.0,0.0,0.0,0.0,0.0,0.0,0.0,0.0,0.0,0.0,0.0,0.0,0.0,0.0,0.0,0.0,0.0,0.0,0.0,0.0,0.0,0.0,0.0,0.0,0.0,0.0,0.0,0.0,0.0,0.0,248998
-0.735195939313603,0.6498479975696623,-0.7026872781091273,-1.0371662177286936,1.4577921757962944,-0.22941573387056183,-0.6642389785377402,1.3179572114522533,1.040744577171507,0.19224349099110838,-0.5368181637610334,0.9952977948381047,-0.06855099400629501,-1.0095350193825188,-0.5335306000965409,-0.524303604236727,0.0,0.0,0.0,0.0,0.0,0.0,0.0,0.0,0.0,0.0,0.0,0.0,0.0,0.0,0.0,0.0,0.0,0.0,0.0,0.0,0.0,0.0,0.0,0.0,0.0,0.0,0.0,0.0,0.0,0.0,0.0,0.0,1.0,0.0,0.0,0.0,0.0,0.0,0.0,0.0,0.0,0.0,0.0,0.0,0.0,0.0,0.0,0.0,0.0,0.0,107665
-0.735195939313603,1.0845289323988678,-0.6219105579713949,1.0612103249623108,1.4577921757962944,-0.22941573387056183,-0.6642389785377402,-0.07947919565417831,1.3041408637065293,-1.3279686288727035,-0.5368181637610334,-1.0685304489073193,1.194830947057203,0.28849584247617954,-0.44949409575100513,-0.524303604236727,0.0,0.0,0.0,0.0,0.0,0.0,0.0,0.0,0.0,0.0,0.0,0.0,0.0,0.0,1.0,0.0,0.0,0.0,0.0,0.0,0.0,0.0,0.0,0.0,0.0,0.0,0.0,0.0,0.0,0.0,0.0,0.0,0.0,0.0,0.0,0.0,0.0,0.0,0.0,0.0,0.0,0.0,0.0,0.0,0.0,0.0,0.0,0.0,0.0,0.0,80039
0.6752519058923501,0.6498479975696623,0.5335905727793374,1.214553999138466,0.035555906726738765,-0.22941573387056183,-1.3652827553585742,-0.7781973992073942,-0.8030294285736492,-0.905687484466089,-0.5368181637610334,0.46707462698517227,-0.8462479762949078,1.4265786445311484,-0.03341091569871821,1.563899142447437,0.0,0.0,0.0,0.0,0.0,0.0,0.0,0.0,0.0,0.0,0.0,0.0,0.0,0.0,0.0,0.0,0.0,0.0,0.0,0.0,0.0,1.0,0.0,0.0,0.0,0.0,0.0,0.0,0.0,0.0,0.0,0.0,0.0,0.0,0.0,0.0,0.0,0.0,0.0,0.0,0.0,0.0,0.0,0.0,0.0,0.0,0.0,0.0,0.0,0.0,285593
0.6752519058923501,1.5192098672280734,-0.5076410514350906,-0.22301782442908066,1.4577921757962944,-0.22941573387056183,-0.6642389785377402,1.3179572114522533,-0.27623685550360466,0.3893080250475284,1.8659976932472204,-0.5874388676308078,-0.6240169708367961,1.2218248890234982,-0.33061318716463745,-0.524303604236727,0.0,0.0,0.0,1.0,0.0,0.0,0.0,0.0,0.0,0.0,0.0,0.0,0.0,0.0,0.0,0.0,0.0,0.0,0.0,0.0,0.0,0.0,0.0,0.0,0.0,0.0,0.0,0.0,0.0,0.0,0.0,0.0,0.0,0.0,0.0,0.0,0.0,0.0,0.0,0.0,0.0,0.0,0.0,0.0,0.0,0.0,0.0,0.0,0.0,0.0,139983
1.3804758284953267,-1.5235566765763653,0.17108041411244096,1.6464485676896552,-0.6755622278080391,-0.22941573387056183,-0.6642389785377402,-0.07947919565417831,-0.27623685550360466,0.1640914146973341,-0.5368181637610334,1.0216513396982643,0.6428443204353737,-1.3611651081278762,0.37549841642163273,-0.524303604236727,0.0,0.0,0.0,0.0,0.0,0.0,0.0,0.0,0.0,0.0,0.0,0.0,0.0,0.0,0.0,0.0,0.0,0.0,0.0,1.0,0.0,0.0,0.0,0.0,0.0,0.0,0.0,0.0,0.0,0.0,0.0,0.0,0.0,0.0,0.0,0.0,0.0,0.0,0.0,0.0,0.0,0.0,0.0,0.0,0.0,0.0,0.0,0.0,0.0,0.0,117643
-0.735195939313603,1.0845289323988678,-1.4080059563849368,-0.13740261446965457,-1.386680362342817,-0.22941573387056183,1.4388923519247618,-0.07947919565417831,1.5675371502415514,0.24854764357865697,-0.5368181637610334,0.4751033515123859,1.4116475659559384,-0.2948132064202142,-1.267312759991707,-0.524303604236727,0.0,0.0,0.0,0.0,0.0,0.0,0.0,0.0,0.0,0.0,0.0,0.0,0.0,0.0,0.0,0.0,0.0,0.0,0.0,0.0,0.0,0.0,0.0,0.0,0.0,0.0,0.0,0.0,0.0,0.0,0.0,1.0,0.0,0.0,0.0,0.0,0.0,0.0,0.0,0.0,0.0,0.0,0.0,0.0,0.0,0.0,0.0,0.0,0.0,0.0,54026
-0.02997201671062649,-0.6541948069179543,-2.080816930215073,0.14335900128930845,-0.6755622278080391,-0.22941573387056183,0.03680479828309378,-0.7781973992073942,1.3041408637065293,-0.39895011117815177,-0.5368181637610334,-0.9625215491313314,-0.23495657805282089,-0.5840722265260743,-1.967275351064889,-0.524303604236727,0.0,0.0,0.0,0.0,0.0,0.0,0.0,0.0,0.0,0.0,0.0,0.0,1.0,0.0,0.0,0.0,0.0,0.0,0.0,0.0,0.0,0.0,0.0,0.0,0.0,0.0,0.0,0.0,0.0,0.0,0.0,0.0,0.0,0.0,0.0,0.0,0.0,0.0,0.0,0.0,0.0,0.0,0.0,0.0,0.0,0.0,0.0,0.0,0.0,0.0,50000
-0.02997201671062649,-0.21951387208874876,0.1572892667718525,0.751106407198474,-0.6755622278080391,-0.22941573387056183,-0.6642389785377402,1.3179572114522533,0.7773482906364846,1.4872390005047258,-0.5368181637610334,-0.4039304741546325,-0.706357022523114,0.6094134622566175,-0.3818549581070373,1.446829105801519,0.0,0.0,0.0,0.0,0.0,0.0,0.0,0.0,0.0,0.0,0.0,0.0,0.0,0.0,0.0,0.0,0.0,0.0,0.0,0.0,0.0,0.0,0.0,0.0,0.0,0.0,0.0,0.0,0.0,0.0,0.0,0.0,0.0,0.0,0.0,0.0,0.0,0.0,0.0,0.0,0.0,0.0,0.0,0.0,0.0,1.0,0.0,0.0,0.0,0.0,296162
-0.735195939313603,1.5192098672280734,-1.6335897235988477,-0.22743926719693836,-1.386680362342817,-0.22941573387056183,-0.6642389785377402,-0.07947919565417831,0.7773482906364846,-1.384272781460252,-0.5368181637610334,-0.7762997441251256,0.48220306546938624,-0.2481545584305728,-1.5020000709078984,-0.524303604236727,0.0,0.0,0.0,0.0,0.0,0.0,0.0,0.0,0.0,0.0,0.0,0.0,0.0,0.0,0.0,0.0,0.0,0.0,0.0,0.0,0.0,0.0,0.0,0.0,0.0,0.0,0.0,0.0,0.0,0.0,0.0,0.0,0.0,0.0,0.0,0.0,0.0,1.0,0.0,0.0,0.0,0.0,0.0,0.0,0.0,0.0,0.0,0.0,0.0,0.0,50000
0.6752519058923501,-1.0888757417471597,-0.4997603958118973,-1.4375077628910804,0.7466740412615166,-0.22941573387056183,-1.3652827553585742,0.6192390078990375,0.7773482906364846,1.599847305679823,-0.5368181637610334,-0.9595479474545856,-0.4467744058438724,0.21870533593626726,-0.6698337108033245,0.3986438939717888,0.0,0.0,0.0,0.0,0.0,0.0,0.0,0.0,0.0,0.0,0.0,0.0,0.0,0.0,0.0,0.0,1.0,0.0,0.0,0.0,0.0,0.0,0.0,0.0,0.0,0.0,0.0,0.0,0.0,0.0,0.0,0.0,0.0,0.0,0.0,0.0,0.0,0.0,0.0,0.0,0.0,0.0,0.0,0.0,0.0,0.0,0.0,0.0,0.0,0.0,277773
-1.4404198619165796,-0.21951387208874876,0.7552340121816518,0.3577989755304062,0.7466740412615166,-0.22941573387056183,-0.6642389785377402,-0.7781973992073942,-0.27623685550360466,-0.230037653415506,-0.5368181637610334,1.0396787998635357,1.6450284649638265,1.313969708801612,0.32323181006038487,1.226301827468511,0.0,0.0,0.0,0.0,0.0,0.0,0.0,0.0,0.0,0.0,0.0,0.0,0.0,0.0,0.0,0.0,0.0,0.0,0.0,0.0,1.0,0.0,0.0,0.0,0.0,0.0,0.0,0.0,0.0,0.0,0.0,0.0,0.0,0.0,0.0,0.0,0.0,0.0,0.0,0.0,0.0,0.0,0.0,0.0,0.0,0.0,0.0,0.0,0.0,0.0,184672
1.3804758284953267,0.6498479975696623,1.4743438377980496,-0.3472201712716284,-0.6755622278080391,-0.22941573387056183,0.7378485751039278,-0.07947919565417831,0.5139520041014622,-0.3144938822968289,-0.5368181637610334,-0.6521890441419477,1.5159385855601903,-1.1978342035992637,1.7313556755575332,-0.524303604236727,0.0,0.0,0.0,0.0,0.0,0.0,0.0,0.0,0.0,0.0,0.0,0.0,0.0,0.0,0.0,0.0,0.0,0.0,0.0,0.0,0.0,0.0,0.0,1.0,0.0,0.0,0.0,0.0,0.0,0.0,0.0,0.0,0.0,0.0,0.0,0.0,0.0,0.0,0.0,0.0,0.0,0.0,0.0,0.0,0.0,0.0,0.0,0.0,0.0,0.0,228675
1.3804758284953267,0.21516706274045677,-0.4436107244966443,-0.4185661795711501,1.4577921757962944,-0.22941573387056183,-1.3652827553585742,-0.7781973992073942,-0.012840568968582357,-1.187208247403832,-0.5368181637610334,-0.8393400996721365,1.4636436478116233,1.2700794160492597,-0.2639988849395176,-0.524303604236727,0.0,0.0,0.0,0.0,0.0,0.0,0.0,0.0,0.0,0.0,0.0,0.0,0.0,0.0,0.0,0.0,0.0,0.0,0.0,0.0,0.0,0.0,0.0,0.0,0.0,0.0,0.0,0.0,0.0,0.0,0.0,0.0,0.0,0.0,0.0,0.0,0.0,0.0,0.0,0.0,0.0,0.0,0.0,0.0,1.0,0.0,0.0,0.0,0.0,0.0,151181
0.6752519058923501,-1.5235566765763653,-0.7351949825548001,-0.587987827448606,-0.6755622278080391,-0.22941573387056183,-1.3652827553585742,-0.07947919565417831,-0.012840568968582357,0.92419747462924,1.8756378772271933,0.4891164494140505,0.09445013463146516,1.0257310368812929,-0.5673501689185247,-0.524303604236727,0.0,0.0,0.0,0.0,0.0,0.0,0.0,0.0,0.0,0.0,0.0,0.0,0.0,0.0,0.0,0.0,0.0,0.0,0.0,0.0,0.0,0.0,0.0,0.0,0.0,0.0,0.0,0.0,0.0,0.0,0.0,0.0,0.0,1.0,0.0,0.0,0.0,0.0,0.0,0.0,0.0,0.0,0.0,0.0,0.0,0.0,0.0,0.0,0.0,0.0,120931
-0.735195939313603,1.0845289323988678,-0.35889367654731524,-0.4680059487026497,-0.6755622278080391,-0.22941573387056183,1.4388923519247618,-0.07947919565417831,-1.5932182881787162,0.6145246353977227,-0.5368181637610334,-0.6372095256953406,-1.203565751977998,-0.5343257371378679,-0.17586303891858984,-0.524303604236727,0.0,0.0,1.0,0.0,0.0,0.0,0.0,0.0,0.0,0.0,0.0,0.0,0.0,0.0,0.0,0.0,0.0,0.0,0.0,0.0,0.0,0.0,0.0,0.0,0.0,0.0,0.0,0.0,0.0,0.0,0.0,0.0,0.0,0.0,0.0,0.0,0.0,0.0,0.0,0.0,0.0,0.0,0.0,0.0,0.0,0.0,0.0,0.0,0.0,0.0,225822
1.3804758284953267,-0.6541948069179543,-1.0809587480224105,-0.4063067246239084,-0.6755622278080391,-0.22941573387056183,-1.3652827553585742,-0.07947919565417831,-0.539633142038627,-0.03297311935908596,-0.5368181637610334,0.8915562663406355,0.1863385619314686,0.39114817854612044,-0.9270674009341718,-0.524303604236727,0.0,0.0,0.0,0.0,0.0,0.0,0.0,0.0,0.0,0.0,0.0,0.0,0.0,0.0,0.0,0.0,0.0,0.0,0.0,0.0,0.0,0.0,0.0,0.0,1.0,0.0,0.0,0.0,0.0,0.0,0.0,0.0,0.0,0.0,0.0,0.0,0.0,0.0,0.0,0.0,0.0,0.0,0.0,0.0,0.0,0.0,0.0,0.0,0.0,0.0,50000
-0.735195939313603,1.5192098672280734,-1.0868692397398056,-0.628383736373124,0.7466740412615166,-0.22941573387056183,-0.6642389785377402,0.6192390078990375,-1.5932182881787162,0.33300387245997987,1.870817785237207,-0.4024436733162596,0.7115716516452789,-1.4066687601564027,-0.9332164134472598,-0.524303604236727,0.0,0.0,0.0,0.0,0.0,0.0,0.0,0.0,0.0,0.0,0.0,0.0,0.0,1.0,0.0,0.0,0.0,0.0,0.0,0.0,0.0,0.0,0.0,0.0,0.0,0.0,0.0,0.0,0.0,0.0,0.0,0.0,0.0,0.0,0.0,0.0,0.0,0.0,0.0,0.0,0.0,0.0,0.0,0.0,0.0,0.0,0.0,0.0,0.0,0.0,192924
1.3804758284953267,-1.5235566765763653,-0.23575843243491834,1.4812473879087908,-1.386680362342817,-0.22941573387056183,1.4388923519247618,-1.47691560276061,-0.539633142038627,-1.384272781460252,-0.5368181637610334,1.6269279609998724,1.3183944555014087,-1.6547851278290666,-0.04775861156259017,-0.524303604236727,0.0,0.0,0.0,0.0,0.0,0.0,0.0,0.0,0.0,0.0,0.0,0.0,0.0,0.0,0.0,0.0,0.0,0.0,0.0,0.0,0.0,0.0,0.0,0.0,0.0,0.0,0.0,0.0,0.0,0.0,0.0,0.0,0.0,0.0,0.0,0.0,0.0,1.0,0.0,0.0,0.0,0.0,0.0,0.0,0.0,0.0,0.0,0.0,0.0,0.0,124510
0.6752519058923501,-1.5235566765763653,-0.6002387550076131,-0.2063369267139812,0.7466740412615166,-0.22941573387056183,1.4388923519247618,-1.47691560276061,-0.27623685550360466,0.33300387245997987,-0.5368181637610334,1.6360717861558658,1.2754958288390883,1.5388125839525244,-0.42694771653634916,-0.524303604236727,0.0,0.0,0.0,0.0,0.0,0.0,0.0,1.0,0.0,0.0,0.0,0.0,0.0,0.0,0.0,0.0,0.0,0.0,0.0,0.0,0.0,0.0,0.0,0.0,0.0,0.0,0.0,0.0,0.0,0.0,0.0,0.0,0.0,0.0,0.0,0.0,0.0,0.0,0.0,0.0,0.0,0.0,0.0,0.0,0.0,0.0,0.0,0.0,0.0,0.0,184555
0.6752519058923501,0.6498479975696623,-0.44558088840244264,-0.660338709104459,1.4577921757962944,-0.22941573387056183,0.7378485751039278,-0.07947919565417831,-0.8030294285736492,0.4737642539288513,-0.5368181637610334,-0.25402377962568473,0.7859849567633903,1.5529509397234358,-0.2660485557772136,-0.524303604236727,0.0,0.0,0.0,0.0,0.0,0.0,0.0,0.0,0.0,0.0,0.0,0.0,0.0,0.0,0.0,0.0,0.0,0.0,0.0,0.0,0.0,0.0,0.0,0.0,0.0,0.0,0.0,0.0,0.0,0.0,0.0,0.0,0.0,0.0,1.0,0.0,0.0,0.0,0.0,0.0,0.0,0.0,0.0,0.0,0.0,0.0,0.0,0.0,0.0,0.0,92820
-0.735195939313603,0.21516706274045677,-0.13823531909790002,0.2500765517316917,0.7466740412615166,-0.22941573387056183,-0.6642389785377402,0.6192390078990375,0.7773482906364846,1.0649578560981114,-0.5368181637610334,-0.4811697777081047,-1.115655902705136,0.19536141477255486,0.05370009490336156,-0.524303604236727,0.0,0.0,0.0,0.0,0.0,0.0,0.0,0.0,0.0,0.0,0.0,1.0,0.0,0.0,0.0,0.0,0.0,0.0,0.0,0.0,0.0,0.0,0.0,0.0,0.0,0.0,0.0,0.0,0.0,0.0,0.0,0.0,0.0,0.0,0.0,0.0,0.0,0.0,0.0,0.0,0.0,0.0,0.0,0.0,0.0,0.0,0.0,0.0,0.0,0.0,257846
-0.02997201671062649,1.0845289323988678,-0.3805654795110971,-1.2345233449121593,1.4577921757962944,-0.22941573387056183,-1.3652827553585742,-0.7781973992073942,1.3041408637065293,1.4309348479171773,-0.5368181637610334,0.6719186124919987,-0.5568551979207041,-1.66061789200239,-0.9844581843896597,1.5611765834556715,0.0,0.0,0.0,0.0,0.0,0.0,1.0,0.0,0.0,0.0,0.0,0.0,0.0,0.0,0.0,0.0,0.0,0.0,0.0,0.0,0.0,0.0,0.0,0.0,0.0,0.0,0.0,0.0,0.0,0.0,0.0,0.0,0.0,0.0,0.0,0.0,0.0,0.0,0.0,0.0,0.0,0.0,0.0,0.0,0.0,0.0,0.0,0.0,0.0,0.0,136308
-1.4404198619165796,1.0845289323988678,0.13561746380807066,-1.30486447985535,-1.386680362342817,-0.22941573387056183,-0.6642389785377402,-0.7781973992073942,-0.012840568968582357,0.7552850168665942,-0.5368181637610334,1.0348095271178646,-0.3126653065869624,1.449299377402384,0.3386043413431048,-0.524303604236727,0.0,0.0,0.0,0.0,0.0,0.0,0.0,0.0,0.0,0.0,0.0,1.0,0.0,0.0,0.0,0.0,0.0,0.0,0.0,0.0,0.0,0.0,0.0,0.0,0.0,0.0,0.0,0.0,0.0,0.0,0.0,0.0,0.0,0.0,0.0,0.0,0.0,0.0,0.0,0.0,0.0,0.0,0.0,0.0,0.0,0.0,0.0,0.0,0.0,0.0,470465
1.3804758284953267,1.5192098672280734,-0.6613138360873619,0.3774944933144995,-1.386680362342817,-0.22941573387056183,0.7378485751039278,-0.07947919565417831,0.25055571756643996,0.8115891694541428,1.8684077392422138,1.3659944138654283,0.5746646747410795,0.4133124925127267,-0.490487512504925,-0.524303604236727,0.0,0.0,0.0,0.0,0.0,0.0,0.0,0.0,0.0,0.0,0.0,0.0,0.0,0.0,0.0,0.0,0.0,0.0,0.0,0.0,0.0,0.0,0.0,0.0,0.0,0.0,0.0,0.0,0.0,0.0,0.0,1.0,0.0,0.0,0.0,0.0,0.0,0.0,0.0,0.0,0.0,0.0,0.0,0.0,0.0,0.0,0.0,0.0,0.0,0.0,304377
1.3804758284953267,0.21516706274045677,0.9108769607397215,-0.32049053999321603,-0.6755622278080391,-0.22941573387056183,0.7378485751039278,-1.47691560276061,1.040744577171507,-1.1309040948162834,-0.5368181637610334,1.5814690253666208,1.141389295623669,0.8768939039532755,0.625558258620544,0.8560338045883984,1.0,0.0,0.0,0.0,0.0,0.0,0.0,0.0,0.0,0.0,0.0,0.0,0.0,0.0,0.0,0.0,0.0,0.0,0.0,0.0,0.0,0.0,0.0,0.0,0.0,0.0,0.0,0.0,0.0,0.0,0.0,0.0,0.0,0.0,0.0,0.0,0.0,0.0,0.0,0.0,0.0,0.0,0.0,0.0,0.0,0.0,0.0,0.0,0.0,0.0,149781
-0.735195939313603,1.5192098672280734,0.03612418656525397,1.2422885037732097,0.7466740412615166,-0.22941573387056183,-1.3652827553585742,0.6192390078990375,1.5675371502415514,-1.1590561711100575,-0.5368181637610334,1.4398884155325613,-1.5771719106008946,-1.1132895543263948,0.2350959640394571,-0.524303604236727,0.0,0.0,0.0,0.0,0.0,0.0,0.0,0.0,0.0,0.0,0.0,0.0,0.0,0.0,0.0,0.0,0.0,0.0,0.0,0.0,0.0,0.0,0.0,0.0,0.0,0.0,0.0,0.0,0.0,0.0,0.0,0.0,0.0,0.0,0.0,0.0,0.0,0.0,0.0,0.0,0.0,0.0,0.0,0.0,1.0,0.0,0.0,0.0,0.0,0.0,83695
0.6752519058923501,1.0845289323988678,1.938317437613561,0.13411416641106058,1.4577921757962944,-0.22941573387056183,0.03680479828309378,-0.7781973992073942,1.3041408637065293,1.3464786190358544,1.8888931301996563,-0.34014671818843506,-0.4747399824501042,0.9220131175166901,2.21405315783494,-0.524303604236727,0.0,0.0,0.0,0.0,0.0,0.0,0.0,0.0,0.0,0.0,0.0,0.0,0.0,0.0,0.0,0.0,0.0,0.0,0.0,0.0,0.0,0.0,0.0,0.0,0.0,0.0,0.0,0.0,0.0,0.0,0.0,0.0,0.0,0.0,0.0,0.0,0.0,0.0,0.0,0.0,0.0,0.0,0.0,0.0,1.0,0.0,0.0,0.0,0.0,0.0,279070
-0.735195939313603,0.6498479975696623,0.5729938508953044,-0.12454023550861404,0.035555906726738765,-0.22941573387056183,1.4388923519247618,-0.07947919565417831,-0.539633142038627,-1.0182957896411862,-0.5368181637610334,0.17335712136460565,-1.3307048016921061,-1.3269640633691775,0.7936312673116156,-0.524303604236727,0.0,0.0,0.0,0.0,0.0,0.0,0.0,0.0,0.0,0.0,0.0,0.0,0.0,0.0,0.0,0.0,0.0,0.0,0.0,0.0,0.0,0.0,0.0,0.0,0.0,0.0,0.0,1.0,0.0,0.0,0.0,0.0,0.0,0.0,0.0,0.0,0.0,0.0,0.0,0.0,0.0,0.0,0.0,0.0,0.0,0.0,0.0,0.0,0.0,0.0,208187
-0.735195939313603,1.5192098672280734,1.0409077785224126,1.7664304464356115,1.4577921757962944,-0.22941573387056183,1.4388923519247618,1.3179572114522533,-0.539633142038627,1.5435431530922745,-0.5368181637610334,0.6668634896415309,-1.4299068331809504,0.9821816590748086,1.2804280912644144,-0.524303604236727,0.0,0.0,0.0,0.0,0.0,0.0,0.0,0.0,0.0,0.0,0.0,0.0,1.0,0.0,0.0,0.0,0.0,0.0,0.0,0.0,0.0,0.0,0.0,0.0,0.0,0.0,0.0,0.0,0.0,0.0,0.0,0.0,0.0,0.0,0.0,0.0,0.0,0.0,0.0,0.0,0.0,0.0,0.0,0.0,0.0,0.0,0.0,0.0,0.0,0.0,612389
-0.02997201671062649,-1.5235566765763653,-1.944875620714987,-0.43806072268397717,-1.386680362342817,4.358898943540674,1.4388923519247618,-0.07947919565417831,1.040744577171507,-0.8493833318785404,-0.5368181637610334,-0.2501209274249559,0.2669535597949835,1.6466356244180858,-1.8299474049392574,-0.5134133682696648,0.0,0.0,0.0,0.0,0.0,0.0,0.0,0.0,0.0,0.0,0.0,0.0,0.0,0.0,0.0,0.0,0.0,0.0,0.0,0.0,0.0,0.0,0.0,0.0,0.0,0.0,0.0,0.0,0.0,0.0,0.0,0.0,0.0,0.0,0.0,0.0,0.0,0.0,0.0,0.0,0.0,0.0,0.0,0.0,0.0,1.0,0.0,0.0,0.0,0.0,50000
-0.735195939313603,-0.21951387208874876,-2.237444960726042,0.5838954807049469,-1.386680362342817,-0.22941573387056183,0.7378485751039278,-1.47691560276061,-1.0664257151086716,1.0649578560981114,-0.5368181637610334,0.17562449264312432,1.0627580142900852,-0.4373241672000115,-2.1302241826617205,-0.524303604236727,0.0,0.0,0.0,0.0,1.0,0.0,0.0,0.0,0.0,0.0,0.0,0.0,0.0,0.0,0.0,0.0,0.0,0.0,0.0,0.0,0.0,0.0,0.0,0.0,0.0,0.0,0.0,0.0,0.0,0.0,0.0,0.0,0.0,0.0,0.0,0.0,0.0,0.0,0.0,0.0,0.0,0.0,0.0,0.0,0.0,0.0,0.0,0.0,0.0,0.0,50000
1.3804758284953267,-0.21951387208874876,-0.42883449520315664,-1.6151693722904528,1.4577921757962944,-0.22941573387056183,0.7378485751039278,0.6192390078990375,-0.8030294285736492,-0.45525426376570033,-0.5368181637610334,-0.655460005986368,-1.2424593615020456,1.6521482479196836,-0.24862635365679764,-0.524303604236727,0.0,0.0,0.0,0.0,0.0,0.0,0.0,0.0,0.0,0.0,0.0,0.0,0.0,0.0,0.0,0.0,0.0,0.0,0.0,0.0,0.0,0.0,0.0,0.0,1.0,0.0,0.0,0.0,0.0,0.0,0.0,0.0,0.0,0.0,0.0,0.0,0.0,0.0,0.0,0.0,0.0,0.0,0.0,0.0,0.0,0.0,0.0,0.0,0.0,0.0,145346
-1.4404198619165796,0.21516706274045677,1.4802543295154447,-1.0713319118439575,0.035555906726738765,4.358898943540674,0.7378485751039278,-0.07947919565417831,0.7773482906364846,0.4737642539288513,1.864792670249724,-1.6034442205329298,-1.6899692298278584,-0.6906983360383687,1.737504688070621,-0.524303604236727,0.0,0.0,0.0,0.0,0.0,0.0,0.0,0.0,0.0,1.0,0.0,0.0,0.0,0.0,0.0,0.0,0.0,0.0,0.0,0.0,0.0,0.0,0.0,0.0,0.0,0.0,0.0,0.0,0.0,0.0,0.0,0.0,0.0,0.0,0.0,0.0,0.0,0.0,0.0,0.0,0.0,0.0,0.0,0.0,0.0,0.0,0.0,0.0,0.0,0.0,106024
-0.735195939313603,-0.6541948069179543,0.10015451350370036,-1.6955592407969562,0.035555906726738765,-0.22941573387056183,0.7378485751039278,-0.07947919565417831,-0.8030294285736492,-1.384272781460252,-0.5368181637610334,-1.4185977063022188,-0.1489623719525991,-0.03550582259413551,-0.3808301226881893,1.2861981252873527,0.0,0.0,0.0,0.0,0.0,0.0,0.0,0.0,0.0,0.0,0.0,1.0,0.0,0.0,0.0,0.0,0.0,0.0,0.0,0.0,0.0,0.0,0.0,0.0,0.0,0.0,0.0,0.0,0.0,0.0,0.0,0.0,0.0,0.0,0.0,0.0,0.0,0.0,0.0,0.0,0.0,0.0,0.0,0.0,0.0,0.0,0.0,0.0,0.0,0.0,94646
-1.4404198619165796,1.0845289323988678,0.9463399110440918,-0.16654394180326204,0.035555906726738765,-0.22941573387056183,0.03680479828309378,1.3179572114522533,0.25055571756643996,1.2901744664483057,-0.5368181637610334,-1.3273081348261226,1.6791408141252973,0.5389067057042062,1.1820438910550066,-0.524303604236727,0.0,0.0,0.0,0.0,0.0,0.0,0.0,0.0,0.0,0.0,0.0,0.0,0.0,0.0,0.0,0.0,0.0,0.0,0.0,0.0,0.0,0.0,0.0,0.0,0.0,0.0,0.0,0.0,0.0,0.0,0.0,0.0,0.0,1.0,0.0,0.0,0.0,0.0,0.0,0.0,0.0,0.0,0.0,0.0,0.0,0.0,0.0,0.0,0.0,0.0,142233
-1.4404198619165796,-1.5235566765763653,0.058781071481935,1.441655377669338,0.035555906726738765,-0.22941573387056183,1.4388923519247618,-1.47691560276061,0.5139520041014622,1.31832654274208,-0.5368181637610334,-0.2248824831935759,-0.3730013777151454,-1.2013034116403636,0.258667178672961,-0.524303604236727,0.0,0.0,0.0,0.0,0.0,0.0,0.0,0.0,0.0,0.0,0.0,0.0,0.0,0.0,0.0,0.0,0.0,0.0,0.0,0.0,0.0,0.0,0.0,0.0,0.0,0.0,0.0,0.0,0.0,0.0,0.0,0.0,0.0,0.0,0.0,0.0,0.0,0.0,0.0,0.0,0.0,0.0,0.0,0.0,0.0,0.0,0.0,0.0,0.0,1.0,89316
0.6752519058923501,0.6498479975696623,1.1906402353630872,-0.025861671916881147,1.4577921757962944,-0.22941573387056183,0.7378485751039278,0.6192390078990375,1.040744577171507,0.7834370931603685,-0.5368181637610334,0.46674009679653833,1.4681212442407305,1.066411630373342,0.5445962605315523,1.844322718599287,0.0,0.0,0.0,0.0,0.0,0.0,0.0,0.0,0.0,0.0,0.0,0.0,0.0,0.0,0.0,0.0,0.0,0.0,0.0,0.0,0.0,0.0,0.0,0.0,0.0,0.0,0.0,0.0,0.0,0.0,0.0,0.0,0.0,0.0,0.0,0.0,0.0,0.0,0.0,0.0,0.0,0.0,0.0,0.0,0.0,0.0,0.0,1.0,0.0,0.0,531231
-0.735195939313603,1.0845289323988678,-2.039443488193308,-0.2648205560524624,-1.386680362342817,-0.22941573387056183,0.03680479828309378,1.3179572114522533,-0.27623685550360466,1.5153910767985002,1.8997383371771257,-1.068381768823482,0.6685342863593103,-0.49055291368734866,-1.9242322634732731,-0.524303604236727,0.0,0.0,0.0,0.0,0.0,0.0,0.0,0.0,0.0,0.0,0.0,0.0,0.0,0.0,0.0,0.0,0.0,0.0,0.0,0.0,0.0,0.0,0.0,0.0,0.0,0.0,0.0,0.0,0.0,0.0,0.0,0.0,0.0,1.0,0.0,0.0,0.0,0.0,0.0,0.0,0.0,0.0,0.0,0.0,0.0,0.0,0.0,0.0,0.0,0.0,50000
0.6752519058923501,1.0845289323988678,-1.3843639895153566,-0.14061820920991472,0.035555906726738765,-0.22941573387056183,0.7378485751039278,-1.47691560276061,0.5139520041014622,-1.4968810866353492,-0.5368181637610334,0.768188966776644,1.2637909455537542,1.3146648864124586,-1.242716709939355,-0.524303604236727,0.0,0.0,0.0,0.0,0.0,0.0,0.0,0.0,0.0,0.0,0.0,0.0,0.0,0.0,0.0,0.0,0.0,0.0,0.0,0.0,0.0,0.0,0.0,0.0,0.0,0.0,0.0,0.0,0.0,0.0,0.0,1.0,0.0,0.0,0.0,0.0,0.0,0.0,0.0,0.0,0.0,0.0,0.0,0.0,0.0,0.0,0.0,0.0,0.0,0.0,50000
-0.735195939313603,-0.21951387208874876,-0.7558817035656828,-0.30622133833331167,0.7466740412615166,-0.22941573387056183,1.4388923519247618,-0.7781973992073942,-1.329822001643694,-1.3279686288727035,-0.5368181637610334,-0.8285607935939331,-1.696452538566364,0.7378640219863387,-0.5888717127143327,-0.524303604236727,0.0,0.0,0.0,0.0,0.0,0.0,0.0,0.0,0.0,0.0,0.0,0.0,0.0,0.0,0.0,0.0,0.0,0.0,0.0,0.0,0.0,0.0,0.0,0.0,0.0,0.0,0.0,0.0,0.0,0.0,0.0,0.0,0.0,0.0,0.0,0.0,0.0,0.0,0.0,1.0,0.0,0.0,0.0,0.0,0.0,0.0,0.0,0.0,0.0,0.0,69967
0.6752519058923501,1.5192098672280734,1.347268265874056,1.3373495232821497,0.035555906726738765,-0.22941573387056183,1.4388923519247618,-0.7781973992073942,1.3041408637065293,-0.9901437133474119,-0.5368181637610334,-0.5187114988770205,1.3777354956233696,0.1146594075219327,1.5991519065261415,-0.524303604236727,0.0,0.0,1.0,0.0,0.0,0.0,0.0,0.0,0.0,0.0,0.0,0.0,0.0,0.0,0.0,0.0,0.0,0.0,0.0,0.0,0.0,0.0,0.0,0.0,0.0,0.0,0.0,0.0,0.0,0.0,0.0,0.0,0.0,0.0,0.0,0.0,0.0,0.0,0.0,0.0,0.0,0.0,0.0,0.0,0.0,0.0,0.0,0.0,0.0,0.0,50000
-1.4404198619165796,0.6498479975696623,0.07749762858701932,1.0977877151327697,0.7466740412615166,-0.22941573387056183,-1.3652827553585742,-1.47691560276061,-0.8030294285736492,-0.061125195652860245,1.8491273712822678,0.5421580693230038,-1.5456139074152357,1.4802204413157154,-0.031361244861022215,0.29518665228469854,0.0,0.0,0.0,0.0,0.0,0.0,0.0,0.0,0.0,0.0,0.0,0.0,0.0,0.0,0.0,0.0,0.0,0.0,0.0,0.0,0.0,0.0,0.0,0.0,0.0,0.0,0.0,0.0,0.0,0.0,0.0,0.0,0.0,0.0,0.0,0.0,0.0,0.0,0.0,0.0,0.0,0.0,0.0,0.0,1.0,0.0,0.0,0.0,0.0,0.0,192622
-0.02997201671062649,1.5192098672280734,-0.4396703966850476,1.694481514122291,-0.6755622278080391,-0.22941573387056183,0.03680479828309378,-0.7781973992073942,-1.0664257151086716,-0.8775354081723147,1.826231934329832,0.5844575531747128,0.7654424898397444,-0.7628442386546063,-0.2598995432641256,-0.524303604236727,0.0,0.0,0.0,0.0,0.0,0.0,0.0,0.0,0.0,0.0,0.0,0.0,0.0,0.0,0.0,0.0,0.0,0.0,0.0,0.0,0.0,1.0,0.0,0.0,0.0,0.0,0.0,0.0,0.0,0.0,0.0,0.0,0.0,0.0,0.0,0.0,0.0,0.0,0.0,0.0,0.0,0.0,0.0,0.0,0.0,0.0,0.0,0.0,0.0,0.0,181226
-0.735195939313603,1.0845289323988678,2.3855446442297867,0.6980490939841817,-1.386680362342817,-0.22941573387056183,-1.3652827553585742,-0.7781973992073942,1.5675371502415514,-0.9901437133474119,1.8635876472522273,-1.278132197096939,0.7283668614559489,-1.3852168808789593,2.6793284379919307,-0.524303604236727,0.0,0.0,0.0,0.0,0.0,0.0,0.0,0.0,0.0,0.0,0.0,0.0,0.0,0.0,0.0,0.0,0.0,0.0,0.0,0.0,0.0,0.0,0.0,0.0,0.0,0.0,0.0,0.0,0.0,0.0,0.0,0.0,0.0,0.0,0.0,0.0,0.0,0.0,0.0,0.0,0.0,0.0,0.0,0.0,1.0,0.0,0.0,0.0,0.0,0.0,439021
1.3804758284953267,-0.21951387208874876,1.307864987758089,-1.9825510713651733,-1.386680362342817,-0.22941573387056183,0.03680479828309378,1.3179572114522533,-1.5932182881787162,-0.34264595859060315,-0.5368181637610334,1.1040944461860418,1.0055865052430986,0.8742037740892327,0.7444391672069117,1.6374082352251065,0.0,0.0,0.0,0.0,0.0,0.0,0.0,0.0,0.0,0.0,0.0,0.0,0.0,0.0,0.0,0.0,0.0,0.0,0.0,0.0,1.0,0.0,0.0,0.0,0.0,0.0,0.0,0.0,0.0,0.0,0.0,0.0,0.0,0.0,0.0,0.0,0.0,0.0,0.0,0.0,0.0,0.0,0.0,0.0,0.0,0.0,0.0,0.0,0.0,0.0,50000
1.3804758284953267,-1.5235566765763653,1.0064299101709415,1.2883117034931828,-1.386680362342817,-0.22941573387056183,1.4388923519247618,-1.47691560276061,-1.5932182881787162,-0.004821043065311664,-0.5368181637610334,-0.9342723332022463,0.20735355340439318,1.3506597988440106,1.2445588516047343,-0.524303604236727,0.0,0.0,0.0,0.0,0.0,0.0,0.0,0.0,0.0,0.0,0.0,0.0,0.0,0.0,0.0,0.0,0.0,0.0,0.0,0.0,0.0,0.0,0.0,0.0,0.0,0.0,0.0,0.0,1.0,0.0,0.0,0.0,0.0,0.0,0.0,0.0,0.0,0.0,0.0,0.0,0.0,0.0,0.0,0.0,0.0,0.0,0.0,0.0,0.0,0.0,467496
-0.735195939313603,-1.5235566765763653,-1.0514062894354352,-0.3639010689867278,0.035555906726738765,-0.22941573387056183,1.4388923519247618,1.3179572114522533,0.7773482906364846,-0.511558416353249,-0.5368181637610334,0.9022984023978797,0.3656664303581711,0.31325180693608734,-0.896322338368732,-0.524303604236727,0.0,0.0,0.0,0.0,0.0,0.0,0.0,0.0,0.0,0.0,0.0,0.0,0.0,0.0,0.0,0.0,0.0,0.0,0.0,0.0,0.0,0.0,0.0,0.0,0.0,0.0,0.0,0.0,0.0,0.0,0.0,0.0,0.0,0.0,0.0,0.0,0.0,0.0,0.0,0.0,0.0,0.0,0.0,0.0,0.0,0.0,0.0,0.0,1.0,0.0,92270
-0.02997201671062649,-1.0888757417471597,-0.4445958064495435,-1.4280619533415662,1.4577921757962944,-0.22941573387056183,-1.3652827553585742,-0.7781973992073942,1.3041408637065293,-0.1737335008279574,-0.5368181637610334,0.6605074160574866,-1.0379125013804567,0.899639413938521,-0.2650237203583656,-0.524303604236727,0.0,0.0,0.0,0.0,0.0,0.0,0.0,0.0,0.0,0.0,0.0,0.0,0.0,0.0,0.0,0.0,0.0,0.0,0.0,0.0,0.0,0.0,0.0,0.0,0.0,0.0,0.0,0.0,0.0,0.0,0.0,0.0,0.0,0.0,1.0,0.0,0.0,0.0,0.0,0.0,0.0,0.0,0.0,0.0,0.0,0.0,0.0,0.0,0.0,0.0,74030
0.6752519058923501,-1.0888757417471597,0.9217128622216124,-1.5408087439219371,-0.6755622278080391,-0.22941573387056183,0.7378485751039278,0.6192390078990375,0.7773482906364846,0.5019163302226256,1.8840730382096698,0.4922015611536743,0.7802448206819624,-0.8568522084089361,0.5056525146153283,1.2045213555343866,0.0,0.0,0.0,0.0,0.0,0.0,0.0,0.0,0.0,0.0,0.0,0.0,0.0,0.0,0.0,0.0,0.0,0.0,0.0,0.0,0.0,0.0,0.0,0.0,0.0,0.0,0.0,0.0,0.0,0.0,0.0,0.0,0.0,0.0,0.0,0.0,0.0,0.0,0.0,0.0,0.0,0.0,0.0,0.0,0.0,0.0,0.0,0.0,0.0,1.0,641082
-1.4404198619165796,-1.0888757417471597,-1.326244154294305,-1.0074219663812873,-1.386680362342817,-0.22941573387056183,-1.3652827553585742,1.3179572114522533,1.3041408637065293,0.8115891694541428,-0.5368181637610334,0.13213556812071697,0.2508970995903937,1.1412799414546926,-1.4968758938136584,0.31152200623529175,0.0,0.0,0.0,0.0,0.0,0.0,0.0,0.0,0.0,0.0,0.0,0.0,0.0,0.0,0.0,0.0,0.0,0.0,0.0,0.0,0.0,0.0,0.0,0.0,0.0,0.0,0.0,0.0,0.0,0.0,0.0,0.0,0.0,0.0,0.0,0.0,0.0,0.0,0.0,0.0,0.0,0.0,0.0,0.0,0.0,0.0,0.0,0.0,0.0,1.0,50000
-1.4404198619165796,-1.0888757417471597,-0.11557843418121899,0.9649434574257729,0.035555906726738765,-0.22941573387056183,1.4388923519247618,-0.7781973992073942,1.040744577171507,0.6145246353977227,-0.5368181637610334,0.28025810164361725,0.6348613235407935,-1.525113346590288,0.0772713095368655,-0.524303604236727,0.0,0.0,0.0,0.0,0.0,0.0,0.0,0.0,0.0,0.0,0.0,0.0,0.0,0.0,0.0,0.0,0.0,0.0,0.0,0.0,0.0,0.0,0.0,0.0,0.0,0.0,0.0,0.0,0.0,0.0,0.0,0.0,0.0,0.0,0.0,0.0,0.0,0.0,0.0,0.0,0.0,0.0,0.0,0.0,1.0,0.0,0.0,0.0,0.0,0.0,50000
1.3804758284953267,0.21516706274045677,0.5375309005909341,0.021970299844488363,0.035555906726738765,4.358898943540674,-1.3652827553585742,-1.47691560276061,-0.8030294285736492,0.27669971987243125,-0.5368181637610334,-1.2053532960585855,1.7115441204804251,-1.6844543032909198,0.44518722490329654,0.3006317702682296,0.0,0.0,0.0,0.0,0.0,0.0,0.0,0.0,0.0,0.0,0.0,0.0,0.0,0.0,0.0,0.0,0.0,1.0,0.0,0.0,0.0,0.0,0.0,0.0,0.0,0.0,0.0,0.0,0.0,0.0,0.0,0.0,0.0,0.0,0.0,0.0,0.0,0.0,0.0,0.0,0.0,0.0,0.0,0.0,0.0,0.0,0.0,0.0,0.0,0.0,498555
-0.735195939313603,-1.0888757417471597,1.3206710531457784,-0.1962881931506683,0.035555906726738765,-0.22941573387056183,-1.3652827553585742,-0.7781973992073942,1.5675371502415514,0.5582204828101742,-0.5368181637610334,0.7586734414110575,0.03899056004509956,1.5641110209299127,-0.06928015535839811,3.8317907825881266,0.0,0.0,0.0,0.0,0.0,0.0,0.0,0.0,0.0,0.0,0.0,0.0,0.0,0.0,0.0,0.0,0.0,0.0,0.0,0.0,0.0,0.0,0.0,1.0,0.0,0.0,0.0,0.0,0.0,0.0,0.0,0.0,0.0,0.0,0.0,0.0,0.0,0.0,0.0,0.0,0.0,0.0,0.0,0.0,0.0,0.0,0.0,0.0,0.0,0.0,239300
1.3804758284953267,-0.21951387208874876,-1.133168091526067,-0.6758137587919609,1.4577921757962944,-0.22941573387056183,0.03680479828309378,1.3179572114522533,-0.012840568968582357,1.4309348479171773,-0.5368181637610334,-1.6250771727312554,-0.5665700853178464,-1.4661884802601788,-0.9813836781331157,-0.524303604236727,0.0,0.0,0.0,0.0,0.0,0.0,0.0,0.0,0.0,0.0,0.0,0.0,0.0,1.0,0.0,0.0,0.0,0.0,0.0,0.0,0.0,0.0,0.0,0.0,0.0,0.0,0.0,0.0,0.0,0.0,0.0,0.0,0.0,0.0,0.0,0.0,0.0,0.0,0.0,0.0,0.0,0.0,0.0,0.0,0.0,0.0,0.0,0.0,0.0,0.0,310813
1.3804758284953267,1.0845289323988678,-0.062384008724663535,-0.33053927355652896,0.035555906726738765,-0.22941573387056183,-1.3652827553585742,-0.7781973992073942,-1.329822001643694,0.19224349099110838,-0.5368181637610334,1.2770093836888101,-1.1600258709866884,0.7758058368470251,0.13261242215465735,-0.524303604236727,0.0,0.0,0.0,0.0,0.0,0.0,0.0,0.0,0.0,0.0,0.0,0.0,0.0,0.0,0.0,0.0,0.0,0.0,0.0,0.0,0.0,0.0,0.0,0.0,0.0,0.0,0.0,0.0,0.0,0.0,0.0,0.0,0.0,0.0,0.0,0.0,0.0,0.0,0.0,0.0,1.0,0.0,0.0,0.0,0.0,0.0,0.0,0.0,0.0,0.0,185376
-0.02997201671062649,-1.5235566765763653,1.6378674419793127,0.9175134350069359,1.4577921757962944,-0.22941573387056183,1.4388923519247618,0.6192390078990375,-0.8030294285736492,-0.20188557712173172,-0.5368181637610334,-1.4121301226552967,1.5337719761605497,1.598995875550059,1.9014783550863006,-0.524303604236727,0.0,0.0,0.0,0.0,0.0,0.0,0.0,0.0,0.0,0.0,0.0,0.0,0.0,0.0,0.0,0.0,0.0,0.0,0.0,0.0,0.0,0.0,0.0,0.0,0.0,0.0,0.0,0.0,0.0,0.0,0.0,0.0,0.0,0.0,0.0,0.0,0.0,0.0,1.0,0.0,0.0,0.0,0.0,0.0,0.0,0.0,0.0,0.0,0.0,0.0,329257
-0.735195939313603,-1.0888757417471597,2.3284098909616344,-1.4998099109836205,1.4577921757962944,-0.22941573387056183,0.03680479828309378,0.6192390078990375,0.25055571756643996,-0.6523187978221204,1.8973282911821325,-0.14697411926283588,1.2713001469025758,1.0153157619441542,2.619887983698747,-0.524303604236727,0.0,0.0,0.0,0.0,0.0,0.0,0.0,0.0,0.0,0.0,0.0,0.0,0.0,0.0,0.0,0.0,0.0,0.0,0.0,0.0,0.0,0.0,0.0,0.0,0.0,0.0,0.0,0.0,0.0,0.0,1.0,0.0,0.0,0.0,0.0,0.0,0.0,0.0,0.0,0.0,0.0,0.0,0.0,0.0,0.0,0.0,0.0,0.0,0.0,0.0,57540
0.6752519058923501,0.6498479975696623,0.1336472999022723,1.425376429296771,-0.6755622278080391,-0.22941573387056183,-0.6642389785377402,-1.47691560276061,-1.0664257151086716,1.5435431530922745,-0.5368181637610334,0.1362614404472018,-0.5124586688408661,-1.1460630034581016,0.3365546705054088,-0.524303604236727,0.0,0.0,0.0,0.0,0.0,0.0,0.0,0.0,0.0,0.0,0.0,0.0,0.0,0.0,1.0,0.0,0.0,0.0,0.0,0.0,0.0,0.0,0.0,0.0,0.0,0.0,0.0,0.0,0.0,0.0,0.0,0.0,0.0,0.0,0.0,0.0,0.0,0.0,0.0,0.0,0.0,0.0,0.0,0.0,0.0,0.0,0.0,0.0,0.0,0.0,60505
-0.735195939313603,-0.6541948069179543,0.47251549169958856,-0.7664533355330435,-1.386680362342817,4.358898943540674,0.7378485751039278,1.3179572114522533,-0.27623685550360466,0.02333103322846263,-0.5368181637610334,1.2180205604263652,-0.8515618552456858,-0.4823599188936046,0.6890980545891199,-0.524303604236727,0.0,0.0,0.0,0.0,0.0,0.0,0.0,0.0,0.0,0.0,0.0,0.0,0.0,0.0,0.0,0.0,0.0,0.0,0.0,0.0,0.0,0.0,0.0,0.0,0.0,0.0,0.0,0.0,0.0,0.0,0.0,0.0,0.0,0.0,0.0,0.0,0.0,0.0,0.0,0.0,0.0,0.0,0.0,1.0,0.0,0.0,0.0,0.0,0.0,0.0,554308
-0.02997201671062649,0.21516706274045677,0.48335139318147946,-0.31446129985522825,1.4577921757962944,-0.22941573387056183,1.4388923519247618,0.6192390078990375,-0.8030294285736492,-0.6241667215283461,-0.5368181637610334,-0.04007313898382429,0.5683942696401391,0.14068745179423178,0.7003712441964478,-0.524303604236727,0.0,0.0,0.0,0.0,0.0,0.0,0.0,0.0,0.0,0.0,0.0,0.0,0.0,0.0,0.0,0.0,0.0,0.0,0.0,0.0,0.0,1.0,0.0,0.0,0.0,0.0,0.0,0.0,0.0,0.0,0.0,0.0,0.0,0.0,0.0,0.0,0.0,0.0,0.0,0.0,0.0,0.0,0.0,0.0,0.0,0.0,0.0,0.0,0.0,0.0,187065
-1.4404198619165796,1.5192098672280734,-0.31850531647844904,-1.6203947137433756,1.4577921757962944,4.358898943540674,-1.3652827553585742,-0.7781973992073942,-1.329822001643694,0.5863725591039485,-0.5368181637610334,-0.07668560962875698,-0.14945223420363835,-0.11466671518523908,-0.13384478674582195,-0.524303604236727,0.0,0.0,0.0,0.0,0.0,0.0,0.0,0.0,0.0,0.0,0.0,1.0,0.0,0.0,0.0,0.0,0.0,0.0,0.0,0.0,0.0,0.0,0.0,0.0,0.0,0.0,0.0,0.0,0.0,0.0,0.0,0.0,0.0,0.0,0.0,0.0,0.0,0.0,0.0,0.0,0.0,0.0,0.0,0.0,0.0,0.0,0.0,0.0,0.0,0.0,316648
-0.735195939313603,0.21516706274045677,-1.0848990758340074,0.6256982123283287,-1.386680362342817,4.358898943540674,1.4388923519247618,0.6192390078990375,-1.329822001643694,-1.6094893918104463,-0.5368181637610334,0.006798257445881417,0.2342504408420606,0.6714233967075801,-1.1002645867194834,-0.07508137059541395,0.0,0.0,0.0,0.0,0.0,0.0,0.0,0.0,0.0,0.0,0.0,0.0,1.0,0.0,0.0,0.0,0.0,0.0,0.0,0.0,0.0,0.0,0.0,0.0,0.0,0.0,0.0,0.0,0.0,0.0,0.0,0.0,0.0,0.0,0.0,0.0,0.0,0.0,0.0,0.0,0.0,0.0,0.0,0.0,0.0,0.0,0.0,0.0,0.0,0.0,101033
0.6752519058923501,0.21516706274045677,-0.21901203923563237,1.9979532677343412,1.4577921757962944,-0.22941573387056183,-1.3652827553585742,-0.7781973992073942,-0.012840568968582357,1.4309348479171773,1.8997383371771257,1.5652628962283563,0.5372728233454613,-0.8317130485813673,-0.030336409442174216,-0.524303604236727,0.0,0.0,0.0,0.0,0.0,0.0,0.0,0.0,0.0,1.0,0.0,0.0,0.0,0.0,0.0,0.0,0.0,0.0,0.0,0.0,0.0,0.0,0.0,0.0,0.0,0.0,0.0,0.0,0.0,0.0,0.0,0.0,0.0,0.0,0.0,0.0,0.0,0.0,0.0,0.0,0.0,0.0,0.0,0.0,0.0,0.0,0.0,0.0,0.0,0.0,156496
-0.735195939313603,-0.6541948069179543,-1.247437598062371,1.3162471827991926,-0.6755622278080391,-0.22941573387056183,-1.3652827553585742,-0.07947919565417831,-0.8030294285736492,-1.3561207051664776,-0.5368181637610334,1.171892564415846,-1.596187065576788,-1.2492588616723115,-1.1002645867194834,-0.524303604236727,0.0,1.0,0.0,0.0,0.0,0.0,0.0,0.0,0.0,0.0,0.0,0.0,0.0,0.0,0.0,0.0,0.0,0.0,0.0,0.0,0.0,0.0,0.0,0.0,0.0,0.0,0.0,0.0,0.0,0.0,0.0,0.0,0.0,0.0,0.0,0.0,0.0,0.0,0.0,0.0,0.0,0.0,0.0,0.0,0.0,0.0,0.0,0.0,0.0,0.0,50000
-0.735195939313603,1.5192098672280734,-1.5744848064248973,0.3975919604411254,-0.6755622278080391,-0.22941573387056183,0.03680479828309378,-0.07947919565417831,1.5675371502415514,-0.14558142453418313,-0.5368181637610334,-1.2818491991928713,-1.3627271921963935,0.3248260203359333,-1.4405099457770185,-0.524303604236727,0.0,0.0,0.0,0.0,0.0,0.0,0.0,0.0,0.0,0.0,0.0,0.0,0.0,0.0,0.0,0.0,0.0,0.0,0.0,0.0,0.0,0.0,0.0,0.0,0.0,0.0,0.0,0.0,0.0,0.0,0.0,0.0,0.0,1.0,0.0,0.0,0.0,0.0,0.0,0.0,0.0,0.0,0.0,0.0,0.0,0.0,0.0,0.0,0.0,0.0,50000
-0.735195939313603,1.0845289323988678,-0.5677310505619404,0.38694030286401365,0.7466740412615166,4.358898943540674,-1.3652827553585742,-0.07947919565417831,0.5139520041014622,0.6989808642790456,1.892508199192146,0.6328529204637507,-0.1985864650691339,1.0576196872535748,-0.3931281477143653,-0.524303604236727,0.0,0.0,0.0,0.0,0.0,0.0,0.0,0.0,0.0,0.0,0.0,0.0,0.0,0.0,0.0,0.0,0.0,0.0,0.0,0.0,0.0,0.0,0.0,0.0,0.0,0.0,0.0,0.0,0.0,0.0,0.0,0.0,0.0,0.0,0.0,0.0,0.0,0.0,0.0,0.0,0.0,0.0,0.0,0.0,0.0,0.0,0.0,0.0,1.0,0.0,460246
1.3804758284953267,0.21516706274045677,1.80828661983087,1.2087257336717445,-1.386680362342817,-0.22941573387056183,0.03680479828309378,1.3179572114522533,-1.0664257151086716,-1.102752018522509,-0.5368181637610334,0.37184503328738794,-0.2789530396566428,-1.6394793089654809,1.3624149247722541,1.3787651310073807,0.0,0.0,0.0,0.0,0.0,0.0,0.0,0.0,0.0,0.0,0.0,0.0,0.0,0.0,0.0,0.0,0.0,0.0,0.0,0.0,0.0,0.0,0.0,0.0,0.0,0.0,0.0,0.0,0.0,0.0,0.0,1.0,0.0,0.0,0.0,0.0,0.0,0.0,0.0,0.0,0.0,0.0,0.0,0.0,0.0,0.0,0.0,0.0,0.0,0.0,426425
1.3804758284953267,-1.0888757417471597,-0.07814531997105034,-0.41997300227001394,0.7466740412615166,-0.22941573387056183,-0.6642389785377402,0.6192390078990375,-1.329822001643694,-0.2863418060030546,-0.5368181637610334,0.505880128866705,1.4554156323725371,1.1702223147718167,0.1162150554530894,-0.524303604236727,0.0,0.0,0.0,0.0,0.0,0.0,0.0,0.0,0.0,0.0,0.0,0.0,0.0,0.0,0.0,0.0,0.0,0.0,0.0,0.0,0.0,0.0,0.0,0.0,0.0,0.0,0.0,0.0,0.0,0.0,0.0,0.0,0.0,0.0,0.0,0.0,1.0,0.0,0.0,0.0,0.0,0.0,0.0,0.0,0.0,0.0,0.0,0.0,0.0,0.0,224639
-0.02997201671062649,0.6498479975696623,-0.9469876024281227,1.3494080035581253,0.7466740412615166,-0.22941573387056183,0.7378485751039278,0.6192390078990375,-0.012840568968582357,0.4737642539288513,-0.5368181637610334,-0.5445818334647089,0.14513360975720505,-0.42898447044678784,-0.7876897839708442,-0.524303604236727,0.0,0.0,0.0,0.0,0.0,0.0,0.0,0.0,1.0,0.0,0.0,0.0,0.0,0.0,0.0,0.0,0.0,0.0,0.0,0.0,0.0,0.0,0.0,0.0,0.0,0.0,0.0,0.0,0.0,0.0,0.0,0.0,0.0,0.0,0.0,0.0,0.0,0.0,0.0,0.0,0.0,0.0,0.0,0.0,0.0,0.0,0.0,0.0,0.0,0.0,214873
-0.735195939313603,-0.6541948069179543,1.105923187413758,-1.2512042426272587,1.4577921757962944,-0.22941573387056183,0.03680479828309378,-1.47691560276061,-0.012840568968582357,-0.7649271029972176,-0.5368181637610334,0.109090155125937,-0.7792165270296509,1.1628650958686901,1.3480672289083822,-0.524303604236727,0.0,0.0,0.0,0.0,0.0,0.0,0.0,0.0,0.0,0.0,0.0,0.0,0.0,0.0,0.0,0.0,0.0,0.0,0.0,0.0,0.0,0.0,0.0,1.0,0.0,0.0,0.0,0.0,0.0,0.0,0.0,0.0,0.0,0.0,0.0,0.0,0.0,0.0,0.0,0.0,0.0,0.0,0.0,0.0,0.0,0.0,0.0,0.0,0.0,0.0,72405
0.6752519058923501,-1.5235566765763653,-0.19142974455445547,0.6713194627057694,-0.6755622278080391,-0.22941573387056183,0.03680479828309378,-1.47691560276061,-0.8030294285736492,0.33300387245997987,1.8491273712822678,0.5271785508763968,1.289857403870123,1.3538897037081343,-0.0016410177144302904,-0.524303604236727,0.0,0.0,0.0,0.0,0.0,0.0,0.0,0.0,0.0,0.0,0.0,0.0,0.0,0.0,1.0,0.0,0.0,0.0,0.0,0.0,0.0,0.0,0.0,0.0,0.0,0.0,0.0,0.0,0.0,0.0,0.0,0.0,0.0,0.0,0.0,0.0,0.0,0.0,0.0,0.0,0.0,0.0,0.0,0.0,0.0,0.0,0.0,0.0,0.0,0.0,269806
0.6752519058923501,-0.21951387208874876,1.1581325309174144,1.9067107669794598,0.035555906726738765,-0.22941573387056183,1.4388923519247618,-1.47691560276061,1.5675371502415514,0.1640914146973341,-0.5368181637610334,-0.6024927261193335,0.03048385934574332,1.594069928964401,1.402383506107326,-0.524303604236727,0.0,0.0,0.0,0.0,0.0,0.0,0.0,0.0,0.0,0.0,0.0,0.0,0.0,0.0,0.0,0.0,0.0,0.0,0.0,0.0,0.0,0.0,1.0,0.0,0.0,0.0,0.0,0.0,0.0,0.0,0.0,0.0,0.0,0.0,0.0,0.0,0.0,0.0,0.0,0.0,0.0,0.0,0.0,0.0,0.0,0.0,0.0,0.0,0.0,0.0,290570
-0.02997201671062649,0.21516706274045677,-0.07519007411235282,0.0478960324378357,-1.386680362342817,-0.22941573387056183,-0.6642389785377402,-0.07947919565417831,-0.539633142038627,-0.7649271029972176,1.8274369573273288,-0.2623126942996137,-1.7116633208319805,0.762044055765536,0.1192895617096334,-0.524303604236727,0.0,0.0,0.0,0.0,0.0,0.0,0.0,0.0,0.0,1.0,0.0,0.0,0.0,0.0,0.0,0.0,0.0,0.0,0.0,0.0,0.0,0.0,0.0,0.0,0.0,0.0,0.0,0.0,0.0,0.0,0.0,0.0,0.0,0.0,0.0,0.0,0.0,0.0,0.0,0.0,0.0,0.0,0.0,0.0,0.0,0.0,0.0,0.0,0.0,0.0,70881
1.3804758284953267,-1.0888757417471597,-0.6849558029569421,-1.54603408537486,-0.6755622278080391,-0.22941573387056183,1.4388923519247618,-0.07947919565417831,0.25055571756643996,-0.1737335008279574,-0.5368181637610334,-1.4693719549326534,1.3070418272915287,-0.30795354740583925,-0.5150835625572769,-0.524303604236727,0.0,0.0,0.0,0.0,0.0,0.0,0.0,0.0,0.0,0.0,0.0,0.0,0.0,0.0,0.0,0.0,1.0,0.0,0.0,0.0,0.0,0.0,0.0,0.0,0.0,0.0,0.0,0.0,0.0,0.0,0.0,0.0,0.0,0.0,0.0,0.0,0.0,0.0,0.0,0.0,0.0,0.0,0.0,0.0,0.0,0.0,0.0,0.0,0.0,0.0,94572
0.6752519058923501,1.5192098672280734,-0.05351827114857096,0.22937616059126706,-0.6755622278080391,-0.22941573387056183,-0.6642389785377402,1.3179572114522533,0.25055571756643996,-0.5678625689407976,-0.5368181637610334,-0.34497882091314697,0.046876499256750456,0.6620141041694956,-0.42899738737404514,0.9921617541766751,0.0,0.0,0.0,0.0,0.0,0.0,0.0,0.0,0.0,0.0,1.0,0.0,0.0,0.0,0.0,0.0,0.0,0.0,0.0,0.0,0.0,0.0,0.0,0.0,0.0,0.0,0.0,0.0,0.0,0.0,0.0,0.0,0.0,0.0,0.0,0.0,0.0,0.0,0.0,0.0,0.0,0.0,0.0,0.0,0.0,0.0,0.0,0.0,0.0,0.0,449798
0.6752519058923501,-0.6541948069179543,0.5326054908264383,-0.036513329493992844,1.4577921757962944,-0.22941573387056183,0.03680479828309378,-0.07947919565417831,-0.012840568968582357,-0.48340634005947464,-0.5368181637610334,0.21097318257544007,0.8938197717914302,-0.9391027867514274,-0.04365926988719818,1.5856796143815612,0.0,0.0,0.0,0.0,0.0,0.0,0.0,0.0,0.0,0.0,0.0,0.0,0.0,0.0,0.0,0.0,0.0,0.0,0.0,0.0,0.0,0.0,0.0,0.0,0.0,0.0,0.0,0.0,1.0,0.0,0.0,0.0,0.0,0.0,0.0,0.0,0.0,0.0,0.0,0.0,0.0,0.0,0.0,0.0,0.0,0.0,0.0,0.0,0.0,0.0,176243
-0.02997201671062649,0.21516706274045677,-0.7755833426236663,-0.2863248458779521,-1.386680362342817,4.358898943540674,-1.3652827553585742,-0.7781973992073942,-1.5932182881787162,-0.9338395607598633,1.8997383371771257,1.0728716285802107,-1.0643620627571404,-1.0778696600212778,-0.6093684210912926,-0.524303604236727,0.0,0.0,0.0,0.0,0.0,0.0,0.0,0.0,0.0,0.0,0.0,0.0,0.0,0.0,0.0,0.0,0.0,0.0,0.0,0.0,0.0,0.0,0.0,0.0,0.0,0.0,0.0,0.0,0.0,0.0,0.0,0.0,0.0,0.0,0.0,0.0,0.0,0.0,0.0,0.0,0.0,0.0,0.0,0.0,0.0,0.0,0.0,0.0,0.0,1.0,161056
-1.4404198619165796,1.0845289323988678,-0.47020793722492205,0.4695408927544459,-1.386680362342817,-0.22941573387056183,0.7378485751039278,-1.47691560276061,-0.8030294285736492,0.07963518581601121,1.841897233297288,-1.2026027145075957,-0.45674968458915477,0.4374683522318337,-1.0141784115362515,1.3923779259662084,0.0,0.0,0.0,0.0,0.0,0.0,1.0,0.0,0.0,0.0,0.0,0.0,0.0,0.0,0.0,0.0,0.0,0.0,0.0,0.0,0.0,0.0,0.0,0.0,0.0,0.0,0.0,0.0,0.0,0.0,0.0,0.0,0.0,0.0,0.0,0.0,0.0,0.0,0.0,0.0,0.0,0.0,0.0,0.0,0.0,0.0,0.0,0.0,0.0,0.0,198816
1.3804758284953267,0.6498479975696623,1.0596243356274968,1.2561557560905814,0.7466740412615166,-0.22941573387056183,1.4388923519247618,-1.47691560276061,-0.27623685550360466,0.6708287879852713,-0.5368181637610334,-0.6379157560935678,0.25997851008153205,-1.3698765780403641,1.2998999642225262,-0.524303604236727,0.0,0.0,0.0,0.0,0.0,0.0,0.0,0.0,0.0,0.0,0.0,0.0,0.0,0.0,0.0,0.0,0.0,0.0,0.0,0.0,0.0,0.0,0.0,0.0,0.0,0.0,0.0,0.0,0.0,0.0,0.0,0.0,0.0,0.0,0.0,0.0,0.0,0.0,0.0,0.0,0.0,0.0,0.0,0.0,0.0,0.0,0.0,0.0,1.0,0.0,310583
0.6752519058923501,-1.0888757417471597,1.667419900566288,2.0873869964478264,-1.386680362342817,-0.22941573387056183,-1.3652827553585742,1.3179572114522533,-1.0664257151086716,-0.061125195652860245,1.8985333141796292,1.4615957077728057,-0.20669987520272903,-0.5907568774487416,1.9322234176517405,-0.524303604236727,0.0,0.0,0.0,0.0,0.0,0.0,0.0,0.0,0.0,0.0,0.0,0.0,0.0,0.0,0.0,0.0,0.0,0.0,0.0,0.0,0.0,0.0,0.0,0.0,0.0,0.0,0.0,0.0,0.0,0.0,1.0,0.0,0.0,0.0,0.0,0.0,0.0,0.0,0.0,0.0,0.0,0.0,0.0,0.0,0.0,0.0,0.0,0.0,0.0,0.0,520115
1.3804758284953267,1.5192098672280734,-0.4830140026126113,-0.5946199916003925,-1.386680362342817,-0.22941573387056183,0.03680479828309378,-0.07947919565417831,-1.329822001643694,-0.4271021874719261,-0.5368181637610334,0.39964820896496117,-1.3404758539812283,0.40636962707079516,-0.8389315549132441,0.8941496304731158,0.0,0.0,0.0,0.0,0.0,0.0,0.0,0.0,0.0,1.0,0.0,0.0,0.0,0.0,0.0,0.0,0.0,0.0,0.0,0.0,0.0,0.0,0.0,0.0,0.0,0.0,0.0,0.0,0.0,0.0,0.0,0.0,0.0,0.0,0.0,0.0,0.0,0.0,0.0,0.0,0.0,0.0,0.0,0.0,0.0,0.0,0.0,0.0,0.0,0.0,72326
1.3804758284953267,0.21516706274045677,0.40848516476114216,0.02217127451575462,-0.6755622278080391,-0.22941573387056183,1.4388923519247618,-0.7781973992073942,0.25055571756643996,-0.4271021874719261,-0.5368181637610334,-0.26182948402714246,-0.05809899389460843,1.6132773188174103,0.6224837523640001,-0.524303604236727,0.0,0.0,0.0,0.0,0.0,0.0,0.0,0.0,0.0,0.0,0.0,0.0,0.0,0.0,0.0,0.0,0.0,0.0,0.0,0.0,0.0,0.0,0.0,0.0,0.0,0.0,0.0,0.0,0.0,0.0,0.0,0.0,0.0,0.0,0.0,0.0,0.0,1.0,0.0,0.0,0.0,0.0,0.0,0.0,0.0,0.0,0.0,0.0,0.0,0.0,358083
-0.02997201671062649,0.6498479975696623,0.3001261499422329,-1.0038044222984948,-0.6755622278080391,-0.22941573387056183,0.7378485751039278,-0.07947919565417831,0.25055571756643996,-0.8775354081723147,-0.5368181637610334,-0.7301717481146063,0.6937413685812573,0.6143734046472744,0.042426905296033594,0.7144607370165906,0.0,0.0,0.0,0.0,0.0,0.0,0.0,0.0,0.0,0.0,0.0,0.0,0.0,0.0,0.0,0.0,0.0,0.0,0.0,0.0,0.0,0.0,0.0,0.0,0.0,0.0,0.0,0.0,0.0,0.0,0.0,1.0,0.0,0.0,0.0,0.0,0.0,0.0,0.0,0.0,0.0,0.0,0.0,0.0,0.0,0.0,0.0,0.0,0.0,0.0,230611
0.6752519058923501,-0.21951387208874876,-1.0336748142832501,-0.48307904904761906,-0.6755622278080391,-0.22941573387056183,-0.6642389785377402,-0.07947919565417831,0.25055571756643996,-0.7930791792909918,-0.5368181637610334,-1.1720861272999918,-0.6969940674020684,0.9974226423807253,-0.877875300829468,-0.524303604236727,0.0,0.0,0.0,0.0,0.0,0.0,0.0,0.0,0.0,0.0,0.0,0.0,0.0,0.0,0.0,0.0,0.0,0.0,0.0,0.0,0.0,0.0,0.0,0.0,0.0,0.0,0.0,0.0,0.0,0.0,0.0,0.0,0.0,1.0,0.0,0.0,0.0,0.0,0.0,0.0,0.0,0.0,0.0,0.0,0.0,0.0,0.0,0.0,0.0,0.0,114437
-1.4404198619165796,0.6498479975696623,0.27845434697845106,-0.4127379141044286,0.7466740412615166,-0.22941573387056183,0.03680479828309378,1.3179572114522533,-0.539633142038627,-0.230037653415506,-0.5368181637610334,0.10868128489538446,0.6141541278647957,-0.387743095280619,0.11109087835884941,0.4721529867494582,0.0,0.0,0.0,0.0,0.0,0.0,0.0,0.0,0.0,0.0,0.0,0.0,0.0,0.0,0.0,0.0,0.0,0.0,0.0,0.0,0.0,0.0,0.0,0.0,0.0,0.0,0.0,0.0,0.0,1.0,0.0,0.0,0.0,0.0,0.0,0.0,0.0,0.0,0.0,0.0,0.0,0.0,0.0,0.0,0.0,0.0,0.0,0.0,0.0,0.0,454344
-1.4404198619165796,1.5192098672280734,1.6762856381423805,-0.25838936657194217,1.4577921757962944,-0.22941573387056183,1.4388923519247618,-1.47691560276061,-0.8030294285736492,-0.6241667215283461,-0.5368181637610334,-0.87372236905951,0.674800578356668,1.079824570970205,0.35910104972006474,3.6793274790492565,0.0,0.0,0.0,0.0,0.0,0.0,0.0,0.0,0.0,0.0,0.0,0.0,0.0,0.0,0.0,0.0,0.0,0.0,0.0,0.0,0.0,0.0,0.0,0.0,0.0,0.0,0.0,0.0,0.0,0.0,0.0,0.0,0.0,0.0,0.0,0.0,0.0,0.0,0.0,0.0,0.0,0.0,0.0,0.0,0.0,0.0,0.0,0.0,1.0,0.0,139906
0.6752519058923501,0.6498479975696623,-0.6820005570982447,-0.6177320787960122,0.7466740412615166,-0.22941573387056183,0.7378485751039278,-0.7781973992073942,-1.0664257151086716,0.30485179616620556,-0.5368181637610334,0.8596272183365774,-1.5533994849193304,-1.0229283955937,-0.9014465154629719,0.5075462536424101,0.0,0.0,0.0,0.0,0.0,0.0,0.0,0.0,0.0,0.0,0.0,0.0,0.0,0.0,0.0,0.0,0.0,0.0,0.0,0.0,0.0,0.0,0.0,0.0,0.0,0.0,0.0,0.0,0.0,0.0,0.0,0.0,0.0,0.0,0.0,0.0,0.0,0.0,0.0,0.0,1.0,0.0,0.0,0.0,0.0,0.0,0.0,0.0,0.0,0.0,127450
1.3804758284953267,0.6498479975696623,-0.46528252746042614,-2.0985134566858044,-0.6755622278080391,-0.22941573387056183,1.4388923519247618,1.3179572114522533,-0.539633142038627,0.4737642539288513,-0.5368181637610334,-0.8462908935915299,0.42841298836783065,1.2942389138116424,-0.28654526415417353,-0.524303604236727,0.0,0.0,0.0,0.0,0.0,0.0,0.0,0.0,0.0,0.0,0.0,1.0,0.0,0.0,0.0,0.0,0.0,0.0,0.0,0.0,0.0,0.0,0.0,0.0,0.0,0.0,0.0,0.0,0.0,0.0,0.0,0.0,0.0,0.0,0.0,0.0,0.0,0.0,0.0,0.0,0.0,0.0,0.0,0.0,0.0,0.0,0.0,0.0,0.0,0.0,335158
-0.735195939313603,0.21516706274045677,1.8614810452874253,-1.7636896543562177,0.035555906726738765,-0.22941573387056183,0.03680479828309378,1.3179572114522533,1.5675371502415514,0.33300387245997987,-0.5368181637610334,-0.014091294333257842,1.4842017277728046,0.3725307884261846,2.1341159951647963,-0.524303604236727,0.0,1.0,0.0,0.0,0.0,0.0,0.0,0.0,0.0,0.0,0.0,0.0,0.0,0.0,0.0,0.0,0.0,0.0,0.0,0.0,0.0,0.0,0.0,0.0,0.0,0.0,0.0,0.0,0.0,0.0,0.0,0.0,0.0,0.0,0.0,0.0,0.0,0.0,0.0,0.0,0.0,0.0,0.0,0.0,0.0,0.0,0.0,0.0,0.0,0.0,170824
0.6752519058923501,0.21516706274045677,-0.6514630165583702,0.7639687861595145,1.4577921757962944,-0.22941573387056183,-1.3652827553585742,0.6192390078990375,1.3041408637065293,-1.2998165525789291,1.7780310144299676,0.6535566221380934,0.6366428834420792,-1.24476651536756,-0.7487460380546204,0.18628429261407722,0.0,0.0,0.0,0.0,0.0,0.0,0.0,0.0,0.0,0.0,0.0,0.0,0.0,0.0,0.0,0.0,0.0,0.0,0.0,0.0,0.0,0.0,0.0,0.0,1.0,0.0,0.0,0.0,0.0,0.0,0.0,0.0,0.0,0.0,0.0,0.0,0.0,0.0,0.0,0.0,0.0,0.0,0.0,0.0,0.0,0.0,0.0,0.0,0.0,0.0,121624
-0.02997201671062649,0.6498479975696623,1.4014477732835107,0.6843828163380762,0.7466740412615166,-0.22941573387056183,0.03680479828309378,1.3179572114522533,-1.5932182881787162,-0.3144938822968289,-0.5368181637610334,0.4051865420879002,0.1066400154239274,-0.6088715463975373,1.6555178545627813,-0.524303604236727,0.0,0.0,0.0,0.0,0.0,0.0,0.0,0.0,0.0,0.0,0.0,0.0,0.0,0.0,0.0,0.0,0.0,0.0,0.0,0.0,0.0,0.0,0.0,0.0,0.0,0.0,0.0,0.0,0.0,0.0,0.0,0.0,0.0,0.0,0.0,0.0,0.0,0.0,0.0,0.0,0.0,0.0,0.0,0.0,0.0,0.0,0.0,1.0,0.0,0.0,758020
-0.735195939313603,-0.6541948069179543,0.5926954899532879,0.8811370195077431,-0.6755622278080391,-0.22941573387056183,0.7378485751039278,-0.07947919565417831,0.7773482906364846,1.5435431530922745,1.892508199192146,-0.318588106032028,-0.21352870314178882,0.882187217656846,0.8141279756885755,-0.524303604236727,0.0,0.0,1.0,0.0,0.0,0.0,0.0,0.0,0.0,0.0,0.0,0.0,0.0,0.0,0.0,0.0,0.0,0.0,0.0,0.0,0.0,0.0,0.0,0.0,0.0,0.0,0.0,0.0,0.0,0.0,0.0,0.0,0.0,0.0,0.0,0.0,0.0,0.0,0.0,0.0,0.0,0.0,0.0,0.0,0.0,0.0,0.0,0.0,0.0,0.0,276982
1.3804758284953267,-0.21951387208874876,1.662494490801792,-0.33898020974971177,-0.6755622278080391,-0.22941573387056183,0.03680479828309378,0.6192390078990375,1.3041408637065293,-0.7086229504096689,-0.5368181637610334,-0.9870909329854436,1.2677150870290623,0.6030034678392122,1.9270992405575007,-0.524303604236727,0.0,0.0,0.0,0.0,0.0,0.0,0.0,0.0,0.0,0.0,0.0,0.0,0.0,0.0,0.0,0.0,0.0,0.0,0.0,0.0,0.0,0.0,0.0,0.0,0.0,0.0,0.0,0.0,0.0,0.0,0.0,0.0,0.0,0.0,0.0,0.0,0.0,0.0,0.0,0.0,0.0,0.0,0.0,0.0,0.0,0.0,0.0,1.0,0.0,0.0,375360
1.3804758284953267,0.6498479975696623,-0.24265400610521257,-0.035910405480194064,0.035555906726738765,-0.22941573387056183,-0.6642389785377402,-0.7781973992073942,-1.329822001643694,-0.6241667215283461,1.8961232681846358,-1.0929139826566348,1.0879689457477102,-0.17108686939598564,-0.05493245949452615,-0.524303604236727,0.0,0.0,0.0,0.0,0.0,0.0,0.0,0.0,0.0,0.0,0.0,0.0,0.0,0.0,1.0,0.0,0.0,0.0,0.0,0.0,0.0,0.0,0.0,0.0,0.0,0.0,0.0,0.0,0.0,0.0,0.0,0.0,0.0,0.0,0.0,0.0,0.0,0.0,0.0,0.0,0.0,0.0,0.0,0.0,0.0,0.0,0.0,0.0,0.0,0.0,414085
-0.735195939313603,0.6498479975696623,0.0706020549167251,-1.3203395295428517,0.035555906726738765,-0.22941573387056183,-0.6642389785377402,-0.07947919565417831,0.7773482906364846,-1.102752018522509,-0.5368181637610334,-1.0157861891660407,0.9787783663924355,-0.877056462533706,0.270965203699137,-0.524303604236727,0.0,0.0,0.0,0.0,0.0,0.0,0.0,0.0,0.0,0.0,0.0,0.0,0.0,0.0,0.0,0.0,0.0,0.0,1.0,0.0,0.0,0.0,0.0,0.0,0.0,0.0,0.0,0.0,0.0,0.0,0.0,0.0,0.0,0.0,0.0,0.0,0.0,0.0,0.0,0.0,0.0,0.0,0.0,0.0,0.0,0.0,0.0,0.0,0.0,0.0,379045
-0.02997201671062649,-1.0888757417471597,-0.9903312083556864,1.1411982441262816,0.7466740412615166,-0.22941573387056183,0.7378485751039278,-0.7781973992073942,-0.27623685550360466,1.1494140849794343,-0.5368181637610334,0.11098582619486246,0.16120113379428547,0.48271180087367627,-0.9670359822692437,-0.17037093530720762,0.0,0.0,0.0,0.0,0.0,0.0,0.0,0.0,0.0,0.0,0.0,0.0,0.0,0.0,0.0,0.0,0.0,0.0,0.0,0.0,0.0,0.0,0.0,0.0,0.0,0.0,0.0,0.0,0.0,0.0,0.0,0.0,0.0,0.0,0.0,0.0,0.0,0.0,0.0,0.0,0.0,0.0,0.0,0.0,0.0,0.0,0.0,0.0,1.0,0.0,79414
0.6752519058923501,-1.0888757417471597,-1.4789318569936774,-0.3769644226190346,-0.6755622278080391,-0.22941573387056183,-0.6642389785377402,1.3179572114522533,0.7773482906364846,0.41746010134130274,-0.5368181637610334,-1.4557677272615412,1.7046060962009733,1.0093394763195132,-1.3411009101487628,-0.524303604236727,0.0,0.0,0.0,0.0,0.0,0.0,0.0,0.0,0.0,0.0,0.0,0.0,0.0,0.0,0.0,0.0,0.0,0.0,0.0,0.0,0.0,0.0,0.0,0.0,0.0,0.0,0.0,0.0,0.0,0.0,0.0,1.0,0.0,0.0,0.0,0.0,0.0,0.0,0.0,0.0,0.0,0.0,0.0,0.0,0.0,0.0,0.0,0.0,0.0,0.0,78423
0.6752519058923501,-1.0888757417471597,2.415097102816762,-1.5838173235729165,1.4577921757962944,-0.22941573387056183,-1.3652827553585742,0.6192390078990375,0.7773482906364846,-0.9338395607598633,1.8370771413073017,-0.565099685034255,-1.2732970526255796,-1.6294585413496387,2.7100735005573706,-0.524303604236727,0.0,0.0,0.0,0.0,0.0,0.0,0.0,0.0,0.0,0.0,0.0,1.0,0.0,0.0,0.0,0.0,0.0,0.0,0.0,0.0,0.0,0.0,0.0,0.0,0.0,0.0,0.0,0.0,0.0,0.0,0.0,0.0,0.0,0.0,0.0,0.0,0.0,0.0,0.0,0.0,0.0,0.0,0.0,0.0,0.0,0.0,0.0,0.0,0.0,0.0,50000
1.3804758284953267,-1.0888757417471597,-0.5234023626814774,-0.05038058181136467,-1.386680362342817,-0.22941573387056183,-0.6642389785377402,1.3179572114522533,1.040744577171507,-0.14558142453418313,1.8684077392422138,0.9693531202084975,-1.3803540214325172,-0.14572506226756282,-0.7989629735781721,0.6763449111318732,0.0,0.0,0.0,0.0,0.0,0.0,0.0,0.0,0.0,0.0,0.0,0.0,1.0,0.0,0.0,0.0,0.0,0.0,0.0,0.0,0.0,0.0,0.0,0.0,0.0,0.0,0.0,0.0,0.0,0.0,0.0,0.0,0.0,0.0,0.0,0.0,0.0,0.0,0.0,0.0,0.0,0.0,0.0,0.0,0.0,0.0,0.0,0.0,0.0,0.0,189194
1.3804758284953267,0.21516706274045677,0.1533489389602558,2.6372536970323095,-0.6755622278080391,-0.22941573387056183,-1.3652827553585742,-0.07947919565417831,-0.539633142038627,-0.6804708741158947,-0.5368181637610334,-0.6937451275744703,-0.23307610939261533,1.0871432728142414,-0.3695569330808613,1.4059907209250362,0.0,0.0,0.0,0.0,0.0,0.0,0.0,0.0,0.0,0.0,0.0,0.0,0.0,0.0,0.0,0.0,0.0,0.0,0.0,0.0,0.0,0.0,0.0,0.0,0.0,0.0,0.0,0.0,0.0,0.0,0.0,0.0,0.0,0.0,0.0,0.0,0.0,0.0,0.0,0.0,0.0,0.0,0.0,0.0,0.0,0.0,0.0,0.0,1.0,0.0,153998
-0.735195939313603,1.5192098672280734,-0.6573735082757652,-1.6015030946443474,1.4577921757962944,4.358898943540674,0.7378485751039278,-1.47691560276061,1.3041408637065293,-1.0745999422287347,-0.5368181637610334,1.210958256444094,1.013783197053483,0.3871748380847782,-0.7538702151488603,0.1835617336223117,0.0,0.0,0.0,1.0,0.0,0.0,0.0,0.0,0.0,0.0,0.0,0.0,0.0,0.0,0.0,0.0,0.0,0.0,0.0,0.0,0.0,0.0,0.0,0.0,0.0,0.0,0.0,0.0,0.0,0.0,0.0,0.0,0.0,0.0,0.0,0.0,0.0,0.0,0.0,0.0,0.0,0.0,0.0,0.0,0.0,0.0,0.0,0.0,0.0,0.0,167092
-1.4404198619165796,-0.6541948069179543,0.9039813870694272,-0.5313129701515211,0.7466740412615166,-0.22941573387056183,-0.6642389785377402,1.3179572114522533,-1.329822001643694,0.72713294057282,-0.5368181637610334,0.0904308046043571,-1.2107205896251194,1.284035047326019,1.1379759680445427,-0.524303604236727,0.0,0.0,0.0,0.0,0.0,0.0,0.0,0.0,0.0,1.0,0.0,0.0,0.0,0.0,0.0,0.0,0.0,0.0,0.0,0.0,0.0,0.0,0.0,0.0,0.0,0.0,0.0,0.0,0.0,0.0,0.0,0.0,0.0,0.0,0.0,0.0,0.0,0.0,0.0,0.0,0.0,0.0,0.0,0.0,0.0,0.0,0.0,0.0,0.0,0.0,388887
1.3804758284953267,0.6498479975696623,-0.8514346529969028,0.9536888758348625,0.035555906726738765,-0.22941573387056183,-0.6642389785377402,1.3179572114522533,1.3041408637065293,-0.14558142453418313,-0.5368181637610334,0.8069201286162581,-0.4260392858409507,1.089245369188516,-1.0510724866147796,0.4394822788482718,0.0,0.0,0.0,0.0,0.0,0.0,0.0,0.0,0.0,0.0,0.0,0.0,0.0,0.0,0.0,0.0,0.0,0.0,0.0,0.0,0.0,0.0,0.0,0.0,0.0,0.0,0.0,0.0,0.0,0.0,0.0,0.0,0.0,0.0,0.0,0.0,0.0,0.0,0.0,0.0,1.0,0.0,0.0,0.0,0.0,0.0,0.0,0.0,0.0,0.0,130443
-1.4404198619165796,0.6498479975696623,-0.6928364585801355,0.16024087367567416,0.7466740412615166,-0.22941573387056183,-0.6642389785377402,-0.07947919565417831,-0.27623685550360466,-0.39895011117815177,-0.5368181637610334,-1.3216211216193463,-0.26724358801619086,-0.9388937604881427,-0.5232822459080609,-0.524303604236727,0.0,0.0,0.0,0.0,0.0,0.0,0.0,0.0,0.0,0.0,0.0,0.0,0.0,0.0,0.0,0.0,0.0,0.0,0.0,1.0,0.0,0.0,0.0,0.0,0.0,0.0,0.0,0.0,0.0,0.0,0.0,0.0,0.0,0.0,0.0,0.0,0.0,0.0,0.0,0.0,0.0,0.0,0.0,0.0,0.0,0.0,0.0,0.0,0.0,0.0,81804
0.6752519058923501,-1.5235566765763653,0.6961290950077013,-0.11348662858896982,-1.386680362342817,-0.22941573387056183,0.7378485751039278,-0.7781973992073942,-0.27623685550360466,1.6561514582673715,-0.5368181637610334,-0.8120573042879938,0.4634494066387683,1.2815403435759285,0.2268972806886731,1.318868833188539,1.0,0.0,0.0,0.0,0.0,0.0,0.0,0.0,0.0,0.0,0.0,0.0,0.0,0.0,0.0,0.0,0.0,0.0,0.0,0.0,0.0,0.0,0.0,0.0,0.0,0.0,0.0,0.0,0.0,0.0,0.0,0.0,0.0,0.0,0.0,0.0,0.0,0.0,0.0,0.0,0.0,0.0,0.0,0.0,0.0,0.0,0.0,0.0,0.0,0.0,419381
0.6752519058923501,0.6498479975696623,-0.408147774192274,-1.1157473141938006,0.7466740412615166,-0.22941573387056183,0.7378485751039278,1.3179572114522533,-1.5932182881787162,-0.6804708741158947,-0.5368181637610334,-1.2059480163939347,-0.2810794854331328,1.1230551929644428,-0.7282493296776604,0.8070277427366188,0.0,0.0,0.0,0.0,1.0,0.0,0.0,0.0,0.0,0.0,0.0,0.0,0.0,0.0,0.0,0.0,0.0,0.0,0.0,0.0,0.0,0.0,0.0,0.0,0.0,0.0,0.0,0.0,0.0,0.0,0.0,0.0,0.0,0.0,0.0,0.0,0.0,0.0,0.0,0.0,0.0,0.0,0.0,0.0,0.0,0.0,0.0,0.0,0.0,0.0,265160
1.3804758284953267,-0.6541948069179543,-0.07716023801815117,0.15622138025034898,-1.386680362342817,-0.22941573387056183,-1.3652827553585742,0.6192390078990375,1.5675371502415514,0.8397412457479171,1.8623826242547306,-0.18239714923707023,-1.3583041666243436,0.8635082690072532,0.1172398908719374,-0.524303604236727,0.0,0.0,0.0,0.0,0.0,0.0,0.0,0.0,0.0,0.0,0.0,0.0,0.0,0.0,0.0,0.0,0.0,0.0,0.0,0.0,0.0,0.0,0.0,0.0,0.0,0.0,0.0,0.0,0.0,0.0,0.0,0.0,0.0,0.0,0.0,0.0,0.0,0.0,0.0,0.0,0.0,0.0,0.0,0.0,0.0,0.0,0.0,0.0,1.0,0.0,212938
-0.735195939313603,-0.21951387208874876,-0.4239090854386608,2.2461569867481703,0.7466740412615166,-0.22941573387056183,-0.6642389785377402,-0.07947919565417831,-1.0664257151086716,0.5019163302226256,-0.5368181637610334,-0.412405238933358,-1.6456728692664548,1.395459162125636,-0.24350217656255765,-0.524303604236727,0.0,0.0,0.0,0.0,0.0,0.0,0.0,1.0,0.0,0.0,0.0,0.0,0.0,0.0,0.0,0.0,0.0,0.0,0.0,0.0,0.0,0.0,0.0,0.0,0.0,0.0,0.0,0.0,0.0,0.0,0.0,0.0,0.0,0.0,0.0,0.0,0.0,0.0,0.0,0.0,0.0,0.0,0.0,0.0,0.0,0.0,0.0,0.0,0.0,0.0,321743
0.6752519058923501,-1.5235566765763653,0.36120123102198176,-1.2003576507968954,0.7466740412615166,-0.22941573387056183,1.4388923519247618,-0.07947919565417831,-0.012840568968582357,1.7124556108549203,-0.5368181637610334,-0.3016385764745769,-0.5073838360805769,-1.0416587189301683,0.273014874536833,0.27068362135880875,0.0,0.0,0.0,0.0,0.0,0.0,0.0,0.0,0.0,0.0,0.0,0.0,0.0,0.0,0.0,0.0,0.0,0.0,0.0,0.0,0.0,0.0,0.0,0.0,0.0,0.0,0.0,0.0,0.0,0.0,0.0,0.0,0.0,0.0,0.0,0.0,0.0,0.0,0.0,0.0,0.0,0.0,0.0,0.0,0.0,0.0,0.0,0.0,1.0,0.0,50000
1.3804758284953267,-1.0888757417471597,-0.25644515344580104,-0.8550831655614635,0.7466740412615166,-0.22941573387056183,0.7378485751039278,-0.7781973992073942,0.25055571756643996,-0.7367750267034433,-0.5368181637610334,0.7151473468676908,-0.05500357390709745,-0.6542053043095151,-0.06928015535839811,-0.524303604236727,0.0,0.0,0.0,0.0,0.0,0.0,0.0,0.0,0.0,0.0,0.0,0.0,0.0,0.0,0.0,0.0,0.0,0.0,0.0,0.0,0.0,0.0,0.0,1.0,0.0,0.0,0.0,0.0,0.0,0.0,0.0,0.0,0.0,0.0,0.0,0.0,0.0,0.0,0.0,0.0,0.0,0.0,0.0,0.0,0.0,0.0,0.0,0.0,0.0,0.0,50000
1.3804758284953267,0.21516706274045677,1.5432995745009919,0.20043580792892585,0.7466740412615166,4.358898943540674,-0.6642389785377402,-1.47691560276061,0.5139520041014622,-0.37079803488437746,-0.5368181637610334,1.2464927964812063,1.3932633501973009,0.5469806907040639,1.8030941548768928,-0.524303604236727,0.0,0.0,0.0,0.0,0.0,0.0,0.0,0.0,0.0,0.0,0.0,0.0,0.0,1.0,0.0,0.0,0.0,0.0,0.0,0.0,0.0,0.0,0.0,0.0,0.0,0.0,0.0,0.0,0.0,0.0,0.0,0.0,0.0,0.0,0.0,0.0,0.0,0.0,0.0,0.0,0.0,0.0,0.0,0.0,0.0,0.0,0.0,0.0,0.0,0.0,421797
1.3804758284953267,-1.0888757417471597,-0.060413844818865185,-0.8775923287432844,-1.386680362342817,-0.22941573387056183,0.7378485751039278,-0.07947919565417831,1.3041408637065293,1.684303534561146,-0.5368181637610334,0.775102590675078,-1.5779657428041702,0.8481247489680108,0.13466209299235335,-0.524303604236727,0.0,0.0,0.0,0.0,0.0,1.0,0.0,0.0,0.0,0.0,0.0,0.0,0.0,0.0,0.0,0.0,0.0,0.0,0.0,0.0,0.0,0.0,0.0,0.0,0.0,0.0,0.0,0.0,0.0,0.0,0.0,0.0,0.0,0.0,0.0,0.0,0.0,0.0,0.0,0.0,0.0,0.0,0.0,0.0,0.0,0.0,0.0,0.0,0.0,0.0,629048
0.6752519058923501,0.21516706274045677,1.7432712109395243,-0.11328565391770357,-1.386680362342817,-0.22941573387056183,1.4388923519247618,-1.47691560276061,-1.5932182881787162,0.33300387245997987,-0.5368181637610334,0.5477335724669021,0.21835322164663173,0.10076883871705389,2.0111357449030365,-0.524303604236727,0.0,0.0,0.0,0.0,0.0,0.0,0.0,0.0,0.0,0.0,0.0,0.0,0.0,0.0,0.0,0.0,0.0,0.0,0.0,0.0,0.0,0.0,0.0,0.0,0.0,0.0,0.0,0.0,0.0,0.0,0.0,0.0,0.0,0.0,0.0,0.0,0.0,0.0,0.0,0.0,0.0,0.0,0.0,0.0,0.0,0.0,0.0,0.0,0.0,1.0,513337
-0.735195939313603,1.5192098672280734,0.7434130287468617,0.9169105109931371,0.035555906726738765,-0.22941573387056183,1.4388923519247618,0.6192390078990375,0.7773482906364846,-0.7367750267034433,1.8515374172772612,1.1879871834912326,-1.0966352883514168,-0.518770442481718,0.1848790285159052,1.563899142447437,0.0,0.0,0.0,0.0,0.0,0.0,0.0,0.0,0.0,0.0,0.0,0.0,0.0,0.0,0.0,0.0,0.0,0.0,0.0,0.0,0.0,0.0,0.0,0.0,0.0,0.0,0.0,0.0,0.0,0.0,0.0,0.0,0.0,0.0,0.0,0.0,0.0,0.0,0.0,0.0,0.0,0.0,0.0,0.0,0.0,0.0,0.0,1.0,0.0,0.0,257740
-0.02997201671062649,-0.21951387208874876,-1.9823087349251558,-0.6444617100744247,-0.6755622278080391,-0.22941573387056183,0.7378485751039278,1.3179572114522533,-0.539633142038627,-1.5813373155166721,-0.5368181637610334,1.382572243213286,-0.5927555924788491,-0.5379656819826171,-1.8647918091800895,-0.524303604236727,0.0,0.0,0.0,0.0,0.0,0.0,0.0,0.0,1.0,0.0,0.0,0.0,0.0,0.0,0.0,0.0,0.0,0.0,0.0,0.0,0.0,0.0,0.0,0.0,0.0,0.0,0.0,0.0,0.0,0.0,0.0,0.0,0.0,0.0,0.0,0.0,0.0,0.0,0.0,0.0,0.0,0.0,0.0,0.0,0.0,0.0,0.0,0.0,0.0,0.0,50000
-0.02997201671062649,-1.0888757417471597,-1.1085410427035876,-0.3713371318235794,-0.6755622278080391,-0.22941573387056183,1.4388923519247618,-0.07947919565417831,0.5139520041014622,-0.511558416353249,-0.5368181637610334,0.4791548837969521,0.8946424108653004,-0.38324038092256124,-0.9557627926619158,-0.524303604236727,0.0,0.0,0.0,0.0,0.0,0.0,0.0,0.0,1.0,0.0,0.0,0.0,0.0,0.0,0.0,0.0,0.0,0.0,0.0,0.0,0.0,0.0,0.0,0.0,0.0,0.0,0.0,0.0,0.0,0.0,0.0,0.0,0.0,0.0,0.0,0.0,0.0,0.0,0.0,0.0,0.0,0.0,0.0,0.0,0.0,0.0,0.0,0.0,0.0,0.0,69087
1.3804758284953267,1.0845289323988678,-0.8218821944099275,0.5477200398770204,-0.6755622278080391,-0.22941573387056183,0.03680479828309378,-0.7781973992073942,0.25055571756643996,0.5863725591039485,-0.5368181637610334,-0.33635537605058413,1.5161775970800944,1.5675957443000097,-0.6575356857771486,-0.524303604236727,0.0,0.0,0.0,0.0,0.0,0.0,0.0,0.0,0.0,0.0,0.0,0.0,0.0,0.0,0.0,0.0,0.0,0.0,0.0,0.0,0.0,1.0,0.0,0.0,0.0,0.0,0.0,0.0,0.0,0.0,0.0,0.0,0.0,0.0,0.0,0.0,0.0,0.0,0.0,0.0,0.0,0.0,0.0,0.0,0.0,0.0,0.0,0.0,0.0,0.0,50000
1.3804758284953267,-1.5235566765763653,-0.38155056146399624,0.45386486839567775,-1.386680362342817,-0.22941573387056183,-0.6642389785377402,1.3179572114522533,1.5675371502415514,-1.6376414681042206,-0.5368181637610334,-1.5005947725384843,0.3093000608575567,-0.8842989283843224,-0.39620265397090926,-0.0042948368095100916,0.0,0.0,0.0,0.0,1.0,0.0,0.0,0.0,0.0,0.0,0.0,0.0,0.0,0.0,0.0,0.0,0.0,0.0,0.0,0.0,0.0,0.0,0.0,0.0,0.0,0.0,0.0,0.0,0.0,0.0,0.0,0.0,0.0,0.0,0.0,0.0,0.0,0.0,0.0,0.0,0.0,0.0,0.0,0.0,0.0,0.0,0.0,0.0,0.0,0.0,191955
0.6752519058923501,-0.21951387208874876,-0.49384990409450225,-1.0021966249283647,-0.6755622278080391,-0.22941573387056183,-1.3652827553585742,-1.47691560276061,0.7773482906364846,-0.7086229504096689,-0.5368181637610334,-1.471639326211172,-1.655400243426447,-0.058454349485914006,-0.9034961863006679,1.0357226980449237,0.0,0.0,0.0,0.0,0.0,0.0,0.0,0.0,0.0,0.0,0.0,0.0,0.0,0.0,0.0,0.0,0.0,0.0,0.0,0.0,0.0,0.0,0.0,0.0,0.0,0.0,0.0,0.0,0.0,0.0,0.0,0.0,1.0,0.0,0.0,0.0,0.0,0.0,0.0,0.0,0.0,0.0,0.0,0.0,0.0,0.0,0.0,0.0,0.0,0.0,50000
-0.02997201671062649,1.0845289323988678,-0.3204754803842474,-1.6023069933294123,0.035555906726738765,-0.22941573387056183,-1.3652827553585742,0.6192390078990375,-1.5932182881787162,1.6561514582673715,-0.5368181637610334,-0.5031372600950643,-1.652358923156202,-1.3596819642891969,-0.9209183884210839,1.5611765834556715,0.0,0.0,1.0,0.0,0.0,0.0,0.0,0.0,0.0,0.0,0.0,0.0,0.0,0.0,0.0,0.0,0.0,0.0,0.0,0.0,0.0,0.0,0.0,0.0,0.0,0.0,0.0,0.0,0.0,0.0,0.0,0.0,0.0,0.0,0.0,0.0,0.0,0.0,0.0,0.0,0.0,0.0,0.0,0.0,0.0,0.0,0.0,0.0,0.0,0.0,457664
1.3804758284953267,-1.0888757417471597,-0.7017021961562282,-0.4422811907805686,-1.386680362342817,-0.22941573387056183,0.03680479828309378,-0.07947919565417831,-1.0664257151086716,1.5435431530922745,-0.5368181637610334,-0.6704023544120157,1.1354264388702022,0.605919636324496,-0.5325057646776928,-0.524303604236727,0.0,0.0,0.0,0.0,0.0,0.0,0.0,0.0,0.0,0.0,0.0,0.0,0.0,0.0,0.0,0.0,0.0,0.0,0.0,0.0,0.0,0.0,0.0,0.0,0.0,0.0,0.0,0.0,0.0,0.0,0.0,0.0,0.0,0.0,0.0,0.0,0.0,0.0,0.0,0.0,1.0,0.0,0.0,0.0,0.0,0.0,0.0,0.0,0.0,0.0,50000
0.6752519058923501,1.5192098672280734,0.31785762509441806,0.46310970327392564,1.4577921757962944,-0.22941573387056183,1.4388923519247618,1.3179572114522533,1.040744577171507,-1.1590561711100575,-0.5368181637610334,-1.4594475593365144,1.2098629353260175,1.4070739653435838,0.5281988938299843,-0.524303604236727,0.0,0.0,0.0,0.0,0.0,0.0,0.0,0.0,0.0,0.0,0.0,0.0,0.0,0.0,0.0,0.0,0.0,0.0,0.0,0.0,0.0,0.0,0.0,0.0,0.0,1.0,0.0,0.0,0.0,0.0,0.0,0.0,0.0,0.0,0.0,0.0,0.0,0.0,0.0,0.0,0.0,0.0,0.0,0.0,0.0,0.0,0.0,0.0,0.0,0.0,254485
1.3804758284953267,0.21516706274045677,0.27057369135525766,2.04960375824977,-0.6755622278080391,-0.22941573387056183,1.4388923519247618,0.6192390078990375,0.25055571756643996,0.445612177635077,-0.5368181637610334,1.4572839853415243,1.6704119798368195,-0.1147755723652844,-0.43514639988713316,1.901496457426363,0.0,0.0,0.0,0.0,0.0,0.0,0.0,1.0,0.0,0.0,0.0,0.0,0.0,0.0,0.0,0.0,0.0,0.0,0.0,0.0,0.0,0.0,0.0,0.0,0.0,0.0,0.0,0.0,0.0,0.0,0.0,0.0,0.0,0.0,0.0,0.0,0.0,0.0,0.0,0.0,0.0,0.0,0.0,0.0,0.0,0.0,0.0,0.0,0.0,0.0,428609
-1.4404198619165796,0.21516706274045677,-0.9026589145476599,-0.17900437142177006,-0.6755622278080391,-0.22941573387056183,1.4388923519247618,-0.7781973992073942,1.3041408637065293,-0.4271021874719261,-0.5368181637610334,0.5986193311602147,-0.8523001344587235,1.1811616449414275,-1.229393849494331,0.7716344758436668,0.0,0.0,0.0,0.0,0.0,0.0,0.0,0.0,0.0,0.0,0.0,1.0,0.0,0.0,0.0,0.0,0.0,0.0,0.0,0.0,0.0,0.0,0.0,0.0,0.0,0.0,0.0,0.0,0.0,0.0,0.0,0.0,0.0,0.0,0.0,0.0,0.0,0.0,0.0,0.0,0.0,0.0,0.0,0.0,0.0,0.0,0.0,0.0,0.0,0.0,78041
-0.735195939313603,1.0845289323988678,0.8852648299643429,1.1014052592155623,1.4577921757962944,-0.22941573387056183,1.4388923519247618,1.3179572114522533,0.7773482906364846,1.684303534561146,-0.5368181637610334,-0.8710461275504386,-0.4690512241204064,1.128659901681922,1.1185040950864307,-0.524303604236727,0.0,0.0,0.0,0.0,0.0,0.0,0.0,0.0,0.0,0.0,0.0,0.0,0.0,0.0,0.0,0.0,0.0,0.0,0.0,0.0,0.0,0.0,0.0,0.0,0.0,0.0,0.0,0.0,0.0,0.0,0.0,0.0,0.0,0.0,0.0,0.0,0.0,0.0,0.0,0.0,0.0,0.0,0.0,0.0,0.0,0.0,0.0,0.0,1.0,0.0,666204
1.3804758284953267,0.6498479975696623,0.40454483694954546,-0.1536815628422215,1.4577921757962944,-0.22941573387056183,-0.6642389785377402,-0.07947919565417831,-1.329822001643694,-1.4124248577540264,-0.5368181637610334,1.6469997723179066,-0.6429199810349306,-1.0747747921375186,0.618384410688608,-0.524303604236727,0.0,0.0,0.0,0.0,0.0,0.0,0.0,0.0,0.0,0.0,0.0,0.0,0.0,0.0,0.0,0.0,0.0,0.0,0.0,0.0,0.0,0.0,0.0,0.0,0.0,0.0,0.0,0.0,0.0,0.0,0.0,0.0,0.0,0.0,0.0,0.0,0.0,0.0,0.0,0.0,0.0,1.0,0.0,0.0,0.0,0.0,0.0,0.0,0.0,0.0,185640
0.6752519058923501,-1.0888757417471597,0.7069649964895922,1.079298045376274,-1.386680362342817,-0.22941573387056183,1.4388923519247618,0.6192390078990375,-0.27623685550360466,1.0931099323918858,-0.5368181637610334,-1.0137046679923185,0.5313648227214032,-1.0766774320984942,0.9330088842749432,-0.524303604236727,0.0,0.0,0.0,1.0,0.0,0.0,0.0,0.0,0.0,0.0,0.0,0.0,0.0,0.0,0.0,0.0,0.0,0.0,0.0,0.0,0.0,0.0,0.0,0.0,0.0,0.0,0.0,0.0,0.0,0.0,0.0,0.0,0.0,0.0,0.0,0.0,0.0,0.0,0.0,0.0,0.0,0.0,0.0,0.0,0.0,0.0,0.0,0.0,0.0,0.0,562198
-0.735195939313603,-0.21951387208874876,-0.2978185954675664,0.6031890491465077,0.035555906726738765,-0.22941573387056183,1.4388923519247618,-0.07947919565417831,0.5139520041014622,-0.905687484466089,1.870817785237207,1.1789176983771579,-0.23787810535332776,-0.03525665118607868,-0.8840243133425559,1.5257833165627195,1.0,0.0,0.0,0.0,0.0,0.0,0.0,0.0,0.0,0.0,0.0,0.0,0.0,0.0,0.0,0.0,0.0,0.0,0.0,0.0,0.0,0.0,0.0,0.0,0.0,0.0,0.0,0.0,0.0,0.0,0.0,0.0,0.0,0.0,0.0,0.0,0.0,0.0,0.0,0.0,0.0,0.0,0.0,0.0,0.0,0.0,0.0,0.0,0.0,0.0,50000
-0.735195939313603,-0.21951387208874876,1.4782841656096464,-0.581757612639352,-1.386680362342817,-0.22941573387056183,-1.3652827553585742,0.6192390078990375,1.3041408637065293,-0.2581897297092803,1.8214118423398458,0.9349708508211242,-1.6363810042464544,-1.3923977256456057,1.735455017232925,-0.524303604236727,0.0,0.0,0.0,0.0,0.0,0.0,0.0,0.0,0.0,0.0,0.0,0.0,0.0,0.0,0.0,0.0,0.0,0.0,0.0,0.0,0.0,0.0,0.0,0.0,0.0,0.0,0.0,0.0,0.0,0.0,0.0,0.0,0.0,0.0,0.0,0.0,0.0,0.0,0.0,0.0,0.0,0.0,0.0,0.0,0.0,0.0,0.0,0.0,1.0,0.0,335327
-0.735195939313603,0.21516706274045677,-0.1983253182247497,-0.2684381001352551,1.4577921757962944,-0.22941573387056183,0.03680479828309378,1.3179572114522533,1.5675371502415514,-1.102752018522509,1.8370771413073017,-1.2841537404923493,0.21584863597258697,-0.6296813491278856,-0.008814865646366271,-0.524303604236727,0.0,0.0,0.0,0.0,0.0,0.0,0.0,0.0,0.0,0.0,0.0,0.0,0.0,0.0,0.0,0.0,0.0,0.0,0.0,0.0,0.0,0.0,0.0,0.0,0.0,0.0,0.0,0.0,0.0,0.0,0.0,0.0,0.0,0.0,0.0,0.0,0.0,0.0,0.0,0.0,0.0,0.0,0.0,0.0,0.0,0.0,0.0,0.0,0.0,1.0,159260
-1.4404198619165796,0.6498479975696623,-0.4790736748010146,-0.4004784591571869,0.035555906726738765,-0.22941573387056183,0.03680479828309378,-0.7781973992073942,-1.329822001643694,1.4309348479171773,-0.5368181637610334,-1.2279154987808942,-0.35607226660607044,-1.1156045542281583,-0.3008929600180455,-0.524303604236727,0.0,0.0,0.0,0.0,0.0,0.0,0.0,0.0,0.0,0.0,0.0,0.0,0.0,1.0,0.0,0.0,0.0,0.0,0.0,0.0,0.0,0.0,0.0,0.0,0.0,0.0,0.0,0.0,0.0,0.0,0.0,0.0,0.0,0.0,0.0,0.0,0.0,0.0,0.0,0.0,0.0,0.0,0.0,0.0,0.0,0.0,0.0,0.0,0.0,0.0,243054
0.6752519058923501,-1.0888757417471597,-0.5697012144677387,-1.4596149767303688,0.7466740412615166,-0.22941573387056183,1.4388923519247618,-0.07947919565417831,-0.012840568968582357,1.2338703138607572,-0.5368181637610334,0.3313297104417264,-0.5947748779889701,1.0101241638980658,-0.39517781855206124,-0.524303604236727,0.0,0.0,0.0,0.0,0.0,0.0,0.0,0.0,0.0,0.0,0.0,0.0,0.0,0.0,0.0,0.0,0.0,0.0,0.0,0.0,0.0,0.0,0.0,0.0,0.0,0.0,0.0,0.0,0.0,0.0,0.0,0.0,0.0,0.0,0.0,0.0,0.0,0.0,0.0,0.0,0.0,0.0,0.0,0.0,0.0,0.0,0.0,0.0,0.0,1.0,50000
-1.4404198619165796,-1.5235566765763653,-0.18453417088416124,0.77441946906536,0.035555906726738765,-0.22941573387056183,-0.6642389785377402,-1.47691560276061,-1.0664257151086716,1.1775661612732087,1.8780479232221867,-1.1866939455370056,1.2384003274142712,0.26353167312456127,0.00553283021750569,-0.524303604236727,0.0,0.0,0.0,0.0,0.0,0.0,0.0,0.0,0.0,0.0,0.0,0.0,0.0,0.0,0.0,0.0,0.0,0.0,0.0,0.0,0.0,0.0,0.0,0.0,0.0,0.0,0.0,0.0,0.0,0.0,0.0,0.0,0.0,0.0,0.0,0.0,0.0,0.0,0.0,0.0,0.0,0.0,0.0,0.0,0.0,1.0,0.0,0.0,0.0,0.0,93561
-1.4404198619165796,0.6498479975696623,-0.39337154489878634,0.29368805539646975,-0.6755622278080391,-0.22941573387056183,-1.3652827553585742,0.6192390078990375,0.7773482906364846,-1.6376414681042206,1.8274369573273288,1.208876735270372,0.3727893390656392,1.6233275548846184,-0.21173227857826973,-0.524303604236727,0.0,0.0,0.0,0.0,0.0,0.0,0.0,0.0,0.0,0.0,0.0,0.0,0.0,0.0,0.0,0.0,0.0,0.0,0.0,0.0,0.0,0.0,0.0,0.0,0.0,0.0,0.0,0.0,0.0,0.0,0.0,0.0,0.0,0.0,0.0,0.0,0.0,0.0,0.0,0.0,0.0,0.0,0.0,0.0,0.0,0.0,0.0,0.0,0.0,1.0,50000
0.6752519058923501,0.6498479975696623,-0.9607787497687112,-0.10122717364172806,-1.386680362342817,-0.22941573387056183,-0.6642389785377402,1.3179572114522533,-0.539633142038627,-0.230037653415506,-0.5368181637610334,-1.2485820304342776,-0.8853546918356145,-1.111954481687214,-0.8020374798347162,-0.524303604236727,0.0,0.0,0.0,0.0,0.0,0.0,0.0,0.0,0.0,0.0,0.0,0.0,0.0,0.0,0.0,0.0,0.0,0.0,0.0,0.0,0.0,0.0,0.0,0.0,0.0,0.0,0.0,0.0,0.0,0.0,0.0,0.0,0.0,0.0,0.0,0.0,1.0,0.0,0.0,0.0,0.0,0.0,0.0,0.0,0.0,0.0,0.0,0.0,0.0,0.0,50000
-0.735195939313603,-1.0888757417471597,-1.1095261246564867,-0.35626403147861,0.035555906726738765,-0.22941573387056183,0.7378485751039278,-0.07947919565417831,-0.27623685550360466,-1.2153603236976063,1.8190017963448524,-1.3474171161651163,-0.8624086167449347,1.4113802966860978,-0.9567876280807638,-0.524303604236727,0.0,0.0,0.0,0.0,0.0,0.0,0.0,0.0,0.0,0.0,0.0,0.0,0.0,0.0,0.0,0.0,0.0,0.0,1.0,0.0,0.0,0.0,0.0,0.0,0.0,0.0,0.0,0.0,0.0,0.0,0.0,0.0,0.0,0.0,0.0,0.0,0.0,0.0,0.0,0.0,0.0,0.0,0.0,0.0,0.0,0.0,0.0,0.0,0.0,0.0,50000
1.3804758284953267,0.6498479975696623,1.667419900566288,-1.1225804530168535,-0.6755622278080391,-0.22941573387056183,1.4388923519247618,-1.47691560276061,0.5139520041014622,0.5863725591039485,-0.5368181637610334,1.2987166759290545,-0.027227899920197956,1.3727144522477213,0.7239424588299518,2.682870888063071,0.0,0.0,0.0,0.0,0.0,0.0,0.0,0.0,0.0,0.0,0.0,0.0,0.0,0.0,0.0,0.0,0.0,0.0,0.0,0.0,0.0,0.0,0.0,0.0,0.0,0.0,0.0,0.0,0.0,0.0,0.0,0.0,0.0,0.0,0.0,0.0,0.0,0.0,0.0,0.0,1.0,0.0,0.0,0.0,0.0,0.0,0.0,0.0,0.0,0.0,93561
0.6752519058923501,-1.0888757417471597,1.0872066303086738,-0.7620318927651858,1.4577921757962944,-0.22941573387056183,0.03680479828309378,-0.07947919565417831,1.5675371502415514,-1.0182957896411862,1.8021314743798997,1.5052333123790504,0.27205181106329934,-1.0975237562476774,-0.002665853133278288,3.012300526066701,0.0,0.0,0.0,0.0,0.0,0.0,0.0,0.0,0.0,0.0,0.0,0.0,0.0,0.0,0.0,0.0,1.0,0.0,0.0,0.0,0.0,0.0,0.0,0.0,0.0,0.0,0.0,0.0,0.0,0.0,0.0,0.0,0.0,0.0,0.0,0.0,0.0,0.0,0.0,0.0,0.0,0.0,0.0,0.0,0.0,0.0,0.0,0.0,0.0,0.0,243364
0.6752519058923501,0.6498479975696623,-1.9202485718925077,0.42090502230801136,-0.6755622278080391,-0.22941573387056183,-0.6642389785377402,1.3179572114522533,-1.329822001643694,-0.3144938822968289,-0.5368181637610334,-0.24283560331692866,-0.5360302447975194,0.7512620259171549,-1.8002271777926655,-0.524303604236727,0.0,0.0,0.0,0.0,0.0,0.0,0.0,0.0,0.0,0.0,0.0,0.0,0.0,0.0,0.0,0.0,0.0,0.0,0.0,0.0,0.0,0.0,0.0,0.0,0.0,0.0,0.0,0.0,0.0,0.0,0.0,0.0,0.0,0.0,0.0,0.0,0.0,0.0,0.0,0.0,0.0,1.0,0.0,0.0,0.0,0.0,0.0,0.0,0.0,0.0,50000
0.6752519058923501,-0.6541948069179543,-1.0435256338122418,-0.3365685136945167,1.4577921757962944,-0.22941573387056183,1.4388923519247618,-0.7781973992073942,-1.329822001643694,-0.39895011117815177,1.8732278312322002,0.7223955009547587,0.615261406435218,1.1082945458634685,-1.2806356204367308,0.5157139306177068,0.0,0.0,0.0,0.0,0.0,0.0,0.0,0.0,0.0,1.0,0.0,0.0,0.0,0.0,0.0,0.0,0.0,0.0,0.0,0.0,0.0,0.0,0.0,0.0,0.0,0.0,0.0,0.0,0.0,0.0,0.0,0.0,0.0,0.0,0.0,0.0,0.0,0.0,0.0,0.0,0.0,0.0,0.0,0.0,0.0,0.0,0.0,0.0,0.0,0.0,50000
-1.4404198619165796,1.5192098672280734,1.6201359668271276,-0.8520685454924696,-1.386680362342817,-0.22941573387056183,0.7378485751039278,1.3179572114522533,-0.012840568968582357,1.7124556108549203,-0.5368181637610334,0.26802916474800015,-0.35047065668740934,1.0762274087329848,1.8830313175470368,-0.524303604236727,0.0,0.0,0.0,0.0,0.0,0.0,0.0,0.0,0.0,0.0,0.0,0.0,1.0,0.0,0.0,0.0,0.0,0.0,0.0,0.0,0.0,0.0,0.0,0.0,0.0,0.0,0.0,0.0,0.0,0.0,0.0,0.0,0.0,0.0,0.0,0.0,0.0,0.0,0.0,0.0,0.0,0.0,0.0,0.0,0.0,0.0,0.0,0.0,0.0,0.0,681949
1.3804758284953267,1.0845289323988678,-0.7007171142033289,-0.8114716618966854,-0.6755622278080391,-0.22941573387056183,0.7378485751039278,1.3179572114522533,1.5675371502415514,-0.6804708741158947,-0.5368181637610334,-1.2443074780239556,-0.24754150946256043,-1.3646116833290907,-0.5314809292588449,-0.524303604236727,0.0,0.0,0.0,1.0,0.0,0.0,0.0,0.0,0.0,0.0,0.0,0.0,0.0,0.0,0.0,0.0,0.0,0.0,0.0,0.0,0.0,0.0,0.0,0.0,0.0,0.0,0.0,0.0,0.0,0.0,0.0,0.0,0.0,0.0,0.0,0.0,0.0,0.0,0.0,0.0,0.0,0.0,0.0,0.0,0.0,0.0,0.0,0.0,0.0,0.0,188034
-0.735195939313603,-0.21951387208874876,0.216394183945803,0.8769165514111518,0.7466740412615166,-0.22941573387056183,-1.3652827553585742,-0.07947919565417831,1.040744577171507,-1.2716644762851548,-0.5368181637610334,1.238166711786318,-0.4002459656767341,-0.7647080807717889,0.4226408456886406,-0.524303604236727,0.0,0.0,0.0,0.0,0.0,0.0,0.0,0.0,0.0,0.0,0.0,0.0,0.0,0.0,0.0,0.0,0.0,0.0,0.0,0.0,0.0,0.0,0.0,0.0,0.0,0.0,0.0,0.0,0.0,0.0,0.0,0.0,0.0,0.0,0.0,0.0,0.0,0.0,0.0,0.0,0.0,1.0,0.0,0.0,0.0,0.0,0.0,0.0,0.0,0.0,191441
-1.4404198619165796,0.21516706274045677,1.224133021761659,0.08788999201982113,0.035555906726738765,-0.22941573387056183,1.4388923519247618,1.3179572114522533,-0.8030294285736492,-0.4271021874719261,1.8937132221896427,0.10068973038913012,-0.29990789691454633,-0.9996456738559911,1.4710474791701418,-0.524303604236727,0.0,1.0,0.0,0.0,0.0,0.0,0.0,0.0,0.0,0.0,0.0,0.0,0.0,0.0,0.0,0.0,0.0,0.0,0.0,0.0,0.0,0.0,0.0,0.0,0.0,0.0,0.0,0.0,0.0,0.0,0.0,0.0,0.0,0.0,0.0,0.0,0.0,0.0,0.0,0.0,0.0,0.0,0.0,0.0,0.0,0.0,0.0,0.0,0.0,0.0,388915
-1.4404198619165796,0.6498479975696623,-1.2306912048630851,-0.5387490329883726,1.4577921757962944,-0.22941573387056183,0.7378485751039278,1.3179572114522533,-0.539633142038627,-0.45525426376570033,-0.5368181637610334,0.11771359998849984,0.7665890484536289,-1.2524035733896381,-1.269362430829403,-0.03152042672716542,0.0,0.0,0.0,0.0,0.0,0.0,0.0,0.0,0.0,0.0,0.0,1.0,0.0,0.0,0.0,0.0,0.0,0.0,0.0,0.0,0.0,0.0,0.0,0.0,0.0,0.0,0.0,0.0,0.0,0.0,0.0,0.0,0.0,0.0,0.0,0.0,0.0,0.0,0.0,0.0,0.0,0.0,0.0,0.0,0.0,0.0,0.0,0.0,0.0,0.0,90060
0.6752519058923501,-0.6541948069179543,-0.16581761377907692,1.0642249450313046,-1.386680362342817,-0.22941573387056183,0.7378485751039278,0.6192390078990375,1.5675371502415514,-0.34264595859060315,1.8997383371771257,1.533185168140461,-1.3677514530474875,-0.6668290039422016,0.025004703175617638,-0.524303604236727,0.0,0.0,1.0,0.0,0.0,0.0,0.0,0.0,0.0,0.0,0.0,0.0,0.0,0.0,0.0,0.0,0.0,0.0,0.0,0.0,0.0,0.0,0.0,0.0,0.0,0.0,0.0,0.0,0.0,0.0,0.0,0.0,0.0,0.0,0.0,0.0,0.0,0.0,0.0,0.0,0.0,0.0,0.0,0.0,0.0,0.0,0.0,0.0,0.0,0.0,279770
-1.4404198619165796,0.21516706274045677,0.6478600793156417,2.4921499843780706,-1.386680362342817,-0.22941573387056183,-1.3652827553585742,0.6192390078990375,-0.27623685550360466,-1.7220976969855435,-0.5368181637610334,0.603042563654374,1.5272416390313808,0.1435629668988191,0.8715187591440634,-0.524303604236727,0.0,0.0,0.0,0.0,0.0,0.0,0.0,0.0,0.0,0.0,0.0,0.0,0.0,0.0,0.0,0.0,0.0,0.0,0.0,0.0,0.0,0.0,0.0,0.0,0.0,0.0,0.0,0.0,0.0,0.0,0.0,0.0,0.0,0.0,0.0,0.0,0.0,1.0,0.0,0.0,0.0,0.0,0.0,0.0,0.0,0.0,0.0,0.0,0.0,0.0,124489
-0.02997201671062649,1.0845289323988678,-0.9263008814172401,-1.2990362143886283,-1.386680362342817,-0.22941573387056183,0.03680479828309378,-0.07947919565417831,-0.539633142038627,-0.8493833318785404,-0.5368181637610334,1.6488211033449134,-0.6682721859015437,-0.11224428663703988,-0.9116948696514519,-0.13770022740602123,0.0,0.0,0.0,0.0,0.0,1.0,0.0,0.0,0.0,0.0,0.0,0.0,0.0,0.0,0.0,0.0,0.0,0.0,0.0,0.0,0.0,0.0,0.0,0.0,0.0,0.0,0.0,0.0,0.0,0.0,0.0,0.0,0.0,0.0,0.0,0.0,0.0,0.0,0.0,0.0,0.0,0.0,0.0,0.0,0.0,0.0,0.0,0.0,0.0,0.0,208576
-0.735195939313603,1.0845289323988678,0.21934942980450053,2.4873265922676806,-1.386680362342817,-0.22941573387056183,1.4388923519247618,-0.07947919565417831,1.040744577171507,0.8115891694541428,1.8684077392422138,1.5455999551408748,-1.0065698794143751,-0.5946881346676182,0.42571535194518456,-0.524303604236727,0.0,1.0,0.0,0.0,0.0,0.0,0.0,0.0,0.0,0.0,0.0,0.0,0.0,0.0,0.0,0.0,0.0,0.0,0.0,0.0,0.0,0.0,0.0,0.0,0.0,0.0,0.0,0.0,0.0,0.0,0.0,0.0,0.0,0.0,0.0,0.0,0.0,0.0,0.0,0.0,0.0,0.0,0.0,0.0,0.0,0.0,0.0,0.0,0.0,0.0,356439
-0.735195939313603,0.21516706274045677,0.3109620514241238,0.4211059969792776,-0.6755622278080391,-0.22941573387056183,1.4388923519247618,-1.47691560276061,1.3041408637065293,1.5435431530922745,-0.5368181637610334,-1.5514805312317967,-1.3802958419080806,0.273112528349957,0.06292361367299354,0.6926802650824664,0.0,0.0,0.0,0.0,0.0,0.0,0.0,0.0,0.0,0.0,0.0,0.0,0.0,0.0,0.0,0.0,0.0,0.0,0.0,0.0,0.0,0.0,0.0,0.0,0.0,0.0,0.0,0.0,0.0,0.0,0.0,0.0,0.0,0.0,0.0,0.0,0.0,1.0,0.0,0.0,0.0,0.0,0.0,0.0,0.0,0.0,0.0,0.0,0.0,0.0,97628
-0.02997201671062649,0.21516706274045677,0.3671117227393768,1.119693954300792,0.7466740412615166,-0.22941573387056183,0.03680479828309378,-1.47691560276061,0.5139520041014622,1.3464786190358544,-0.5368181637610334,-0.937468955004748,-1.5008538749762703,1.4986004145907126,0.5794406647723842,-0.524303604236727,0.0,0.0,0.0,0.0,0.0,0.0,0.0,0.0,0.0,0.0,0.0,0.0,0.0,0.0,0.0,0.0,0.0,0.0,0.0,0.0,0.0,0.0,0.0,0.0,0.0,0.0,0.0,0.0,0.0,1.0,0.0,0.0,0.0,0.0,0.0,0.0,0.0,0.0,0.0,0.0,0.0,0.0,0.0,0.0,0.0,0.0,0.0,0.0,0.0,0.0,319060
1.3804758284953267,-0.6541948069179543,0.3464250017284941,-1.8332268906143432,-0.6755622278080391,-0.22941573387056183,0.03680479828309378,-1.47691560276061,0.5139520041014622,-1.2998165525789291,-0.5368181637610334,-0.5958021223466554,0.7130574553871418,-0.1140151209703806,0.5579191209765763,-0.524303604236727,0.0,0.0,0.0,0.0,0.0,0.0,0.0,0.0,0.0,0.0,0.0,0.0,0.0,0.0,0.0,0.0,1.0,0.0,0.0,0.0,0.0,0.0,0.0,0.0,0.0,0.0,0.0,0.0,0.0,0.0,0.0,0.0,0.0,0.0,0.0,0.0,0.0,0.0,0.0,0.0,0.0,0.0,0.0,0.0,0.0,0.0,0.0,0.0,0.0,0.0,180131
0.6752519058923501,0.21516706274045677,0.07749762858701932,1.1938536079980413,-0.6755622278080391,-0.22941573387056183,-0.6642389785377402,0.6192390078990375,1.3041408637065293,-1.2716644762851548,1.8599725782597374,-0.473252563243769,-0.7057594389484244,1.130786715517693,0.278139051631073,-0.524303604236727,0.0,0.0,0.0,0.0,0.0,0.0,0.0,1.0,0.0,0.0,0.0,0.0,0.0,0.0,0.0,0.0,0.0,0.0,0.0,0.0,0.0,0.0,0.0,0.0,0.0,0.0,0.0,0.0,0.0,0.0,0.0,0.0,0.0,0.0,0.0,0.0,0.0,0.0,0.0,0.0,0.0,0.0,0.0,0.0,0.0,0.0,0.0,0.0,0.0,0.0,335725
-0.02997201671062649,-0.6541948069179543,-0.9696444873448038,-0.379577093345496,0.7466740412615166,4.358898943540674,0.03680479828309378,0.6192390078990375,-1.0664257151086716,0.07963518581601121,-0.5368181637610334,-1.3912405708761575,-0.7630917489997671,0.30730640374251883,-0.8112609986043482,-0.524303604236727,0.0,0.0,0.0,0.0,0.0,0.0,0.0,0.0,0.0,0.0,0.0,0.0,0.0,0.0,0.0,0.0,0.0,0.0,0.0,0.0,0.0,0.0,0.0,0.0,0.0,0.0,0.0,0.0,0.0,1.0,0.0,0.0,0.0,0.0,0.0,0.0,0.0,0.0,0.0,0.0,0.0,0.0,0.0,0.0,0.0,0.0,0.0,0.0,0.0,0.0,121012
-1.4404198619165796,-0.6541948069179543,0.3030813958009304,-0.04173867094691556,1.4577921757962944,-0.22941573387056183,1.4388923519247618,-0.7781973992073942,1.5675371502415514,-0.6523187978221204,-0.5368181637610334,1.2929181526594002,0.5017109227165872,-1.5921116587947337,-0.13179511590812595,1.1854634425920278,0.0,0.0,0.0,0.0,0.0,0.0,0.0,0.0,0.0,0.0,0.0,0.0,0.0,0.0,0.0,0.0,0.0,0.0,0.0,0.0,0.0,0.0,0.0,0.0,0.0,0.0,0.0,0.0,0.0,0.0,1.0,0.0,0.0,0.0,0.0,0.0,0.0,0.0,0.0,0.0,0.0,0.0,0.0,0.0,0.0,0.0,0.0,0.0,0.0,0.0,83151
1.3804758284953267,-0.6541948069179543,-1.1262725178557726,-0.660338709104459,-0.6755622278080391,-0.22941573387056183,1.4388923519247618,1.3179572114522533,-0.8030294285736492,-0.9901437133474119,-0.5368181637610334,1.573403130818448,0.3616548769714232,-1.2660652848995635,-0.9742098302011797,-0.524303604236727,0.0,0.0,0.0,0.0,0.0,0.0,0.0,0.0,0.0,0.0,0.0,0.0,0.0,0.0,0.0,0.0,0.0,0.0,0.0,0.0,0.0,0.0,0.0,0.0,0.0,0.0,0.0,0.0,0.0,0.0,0.0,0.0,0.0,0.0,0.0,0.0,0.0,0.0,0.0,0.0,0.0,0.0,1.0,0.0,0.0,0.0,0.0,0.0,0.0,0.0,85302
-1.4404198619165796,-0.21951387208874876,-1.408991038337836,-0.07108097295178929,0.7466740412615166,-0.22941573387056183,-1.3652827553585742,1.3179572114522533,-1.329822001643694,1.2901744664483057,-0.5368181637610334,-1.098600995863411,-0.24603577599166768,-0.15890266900297678,-1.268337595410555,-0.524303604236727,0.0,0.0,0.0,0.0,0.0,0.0,0.0,0.0,0.0,0.0,0.0,0.0,0.0,0.0,0.0,0.0,0.0,0.0,0.0,0.0,0.0,0.0,0.0,0.0,0.0,0.0,0.0,0.0,0.0,0.0,0.0,0.0,0.0,0.0,1.0,0.0,0.0,0.0,0.0,0.0,0.0,0.0,0.0,0.0,0.0,0.0,0.0,0.0,0.0,0.0,107908
-0.735195939313603,0.21516706274045677,-0.4751333469894179,2.075730465514383,-0.6755622278080391,-0.22941573387056183,1.4388923519247618,1.3179572114522533,-0.8030294285736492,0.30485179616620556,-0.5368181637610334,-1.0725819811918855,-0.6456119444165894,0.9848217545353791,-0.2967936183426535,-0.524303604236727,0.0,0.0,0.0,0.0,0.0,0.0,0.0,0.0,0.0,0.0,0.0,0.0,0.0,0.0,0.0,0.0,0.0,0.0,0.0,0.0,0.0,0.0,0.0,0.0,0.0,0.0,0.0,0.0,1.0,0.0,0.0,0.0,0.0,0.0,0.0,0.0,0.0,0.0,0.0,0.0,0.0,0.0,0.0,0.0,0.0,0.0,0.0,0.0,0.0,0.0,102220
0.6752519058923501,-0.21951387208874876,1.0852364664028755,-0.40248820586984946,1.4577921757962944,-0.22941573387056183,0.7378485751039278,-1.47691560276061,-1.5932182881787162,0.27669971987243125,-0.5368181637610334,0.04069731656078356,0.40150113558391,-0.9910778636253874,1.3265456851125743,-0.524303604236727,0.0,0.0,0.0,0.0,0.0,0.0,0.0,0.0,0.0,0.0,0.0,0.0,0.0,0.0,0.0,0.0,0.0,0.0,0.0,0.0,0.0,0.0,0.0,0.0,0.0,0.0,0.0,0.0,0.0,0.0,0.0,0.0,0.0,0.0,0.0,0.0,0.0,0.0,0.0,0.0,0.0,0.0,0.0,1.0,0.0,0.0,0.0,0.0,0.0,0.0,50000
0.6752519058923501,-0.21951387208874876,0.9089067968339231,-0.3331519442829903,-0.6755622278080391,-0.22941573387056183,0.7378485751039278,0.6192390078990375,1.3041408637065293,0.27669971987243125,-0.5368181637610334,0.13031423709371018,-0.4137757903645982,-0.976431185313924,1.1431001451387828,-0.524303604236727,0.0,0.0,0.0,0.0,0.0,0.0,0.0,0.0,0.0,0.0,0.0,0.0,0.0,0.0,0.0,0.0,0.0,0.0,0.0,0.0,0.0,0.0,0.0,0.0,0.0,0.0,0.0,0.0,0.0,0.0,0.0,0.0,0.0,0.0,0.0,0.0,0.0,0.0,0.0,0.0,0.0,0.0,0.0,1.0,0.0,0.0,0.0,0.0,0.0,0.0,591072
1.3804758284953267,0.21516706274045677,-0.5962984271960164,0.22977810993379957,0.7466740412615166,-0.22941573387056183,0.7378485751039278,0.6192390078990375,0.25055571756643996,0.24854764357865697,-0.5368181637610334,0.9458616669622057,-0.42848194186778915,0.20350578295047397,-0.7979381381593242,0.46943042775769267,0.0,0.0,0.0,0.0,0.0,0.0,0.0,0.0,0.0,0.0,0.0,1.0,0.0,0.0,0.0,0.0,0.0,0.0,0.0,0.0,0.0,0.0,0.0,0.0,0.0,0.0,0.0,0.0,0.0,0.0,0.0,0.0,0.0,0.0,0.0,0.0,0.0,0.0,0.0,0.0,0.0,0.0,0.0,0.0,0.0,0.0,0.0,0.0,0.0,0.0,160713
-1.4404198619165796,-1.5235566765763653,0.11985615256168386,-0.10042327495666302,0.035555906726738765,-0.22941573387056183,-1.3652827553585742,1.3179572114522533,-0.539633142038627,0.02333103322846263,1.8346670953123085,-1.1897047172347106,-0.12554963778149963,-0.5127237107344088,0.32220697464153686,-0.524303604236727,0.0,0.0,0.0,0.0,0.0,1.0,0.0,0.0,0.0,0.0,0.0,0.0,0.0,0.0,0.0,0.0,0.0,0.0,0.0,0.0,0.0,0.0,0.0,0.0,0.0,0.0,0.0,0.0,0.0,0.0,0.0,0.0,0.0,0.0,0.0,0.0,0.0,0.0,0.0,0.0,0.0,0.0,0.0,0.0,0.0,0.0,0.0,0.0,0.0,0.0,60413
1.3804758284953267,1.5192098672280734,-0.24856449782260762,-0.5715079044047728,-0.6755622278080391,-0.22941573387056183,0.7378485751039278,1.3179572114522533,0.5139520041014622,-1.5813373155166721,1.8997383371771257,-1.3849960073549912,0.260556284088621,-0.121486747306083,-0.061081472007614136,-0.524303604236727,1.0,0.0,0.0,0.0,0.0,0.0,0.0,0.0,0.0,0.0,0.0,0.0,0.0,0.0,0.0,0.0,0.0,0.0,0.0,0.0,0.0,0.0,0.0,0.0,0.0,0.0,0.0,0.0,0.0,0.0,0.0,0.0,0.0,0.0,0.0,0.0,0.0,0.0,0.0,0.0,0.0,0.0,0.0,0.0,0.0,0.0,0.0,0.0,0.0,0.0,185370
-0.735195939313603,1.0845289323988678,-2.660045118519788,-0.9210028577367962,1.4577921757962944,-0.22941573387056183,0.7378485751039278,-0.07947919565417831,0.25055571756643996,0.1640914146973341,-0.5368181637610334,-1.6155988173866282,-1.1732641729779278,1.5528996861042184,-2.5698785773475112,-0.524303604236727,0.0,0.0,0.0,0.0,0.0,0.0,0.0,0.0,0.0,0.0,0.0,0.0,0.0,0.0,0.0,0.0,0.0,0.0,0.0,0.0,1.0,0.0,0.0,0.0,0.0,0.0,0.0,0.0,0.0,0.0,0.0,0.0,0.0,0.0,0.0,0.0,0.0,0.0,0.0,0.0,0.0,0.0,0.0,0.0,0.0,0.0,0.0,0.0,0.0,0.0,50000
-1.4404198619165796,-0.6541948069179543,0.15925943067765086,-0.03812112686412291,1.4577921757962944,-0.22941573387056183,-1.3652827553585742,-0.7781973992073942,-0.539633142038627,0.5019163302226256,-0.5368181637610334,0.0250859077578681,-0.3270146842476038,1.047562627714931,0.36320039139545673,-0.524303604236727,0.0,0.0,0.0,0.0,0.0,0.0,0.0,0.0,0.0,0.0,0.0,0.0,0.0,0.0,0.0,0.0,0.0,0.0,0.0,0.0,0.0,0.0,0.0,0.0,0.0,0.0,0.0,0.0,0.0,0.0,1.0,0.0,0.0,0.0,0.0,0.0,0.0,0.0,0.0,0.0,0.0,0.0,0.0,0.0,0.0,0.0,0.0,0.0,0.0,0.0,211622
1.3804758284953267,-0.21951387208874876,-1.9645772597729707,1.5789210781441925,-1.386680362342817,-0.22941573387056183,0.03680479828309378,1.3179572114522533,-0.27623685550360466,-1.5250331629291234,-0.5368181637610334,-1.040838783292624,-0.12901031119533954,1.432949448838099,-1.8473696070596735,-0.524303604236727,0.0,0.0,0.0,0.0,0.0,0.0,0.0,0.0,0.0,0.0,0.0,0.0,0.0,0.0,0.0,0.0,0.0,0.0,0.0,0.0,0.0,0.0,0.0,0.0,0.0,0.0,0.0,0.0,0.0,0.0,0.0,0.0,0.0,0.0,0.0,0.0,0.0,0.0,0.0,0.0,1.0,0.0,0.0,0.0,0.0,0.0,0.0,0.0,0.0,0.0,50000
-0.735195939313603,1.5192098672280734,0.43212713163072236,-0.5339256408779824,-1.386680362342817,-0.22941573387056183,0.03680479828309378,-0.7781973992073942,0.25055571756643996,0.3893080250475284,1.8876881072021596,0.5199675668102882,0.09886593472008742,-0.12116106994304615,0.647079802416352,-0.524303604236727,0.0,0.0,0.0,0.0,0.0,0.0,0.0,0.0,1.0,0.0,0.0,0.0,0.0,0.0,0.0,0.0,0.0,0.0,0.0,0.0,0.0,0.0,0.0,0.0,0.0,0.0,0.0,0.0,0.0,0.0,0.0,0.0,0.0,0.0,0.0,0.0,0.0,0.0,0.0,0.0,0.0,0.0,0.0,0.0,0.0,0.0,0.0,0.0,0.0,0.0,83321
0.6752519058923501,-1.5235566765763653,0.9778625335368654,0.1156244966545648,-0.6755622278080391,-0.22941573387056183,-1.3652827553585742,0.6192390078990375,-0.012840568968582357,0.7552850168665942,1.8684077392422138,0.2072561804795078,-0.3456661284457846,-1.4923693853186246,1.2148386244581424,-0.524303604236727,0.0,0.0,0.0,0.0,0.0,0.0,0.0,0.0,0.0,0.0,0.0,0.0,0.0,0.0,0.0,0.0,1.0,0.0,0.0,0.0,0.0,0.0,0.0,0.0,0.0,0.0,0.0,0.0,0.0,0.0,0.0,0.0,0.0,0.0,0.0,0.0,0.0,0.0,0.0,0.0,0.0,0.0,0.0,0.0,0.0,0.0,0.0,0.0,0.0,0.0,50000
1.3804758284953267,0.6498479975696623,0.8389659781780817,2.4778807827181666,-1.386680362342817,-0.22941573387056183,-0.6642389785377402,1.3179572114522533,-0.8030294285736492,-0.7086229504096689,-0.5368181637610334,1.5770457928724615,0.4773857188437606,-0.2309799887169075,1.070336830400575,-0.524303604236727,0.0,0.0,0.0,0.0,0.0,0.0,0.0,0.0,0.0,0.0,0.0,0.0,0.0,0.0,0.0,0.0,0.0,0.0,0.0,0.0,0.0,0.0,0.0,0.0,0.0,0.0,0.0,0.0,0.0,0.0,0.0,0.0,0.0,0.0,0.0,0.0,0.0,0.0,0.0,0.0,1.0,0.0,0.0,0.0,0.0,0.0,0.0,0.0,0.0,0.0,455574
-0.02997201671062649,-0.21951387208874876,1.1630579406819104,1.0873370322269242,-1.386680362342817,-0.22941573387056183,-0.6642389785377402,-0.7781973992073942,0.7773482906364846,-1.2716644762851548,-0.5368181637610334,1.3889283167973303,-0.0845177909856977,-0.0696871896636023,0.42981469362057656,2.070295114915826,0.0,0.0,0.0,0.0,0.0,0.0,0.0,0.0,0.0,0.0,0.0,0.0,0.0,0.0,0.0,0.0,0.0,0.0,1.0,0.0,0.0,0.0,0.0,0.0,0.0,0.0,0.0,0.0,0.0,0.0,0.0,0.0,0.0,0.0,0.0,0.0,0.0,0.0,0.0,0.0,0.0,0.0,0.0,0.0,0.0,0.0,0.0,0.0,0.0,0.0,331214
-1.4404198619165796,0.6498479975696623,-0.15793695815588352,0.20244555464158845,0.035555906726738765,-0.22941573387056183,-0.6642389785377402,1.3179572114522533,-0.539633142038627,1.599847305679823,-0.5368181637610334,0.16332121570558858,-0.4456025973427861,0.12884397993389704,0.03320338652640162,-0.524303604236727,0.0,0.0,0.0,0.0,0.0,0.0,0.0,0.0,0.0,0.0,1.0,0.0,0.0,0.0,0.0,0.0,0.0,0.0,0.0,0.0,0.0,0.0,0.0,0.0,0.0,0.0,0.0,0.0,0.0,0.0,0.0,0.0,0.0,0.0,0.0,0.0,0.0,0.0,0.0,0.0,0.0,0.0,0.0,0.0,0.0,0.0,0.0,0.0,0.0,0.0,133942
-0.02997201671062649,0.6498479975696623,-1.5065141516748541,-0.15448546152728654,-0.6755622278080391,-0.22941573387056183,-1.3652827553585742,-0.07947919565417831,0.5139520041014622,-0.45525426376570033,-0.5368181637610334,0.5241306091577324,-1.1510889419888013,-1.1654428792552023,-1.4220629082377545,-0.38545309565668473,0.0,0.0,0.0,1.0,0.0,0.0,0.0,0.0,0.0,0.0,0.0,0.0,0.0,0.0,0.0,0.0,0.0,0.0,0.0,0.0,0.0,0.0,0.0,0.0,0.0,0.0,0.0,0.0,0.0,0.0,0.0,0.0,0.0,0.0,0.0,0.0,0.0,0.0,0.0,0.0,0.0,0.0,0.0,0.0,0.0,0.0,0.0,0.0,0.0,0.0,50000
-0.02997201671062649,1.0845289323988678,-0.8287777680802217,-0.0025486100499951666,1.4577921757962944,-0.22941573387056183,-0.6642389785377402,0.6192390078990375,0.25055571756643996,0.5300684065163999,-0.5368181637610334,-1.5203320536678846,1.153144714106845,-0.08729043409137917,-0.6647095337090846,-0.524303604236727,0.0,0.0,0.0,0.0,0.0,0.0,0.0,0.0,0.0,0.0,0.0,0.0,0.0,0.0,0.0,0.0,0.0,0.0,0.0,0.0,0.0,0.0,0.0,0.0,0.0,0.0,0.0,0.0,0.0,0.0,0.0,0.0,0.0,0.0,1.0,0.0,0.0,0.0,0.0,0.0,0.0,0.0,0.0,0.0,0.0,0.0,0.0,0.0,0.0,0.0,297935
-0.735195939313603,1.5192098672280734,-0.7095828517794216,-0.4225856729964753,0.035555906726738765,-0.22941573387056183,0.03680479828309378,-1.47691560276061,-0.012840568968582357,-0.48340634005947464,-0.5368181637610334,1.1793637386286697,-0.2947359470277891,-0.5649531169557448,-0.5407044480284768,-0.524303604236727,0.0,0.0,0.0,0.0,0.0,0.0,0.0,0.0,0.0,0.0,0.0,0.0,0.0,0.0,0.0,0.0,0.0,0.0,0.0,0.0,0.0,0.0,1.0,0.0,0.0,0.0,0.0,0.0,0.0,0.0,0.0,0.0,0.0,0.0,0.0,0.0,0.0,0.0,0.0,0.0,0.0,0.0,0.0,0.0,0.0,0.0,0.0,0.0,0.0,0.0,50000
0.6752519058923501,0.21516706274045677,0.13463238185517148,-0.40389502856871323,-1.386680362342817,-0.22941573387056183,-1.3652827553585742,-0.07947919565417831,-1.5932182881787162,-1.6939456206917691,1.7647757614575046,0.5414890089457359,0.610855806897949,-1.3237311768320719,0.33757950592425684,-0.524303604236727,0.0,0.0,0.0,0.0,0.0,0.0,0.0,0.0,0.0,1.0,0.0,0.0,0.0,0.0,0.0,0.0,0.0,0.0,0.0,0.0,0.0,0.0,0.0,0.0,0.0,0.0,0.0,0.0,0.0,0.0,0.0,0.0,0.0,0.0,0.0,0.0,0.0,0.0,0.0,0.0,0.0,0.0,0.0,0.0,0.0,0.0,0.0,0.0,0.0,0.0,121953
0.6752519058923501,1.5192098672280734,-0.8612854725258945,0.2026465293128547,0.7466740412615166,-0.22941573387056183,0.03680479828309378,1.3179572114522533,-1.329822001643694,-0.11742934824040883,1.8756378772271933,1.1609645782538052,0.5874779967571611,-0.7013700661358975,-0.6985291025310685,-0.524303604236727,0.0,0.0,0.0,0.0,0.0,0.0,0.0,0.0,0.0,0.0,0.0,0.0,0.0,0.0,0.0,0.0,0.0,0.0,0.0,0.0,0.0,0.0,0.0,0.0,0.0,0.0,0.0,0.0,0.0,0.0,0.0,0.0,0.0,0.0,0.0,0.0,0.0,0.0,0.0,0.0,0.0,1.0,0.0,0.0,0.0,0.0,0.0,0.0,0.0,0.0,133582
-0.735195939313603,-1.0888757417471597,0.3897686076560578,0.16506426578606437,-1.386680362342817,-0.22941573387056183,0.03680479828309378,-1.47691560276061,-0.27623685550360466,0.07963518581601121,-0.5368181637610334,-0.7784556053407663,0.6925763831893182,-0.566445134507984,0.6030118794058881,-0.524303604236727,0.0,0.0,0.0,0.0,0.0,0.0,0.0,0.0,0.0,0.0,0.0,1.0,0.0,0.0,0.0,0.0,0.0,0.0,0.0,0.0,0.0,0.0,0.0,0.0,0.0,0.0,0.0,0.0,0.0,0.0,0.0,0.0,0.0,0.0,0.0,0.0,0.0,0.0,0.0,0.0,0.0,0.0,0.0,0.0,0.0,0.0,0.0,0.0,0.0,0.0,187348
1.3804758284953267,1.5192098672280734,-0.7371651464605985,-1.4642373941694928,-0.6755622278080391,-0.22941573387056183,-0.6642389785377402,-0.07947919565417831,0.7773482906364846,-1.0745999422287347,-0.5368181637610334,1.4765008861774942,-1.0158292087021747,-1.2946204408510453,-0.5693998397562208,-0.524303604236727,0.0,0.0,0.0,0.0,0.0,0.0,0.0,0.0,0.0,0.0,0.0,0.0,1.0,0.0,0.0,0.0,0.0,0.0,0.0,0.0,0.0,0.0,0.0,0.0,0.0,0.0,0.0,0.0,0.0,0.0,0.0,0.0,0.0,0.0,0.0,0.0,0.0,0.0,0.0,0.0,0.0,0.0,0.0,0.0,0.0,0.0,0.0,0.0,0.0,0.0,246896
0.6752519058923501,0.21516706274045677,-0.022980730608696532,0.8542064135580646,1.4577921757962944,-0.22941573387056183,1.4388923519247618,1.3179572114522533,-1.5932182881787162,0.3611559487537541,-0.5368181637610334,-1.4785901201305653,0.8778777929359335,0.3077842185241044,-0.4556431082640931,1.1446250577155448,0.0,0.0,0.0,0.0,0.0,0.0,0.0,0.0,0.0,0.0,0.0,0.0,0.0,0.0,0.0,0.0,0.0,0.0,0.0,0.0,0.0,0.0,0.0,0.0,0.0,0.0,0.0,0.0,0.0,0.0,0.0,0.0,0.0,1.0,0.0,0.0,0.0,0.0,0.0,0.0,0.0,0.0,0.0,0.0,0.0,0.0,0.0,0.0,0.0,0.0,684114
-1.4404198619165796,0.6498479975696623,-0.10769777855802559,0.889577955700926,1.4577921757962944,-0.22941573387056183,0.7378485751039278,-1.47691560276061,0.7773482906364846,-0.14558142453418313,-0.5368181637610334,-1.3423619933146482,1.5107646515900646,0.5558879190791475,0.08546999288764948,-0.524303604236727,0.0,0.0,0.0,0.0,0.0,0.0,0.0,0.0,0.0,0.0,0.0,0.0,0.0,0.0,0.0,0.0,0.0,0.0,0.0,0.0,0.0,0.0,0.0,0.0,0.0,0.0,0.0,0.0,0.0,0.0,0.0,0.0,0.0,0.0,0.0,0.0,0.0,1.0,0.0,0.0,0.0,0.0,0.0,0.0,0.0,0.0,0.0,0.0,0.0,0.0,187981
-0.02997201671062649,1.0845289323988678,-0.6573735082757652,1.8371735307213346,0.7466740412615166,-0.22941573387056183,0.7378485751039278,-1.47691560276061,1.5675371502415514,-1.4405769340478005,-0.5368181637610334,-1.0623602254280717,-0.6920938780595671,-0.3315500338630899,-0.486388170829533,-0.524303604236727,0.0,0.0,0.0,0.0,0.0,0.0,0.0,0.0,0.0,0.0,0.0,0.0,0.0,0.0,0.0,0.0,0.0,0.0,0.0,1.0,0.0,0.0,0.0,0.0,0.0,0.0,0.0,0.0,0.0,0.0,0.0,0.0,0.0,0.0,0.0,0.0,0.0,0.0,0.0,0.0,0.0,0.0,0.0,0.0,0.0,0.0,0.0,0.0,0.0,0.0,86200
-1.4404198619165796,-0.21951387208874876,0.5217695893445473,-0.9792855124040112,1.4577921757962944,-0.22941573387056183,1.4388923519247618,1.3179572114522533,1.040744577171507,1.1494140849794343,-0.5368181637610334,0.8694772738907979,-0.30036188867709607,0.9456721224114141,0.7403398255315198,-0.524303604236727,0.0,0.0,0.0,0.0,0.0,0.0,0.0,0.0,0.0,0.0,0.0,0.0,0.0,0.0,0.0,0.0,0.0,0.0,0.0,0.0,0.0,0.0,0.0,0.0,0.0,0.0,0.0,0.0,0.0,0.0,0.0,0.0,0.0,0.0,0.0,0.0,0.0,0.0,0.0,0.0,1.0,0.0,0.0,0.0,0.0,0.0,0.0,0.0,0.0,0.0,441350
-0.02997201671062649,-1.5235566765763653,0.6675617183736252,0.39095979628933886,-1.386680362342817,-0.22941573387056183,-1.3652827553585742,0.6192390078990375,0.5139520041014622,0.27669971987243125,1.8888931301996563,1.6037338679212552,-0.19765376905188292,-0.9196559926474399,0.8920154675210233,-0.524303604236727,0.0,0.0,0.0,0.0,0.0,0.0,0.0,0.0,0.0,0.0,0.0,0.0,0.0,0.0,0.0,0.0,0.0,0.0,0.0,0.0,0.0,0.0,0.0,0.0,0.0,0.0,0.0,0.0,0.0,0.0,0.0,0.0,0.0,0.0,0.0,0.0,0.0,0.0,0.0,0.0,0.0,0.0,0.0,0.0,0.0,0.0,0.0,0.0,0.0,1.0,219922
0.6752519058923501,1.0845289323988678,0.9010261412107297,1.1817951277220657,-1.386680362342817,-0.22941573387056183,-1.3652827553585742,1.3179572114522533,0.25055571756643996,1.008653703510563,-0.5368181637610334,0.20208954756616196,-1.664262713695011,0.6602726376328241,1.1349014617879987,-0.524303604236727,0.0,0.0,0.0,0.0,0.0,0.0,0.0,0.0,0.0,0.0,0.0,0.0,0.0,0.0,0.0,0.0,0.0,0.0,0.0,0.0,1.0,0.0,0.0,0.0,0.0,0.0,0.0,0.0,0.0,0.0,0.0,0.0,0.0,0.0,0.0,0.0,0.0,0.0,0.0,0.0,0.0,0.0,0.0,0.0,0.0,0.0,0.0,0.0,0.0,0.0,429557
0.6752519058923501,-1.0888757417471597,-0.30766941499655814,1.0577937555507844,-0.6755622278080391,-0.22941573387056183,-1.3652827553585742,-0.7781973992073942,-1.329822001643694,0.02333103322846263,-0.5368181637610334,0.6911355133279684,0.7913958306425364,0.8232677777284628,-0.12257159713849397,-0.524303604236727,0.0,0.0,0.0,0.0,0.0,0.0,0.0,0.0,0.0,0.0,0.0,0.0,0.0,1.0,0.0,0.0,0.0,0.0,0.0,0.0,0.0,0.0,0.0,0.0,0.0,0.0,0.0,0.0,0.0,0.0,0.0,0.0,0.0,0.0,0.0,0.0,0.0,0.0,0.0,0.0,0.0,0.0,0.0,0.0,0.0,0.0,0.0,0.0,0.0,0.0,263482
-0.735195939313603,1.5192098672280734,1.4920753129502347,1.6263511005630293,0.035555906726738765,-0.22941573387056183,1.4388923519247618,-0.07947919565417831,0.5139520041014622,-0.11742934824040883,1.8443072792922814,-1.5843759997807974,-1.0137629205071952,1.5007246769243234,1.749802713096797,-0.524303604236727,0.0,0.0,0.0,0.0,0.0,0.0,0.0,0.0,0.0,0.0,0.0,0.0,0.0,1.0,0.0,0.0,0.0,0.0,0.0,0.0,0.0,0.0,0.0,0.0,0.0,0.0,0.0,0.0,0.0,0.0,0.0,0.0,0.0,0.0,0.0,0.0,0.0,0.0,0.0,0.0,0.0,0.0,0.0,0.0,0.0,0.0,0.0,0.0,0.0,0.0,577204
-0.735195939313603,-1.5235566765763653,-0.9794953068737955,-0.2684381001352551,-1.386680362342817,-0.22941573387056183,1.4388923519247618,0.6192390078990375,0.7773482906364846,-0.7367750267034433,-0.5368181637610334,0.9748542833104773,-0.9435575115132937,-0.6346500784999944,-0.8215093527928281,-0.524303604236727,0.0,0.0,0.0,0.0,0.0,0.0,0.0,0.0,0.0,0.0,0.0,1.0,0.0,0.0,0.0,0.0,0.0,0.0,0.0,0.0,0.0,0.0,0.0,0.0,0.0,0.0,0.0,0.0,0.0,0.0,0.0,0.0,0.0,0.0,0.0,0.0,0.0,0.0,0.0,0.0,0.0,0.0,0.0,0.0,0.0,0.0,0.0,0.0,0.0,0.0,50000
0.6752519058923501,0.6498479975696623,-1.7892326721569174,0.41507675684128986,-1.386680362342817,-0.22941573387056183,0.03680479828309378,-0.7781973992073942,-0.012840568968582357,1.5435431530922745,-0.5368181637610334,0.47632996220404356,0.2514411358069101,0.41643146844719586,-1.7530847485256578,-0.29016353094489106,0.0,0.0,0.0,0.0,0.0,0.0,0.0,0.0,0.0,0.0,0.0,0.0,0.0,0.0,0.0,1.0,0.0,0.0,0.0,0.0,0.0,0.0,0.0,0.0,0.0,0.0,0.0,0.0,0.0,0.0,0.0,0.0,0.0,0.0,0.0,0.0,0.0,0.0,0.0,0.0,0.0,0.0,0.0,0.0,0.0,0.0,0.0,0.0,0.0,0.0,50000
-0.735195939313603,1.5192098672280734,0.897085813399133,-0.9312525659713754,0.7466740412615166,-0.22941573387056183,-1.3652827553585742,-1.47691560276061,-0.539633142038627,-1.0745999422287347,-0.5368181637610334,0.9034506730476187,-1.6489326158651167,-0.48561458351756653,1.1308021201126066,-0.524303604236727,0.0,0.0,0.0,0.0,0.0,0.0,0.0,0.0,0.0,0.0,0.0,0.0,0.0,0.0,0.0,0.0,0.0,0.0,0.0,0.0,0.0,1.0,0.0,0.0,0.0,0.0,0.0,0.0,0.0,0.0,0.0,0.0,0.0,0.0,0.0,0.0,0.0,0.0,0.0,0.0,0.0,0.0,0.0,0.0,0.0,0.0,0.0,0.0,0.0,0.0,296676
-0.735195939313603,-1.5235566765763653,0.4291718857720248,1.9139458551450452,-1.386680362342817,-0.22941573387056183,0.03680479828309378,-0.7781973992073942,-0.27623685550360466,-0.14558142453418313,-0.5368181637610334,-1.2668696807462643,1.4713489085902927,-0.03874320913542995,-0.113348078368862,1.4849449316862366,0.0,0.0,0.0,0.0,0.0,0.0,0.0,0.0,0.0,0.0,0.0,0.0,0.0,0.0,0.0,0.0,0.0,0.0,0.0,0.0,0.0,0.0,0.0,0.0,0.0,0.0,0.0,0.0,0.0,0.0,0.0,0.0,0.0,0.0,0.0,0.0,0.0,1.0,0.0,0.0,0.0,0.0,0.0,0.0,0.0,0.0,0.0,0.0,0.0,0.0,237929
0.6752519058923501,1.0845289323988678,-0.6357017053119834,0.08266465056689841,-0.6755622278080391,-0.22941573387056183,1.4388923519247618,0.6192390078990375,0.7773482906364846,-0.9619916370536375,1.8226168653373422,-0.6188475353414353,-0.2099207783030533,-1.4334882671879425,-0.9721601593634838,0.8260856556789775,0.0,0.0,0.0,0.0,0.0,0.0,0.0,0.0,0.0,0.0,0.0,0.0,0.0,0.0,0.0,0.0,0.0,0.0,0.0,0.0,0.0,0.0,0.0,0.0,0.0,0.0,0.0,0.0,0.0,0.0,0.0,0.0,0.0,0.0,1.0,0.0,0.0,0.0,0.0,0.0,0.0,0.0,0.0,0.0,0.0,0.0,0.0,0.0,0.0,0.0,50000
-0.735195939313603,-1.5235566765763653,-0.8484794071382052,-0.13519189308572574,0.035555906726738765,-0.22941573387056183,-1.3652827553585742,0.6192390078990375,-1.0664257151086716,0.9523495509230143,-0.5368181637610334,-0.029405342968498723,0.8962101396208163,-0.9223605522507231,-0.6852062420860445,-0.524303604236727,0.0,0.0,0.0,0.0,0.0,0.0,0.0,0.0,0.0,0.0,1.0,0.0,0.0,0.0,0.0,0.0,0.0,0.0,0.0,0.0,0.0,0.0,0.0,0.0,0.0,0.0,0.0,0.0,0.0,0.0,0.0,0.0,0.0,0.0,0.0,0.0,0.0,0.0,0.0,0.0,0.0,0.0,0.0,0.0,0.0,0.0,0.0,0.0,0.0,0.0,50000
-1.4404198619165796,-0.6541948069179543,0.09325893983340613,0.5282254967641934,0.7466740412615166,-0.22941573387056183,-0.6642389785377402,-0.07947919565417831,-1.5932182881787162,-0.14558142453418313,-0.5368181637610334,-0.07642541948204172,0.2674214306568956,1.5965807670115517,0.29453641833264094,-0.524303604236727,0.0,1.0,0.0,0.0,0.0,0.0,0.0,0.0,0.0,0.0,0.0,0.0,0.0,0.0,0.0,0.0,0.0,0.0,0.0,0.0,0.0,0.0,0.0,0.0,0.0,0.0,0.0,0.0,0.0,0.0,0.0,0.0,0.0,0.0,0.0,0.0,0.0,0.0,0.0,0.0,0.0,0.0,0.0,0.0,0.0,0.0,0.0,0.0,0.0,0.0,85768
1.3804758284953267,-1.5235566765763653,0.29717090408353536,-0.22341977377161318,0.035555906726738765,-0.22941573387056183,0.7378485751039278,-0.07947919565417831,0.5139520041014622,1.4590869242109514,-0.5368181637610334,1.1129780811953198,-1.3786945778806787,-1.200479104855258,0.5066773500341764,-0.524303604236727,0.0,0.0,0.0,0.0,0.0,0.0,0.0,0.0,0.0,0.0,0.0,0.0,0.0,0.0,0.0,0.0,0.0,0.0,0.0,0.0,0.0,0.0,1.0,0.0,0.0,0.0,0.0,0.0,0.0,0.0,0.0,0.0,0.0,0.0,0.0,0.0,0.0,0.0,0.0,0.0,0.0,0.0,0.0,0.0,0.0,0.0,0.0,0.0,0.0,0.0,52919
-1.4404198619165796,-0.21951387208874876,-0.4800587567539138,1.0304612002585731,0.035555906726738765,-0.22941573387056183,-1.3652827553585742,1.3179572114522533,-0.539633142038627,1.5153910767985002,-0.5368181637610334,1.2619926952212437,1.6923457744435337,-1.5309656615178917,-0.490487512504925,-0.023352749751868823,0.0,0.0,0.0,0.0,0.0,0.0,0.0,0.0,0.0,0.0,0.0,0.0,0.0,0.0,0.0,0.0,0.0,0.0,0.0,0.0,0.0,0.0,0.0,0.0,0.0,0.0,0.0,0.0,0.0,0.0,0.0,0.0,0.0,0.0,0.0,0.0,0.0,0.0,0.0,0.0,0.0,0.0,0.0,1.0,0.0,0.0,0.0,0.0,0.0,0.0,247539
-0.02997201671062649,1.5192098672280734,1.0527287619572026,0.3839256827950198,-1.386680362342817,-0.22941573387056183,0.03680479828309378,0.6192390078990375,1.3041408637065293,-1.2153603236976063,-0.5368181637610334,0.21970813750088083,1.075992478504833,1.3418823760301768,-0.2609243786829736,3.600373268288056,0.0,0.0,0.0,0.0,1.0,0.0,0.0,0.0,0.0,0.0,0.0,0.0,0.0,0.0,0.0,0.0,0.0,0.0,0.0,0.0,0.0,0.0,0.0,0.0,0.0,0.0,0.0,0.0,0.0,0.0,0.0,0.0,0.0,0.0,0.0,0.0,0.0,0.0,0.0,0.0,0.0,0.0,0.0,0.0,0.0,0.0,0.0,0.0,0.0,0.0,749497
-1.4404198619165796,1.0845289323988678,-1.5006036599574593,-0.16654394180326204,0.7466740412615166,-0.22941573387056183,0.7378485751039278,-1.47691560276061,-0.539633142038627,-0.7930791792909918,-0.5368181637610334,-0.4213632139845548,1.2501333045526641,-1.422275683629816,-1.3636472893634186,-0.524303604236727,0.0,0.0,0.0,0.0,0.0,0.0,0.0,0.0,0.0,0.0,0.0,0.0,0.0,0.0,0.0,0.0,0.0,0.0,0.0,0.0,0.0,0.0,0.0,0.0,0.0,0.0,0.0,0.0,0.0,0.0,0.0,0.0,0.0,0.0,0.0,0.0,0.0,0.0,1.0,0.0,0.0,0.0,0.0,0.0,0.0,0.0,0.0,0.0,0.0,0.0,50000
1.3804758284953267,1.0845289323988678,1.076370728826783,-0.8701562659064328,-0.6755622278080391,-0.22941573387056183,0.7378485751039278,0.6192390078990375,0.7773482906364846,-0.004821043065311664,-0.5368181637610334,-0.6760150275768734,0.022116145693439657,1.547237842509101,0.5999373731493441,1.3787651310073807,0.0,0.0,0.0,0.0,0.0,0.0,0.0,0.0,0.0,0.0,0.0,1.0,0.0,0.0,0.0,0.0,0.0,0.0,0.0,0.0,0.0,0.0,0.0,0.0,0.0,0.0,0.0,0.0,0.0,0.0,0.0,0.0,0.0,0.0,0.0,0.0,0.0,0.0,0.0,0.0,0.0,0.0,0.0,0.0,0.0,0.0,0.0,0.0,0.0,0.0,595023
-0.02997201671062649,1.5192098672280734,0.17797598778273518,0.3549853301326786,-1.386680362342817,-0.22941573387056183,-1.3652827553585742,-0.7781973992073942,-0.27623685550360466,-0.9901437133474119,-0.5368181637610334,0.2974306513268242,-1.2280390948107167,-1.3895172841885368,-0.2711727328714536,1.2099664735179176,0.0,0.0,0.0,0.0,0.0,0.0,0.0,0.0,0.0,0.0,0.0,0.0,0.0,0.0,0.0,0.0,0.0,0.0,0.0,0.0,0.0,0.0,0.0,0.0,1.0,0.0,0.0,0.0,0.0,0.0,0.0,0.0,0.0,0.0,0.0,0.0,0.0,0.0,0.0,0.0,0.0,0.0,0.0,0.0,0.0,0.0,0.0,0.0,0.0,0.0,79599
0.6752519058923501,-1.0888757417471597,0.7562190941345509,-0.26281080933979983,-1.386680362342817,-0.22941573387056183,-1.3652827553585742,-0.07947919565417831,0.7773482906364846,1.7124556108549203,-0.5368181637610334,-1.1834601537135445,-1.2446708512268192,0.44002456571515464,0.3314304934111688,1.2072439145261522,0.0,0.0,0.0,0.0,0.0,0.0,0.0,0.0,0.0,0.0,0.0,0.0,0.0,0.0,0.0,0.0,0.0,0.0,0.0,0.0,0.0,0.0,0.0,0.0,0.0,0.0,0.0,0.0,0.0,1.0,0.0,0.0,0.0,0.0,0.0,0.0,0.0,0.0,0.0,0.0,0.0,0.0,0.0,0.0,0.0,0.0,0.0,0.0,0.0,0.0,293559
-0.02997201671062649,-1.5235566765763653,-1.4927230043342659,0.013127414308772992,1.4577921757962944,-0.22941573387056183,0.03680479828309378,-0.07947919565417831,1.3041408637065293,-0.6241667215283461,-0.5368181637610334,0.10154464087119454,-1.445814659867184,0.889809252908638,-1.4927765521382663,-0.15948069934014547,0.0,0.0,0.0,0.0,0.0,0.0,0.0,0.0,0.0,0.0,0.0,0.0,0.0,0.0,0.0,0.0,0.0,0.0,0.0,0.0,0.0,0.0,0.0,0.0,0.0,0.0,0.0,0.0,0.0,0.0,1.0,0.0,0.0,0.0,0.0,0.0,0.0,0.0,0.0,0.0,0.0,0.0,0.0,0.0,0.0,0.0,0.0,0.0,0.0,0.0,50000
-0.735195939313603,-1.5235566765763653,-0.08011548387684869,-0.3341568176393216,0.035555906726738765,-0.22941573387056183,0.7378485751039278,-0.7781973992073942,0.25055571756643996,1.2057182375669828,1.8780479232221867,1.428179858930375,0.4414298427161371,0.5713279708214186,0.1141653846153934,-0.524303604236727,0.0,0.0,0.0,0.0,0.0,0.0,0.0,0.0,0.0,0.0,0.0,0.0,0.0,0.0,0.0,0.0,0.0,0.0,0.0,0.0,0.0,0.0,0.0,0.0,0.0,1.0,0.0,0.0,0.0,0.0,0.0,0.0,0.0,0.0,0.0,0.0,0.0,0.0,0.0,0.0,0.0,0.0,0.0,0.0,0.0,0.0,0.0,0.0,0.0,0.0,193466
0.6752519058923501,0.21516706274045677,0.41144041061983966,0.5591755961391972,0.7466740412615166,-0.22941573387056183,0.03680479828309378,-0.7781973992073942,1.040744577171507,-1.0464478659349605,-0.5368181637610334,0.10106143059872334,1.021518418195483,-0.4486255658153217,0.625558258620544,-0.524303604236727,0.0,0.0,0.0,0.0,0.0,0.0,0.0,0.0,0.0,0.0,0.0,0.0,0.0,0.0,1.0,0.0,0.0,0.0,0.0,0.0,0.0,0.0,0.0,0.0,0.0,0.0,0.0,0.0,0.0,0.0,0.0,0.0,0.0,0.0,0.0,0.0,0.0,0.0,0.0,0.0,0.0,0.0,0.0,0.0,0.0,0.0,0.0,0.0,0.0,0.0,127444
1.3804758284953267,1.0845289323988678,-0.5046858055763932,2.62057279931721,-1.386680362342817,-0.22941573387056183,-1.3652827553585742,-0.07947919565417831,-0.8030294285736492,-0.230037653415506,1.8587675552622407,-0.2939815521569565,-0.9639544708871712,-0.4276605896435025,-0.8215093527928281,0.7852472708024946,0.0,0.0,0.0,0.0,0.0,0.0,0.0,0.0,0.0,0.0,0.0,0.0,0.0,1.0,0.0,0.0,0.0,0.0,0.0,0.0,0.0,0.0,0.0,0.0,0.0,0.0,0.0,0.0,0.0,0.0,0.0,0.0,0.0,0.0,0.0,0.0,0.0,0.0,0.0,0.0,0.0,0.0,0.0,0.0,0.0,0.0,0.0,0.0,0.0,0.0,206498
1.3804758284953267,1.0845289323988678,1.4940454768560332,0.573846747141634,-0.6755622278080391,-0.22941573387056183,0.03680479828309378,1.3179572114522533,-1.0664257151086716,1.5153910767985002,-0.5368181637610334,-0.8323521357317839,0.3809987712184649,1.2619041742904664,1.751852383934493,-0.524303604236727,0.0,0.0,0.0,0.0,0.0,0.0,0.0,0.0,0.0,0.0,0.0,0.0,0.0,0.0,0.0,0.0,0.0,0.0,0.0,0.0,0.0,0.0,0.0,0.0,0.0,0.0,0.0,0.0,0.0,0.0,0.0,0.0,0.0,0.0,0.0,0.0,0.0,1.0,0.0,0.0,0.0,0.0,0.0,0.0,0.0,0.0,0.0,0.0,0.0,0.0,1145870
0.6752519058923501,1.0845289323988678,2.4613959546030233,0.8383294145280301,0.7466740412615166,-0.22941573387056183,0.7378485751039278,1.3179572114522533,-1.329822001643694,-0.20188557712173172,-0.5368181637610334,-1.6176431685393908,-0.9028243282805236,-1.5918501694758809,0.7044705858718399,4.931704615261402,0.0,0.0,0.0,0.0,0.0,0.0,0.0,0.0,0.0,0.0,0.0,0.0,0.0,0.0,0.0,0.0,0.0,0.0,0.0,0.0,0.0,0.0,0.0,0.0,0.0,0.0,0.0,0.0,0.0,0.0,0.0,0.0,0.0,0.0,0.0,0.0,0.0,0.0,0.0,0.0,0.0,0.0,0.0,0.0,0.0,1.0,0.0,0.0,0.0,0.0,1179144
1.3804758284953267,-1.0888757417471597,-0.28008712031538124,1.5192316007781137,-0.6755622278080391,-0.22941573387056183,0.03680479828309378,-0.7781973992073942,-1.0664257151086716,0.05148310952223692,-0.5368181637610334,0.32895082910032974,0.3007544629834862,1.6154271554852107,-0.09387620541075005,-0.524303604236727,0.0,0.0,0.0,0.0,0.0,0.0,0.0,0.0,0.0,0.0,0.0,0.0,0.0,0.0,0.0,0.0,0.0,0.0,0.0,0.0,0.0,0.0,0.0,0.0,0.0,0.0,1.0,0.0,0.0,0.0,0.0,0.0,0.0,0.0,0.0,0.0,0.0,0.0,0.0,0.0,0.0,0.0,0.0,0.0,0.0,0.0,0.0,0.0,0.0,0.0,125455
1.3804758284953267,0.21516706274045677,0.6577108988446334,0.2078718707657774,-1.386680362342817,4.358898943540674,0.7378485751039278,0.6192390078990375,-1.5932182881787162,0.6708287879852713,-0.5368181637610334,0.43986617164294817,-1.1503885310374262,-1.2884946992971498,0.8817671133325434,-0.524303604236727,0.0,0.0,0.0,0.0,0.0,0.0,0.0,0.0,0.0,0.0,0.0,0.0,0.0,0.0,1.0,0.0,0.0,0.0,0.0,0.0,0.0,0.0,0.0,0.0,0.0,0.0,0.0,0.0,0.0,0.0,0.0,0.0,0.0,0.0,0.0,0.0,0.0,0.0,0.0,0.0,0.0,0.0,0.0,0.0,0.0,0.0,0.0,0.0,0.0,0.0,822353
-0.735195939313603,-1.0888757417471597,1.0694751551564887,-1.4630315461418952,0.7466740412615166,-0.22941573387056183,0.03680479828309378,0.6192390078990375,-0.8030294285736492,1.3746306953296286,-0.5368181637610334,-0.7408023741089725,0.8213013013621282,0.994275480738259,0.7280418005053438,1.0193873440943304,0.0,0.0,0.0,0.0,0.0,0.0,0.0,0.0,0.0,0.0,0.0,0.0,0.0,0.0,0.0,0.0,0.0,0.0,0.0,0.0,0.0,0.0,0.0,0.0,0.0,0.0,0.0,0.0,0.0,0.0,0.0,0.0,0.0,0.0,1.0,0.0,0.0,0.0,0.0,0.0,0.0,0.0,0.0,0.0,0.0,0.0,0.0,0.0,0.0,0.0,433722
-0.02997201671062649,-0.21951387208874876,3.0770721751650076,0.7292001680304518,-0.6755622278080391,-0.22941573387056183,-0.6642389785377402,1.3179572114522533,0.25055571756643996,-0.061125195652860245,-0.5368181637610334,1.40758766731891,-0.1831601478284118,1.2254993065366155,2.4323431020495634,2.0430695249981707,0.0,0.0,0.0,0.0,0.0,0.0,0.0,0.0,0.0,0.0,0.0,0.0,0.0,0.0,0.0,0.0,0.0,0.0,0.0,0.0,0.0,0.0,0.0,0.0,0.0,0.0,0.0,0.0,0.0,0.0,0.0,0.0,0.0,0.0,0.0,0.0,0.0,0.0,0.0,0.0,0.0,0.0,1.0,0.0,0.0,0.0,0.0,0.0,0.0,0.0,774067
1.3804758284953267,-1.5235566765763653,0.7877417166273246,-0.6675737972700443,0.7466740412615166,-0.22941573387056183,0.03680479828309378,1.3179572114522533,1.5675371502415514,1.599847305679823,-0.5368181637610334,-0.26145778381754925,-0.3537835453492818,0.5400411648960991,1.017045388620479,-0.524303604236727,0.0,0.0,0.0,0.0,0.0,0.0,0.0,0.0,0.0,1.0,0.0,0.0,0.0,0.0,0.0,0.0,0.0,0.0,0.0,0.0,0.0,0.0,0.0,0.0,0.0,0.0,0.0,0.0,0.0,0.0,0.0,0.0,0.0,0.0,0.0,0.0,0.0,0.0,0.0,0.0,0.0,0.0,0.0,0.0,0.0,0.0,0.0,0.0,0.0,0.0,244070
1.3804758284953267,0.6498479975696623,-0.05154810724277261,-1.7654984263976141,-0.6755622278080391,-0.22941573387056183,-1.3652827553585742,-1.47691560276061,-1.329822001643694,-1.6094893918104463,-0.5368181637610334,-1.3931734119660422,-0.4349201491928838,1.3234358774518304,0.14388561176198533,-0.524303604236727,0.0,0.0,0.0,0.0,0.0,0.0,0.0,0.0,0.0,0.0,0.0,0.0,0.0,0.0,0.0,0.0,0.0,0.0,0.0,0.0,0.0,0.0,0.0,0.0,0.0,0.0,0.0,0.0,0.0,0.0,0.0,0.0,0.0,0.0,0.0,0.0,0.0,0.0,0.0,0.0,0.0,0.0,0.0,0.0,0.0,0.0,0.0,1.0,0.0,0.0,50000
-0.02997201671062649,-0.21951387208874876,1.2546705623015335,-0.36229327161659775,-1.386680362342817,-0.22941573387056183,1.4388923519247618,-0.07947919565417831,-0.539633142038627,1.1494140849794343,-0.5368181637610334,1.4344987624934595,-1.3448081336062128,1.0567623530052899,0.44211271864675256,2.2908223932488343,1.0,0.0,0.0,0.0,0.0,0.0,0.0,0.0,0.0,0.0,0.0,0.0,0.0,0.0,0.0,0.0,0.0,0.0,0.0,0.0,0.0,0.0,0.0,0.0,0.0,0.0,0.0,0.0,0.0,0.0,0.0,0.0,0.0,0.0,0.0,0.0,0.0,0.0,0.0,0.0,0.0,0.0,0.0,0.0,0.0,0.0,0.0,0.0,0.0,0.0,624760
-0.02997201671062649,-1.5235566765763653,0.35726090321038506,0.9705707482212281,0.7466740412615166,-0.22941573387056183,-1.3652827553585742,0.6192390078990375,1.040744577171507,0.6708287879852713,-0.5368181637610334,0.7462586544106438,-1.5951719233460229,-0.7704747453694917,0.5691923105839042,-0.524303604236727,0.0,0.0,0.0,0.0,0.0,0.0,0.0,0.0,0.0,0.0,0.0,0.0,0.0,0.0,0.0,0.0,0.0,0.0,0.0,0.0,0.0,0.0,0.0,0.0,0.0,0.0,0.0,0.0,0.0,0.0,0.0,0.0,0.0,0.0,0.0,0.0,0.0,0.0,0.0,0.0,0.0,0.0,0.0,1.0,0.0,0.0,0.0,0.0,0.0,0.0,91610
-0.02997201671062649,-0.6541948069179543,-0.2653108910218936,-0.4883043905005418,1.4577921757962944,4.358898943540674,0.03680479828309378,0.6192390078990375,0.7773482906364846,1.3746306953296286,-0.5368181637610334,-1.6447772838396963,-1.5235712575775602,0.6962303947156333,-0.7395225192849884,1.2290243864602763,0.0,0.0,0.0,0.0,0.0,0.0,0.0,0.0,0.0,0.0,0.0,0.0,0.0,0.0,0.0,0.0,0.0,0.0,0.0,0.0,0.0,0.0,0.0,0.0,0.0,0.0,0.0,0.0,0.0,1.0,0.0,0.0,0.0,0.0,0.0,0.0,0.0,0.0,0.0,0.0,0.0,0.0,0.0,0.0,0.0,0.0,0.0,0.0,0.0,0.0,729218
-0.02997201671062649,1.5192098672280734,0.27845434697845106,0.5185787125434129,0.035555906726738765,-0.22941573387056183,-0.6642389785377402,-0.07947919565417831,-0.8030294285736492,0.5019163302226256,-0.5368181637610334,-1.5506999607916512,1.5420575787150037,-1.0936724672715257,-0.20455843064633375,1.3107011562132425,0.0,0.0,0.0,0.0,0.0,0.0,0.0,0.0,0.0,0.0,0.0,0.0,0.0,0.0,0.0,0.0,0.0,0.0,0.0,0.0,0.0,0.0,0.0,0.0,0.0,0.0,0.0,1.0,0.0,0.0,0.0,0.0,0.0,0.0,0.0,0.0,0.0,0.0,0.0,0.0,0.0,0.0,0.0,0.0,0.0,0.0,0.0,0.0,0.0,0.0,483892
-0.02997201671062649,-1.0888757417471597,0.9128471246455198,2.17260025706472,0.035555906726738765,4.358898943540674,0.7378485751039278,1.3179572114522533,1.040744577171507,-1.6939456206917691,-0.5368181637610334,0.17763167377492775,1.3906317910535795,-1.5349324652711371,1.1471994868141746,-0.524303604236727,0.0,0.0,0.0,0.0,0.0,0.0,0.0,0.0,0.0,0.0,0.0,0.0,0.0,0.0,0.0,0.0,0.0,0.0,0.0,0.0,0.0,0.0,0.0,0.0,0.0,0.0,0.0,0.0,0.0,0.0,0.0,0.0,0.0,0.0,0.0,0.0,0.0,1.0,0.0,0.0,0.0,0.0,0.0,0.0,0.0,0.0,0.0,0.0,0.0,0.0,226261
-0.02997201671062649,-1.5235566765763653,-3.1368247837229886,-1.6157722963042516,0.7466740412615166,-0.22941573387056183,-1.3652827553585742,1.3179572114522533,-0.539633142038627,-1.384272781460252,-0.5368181637610334,-1.1936819094773583,1.0109184675754062,0.5239795755745347,-3.065898920069942,-0.524303604236727,0.0,0.0,0.0,0.0,0.0,0.0,0.0,0.0,0.0,0.0,0.0,0.0,0.0,0.0,0.0,0.0,0.0,0.0,0.0,0.0,0.0,0.0,0.0,0.0,0.0,0.0,0.0,0.0,0.0,0.0,0.0,0.0,0.0,0.0,0.0,0.0,1.0,0.0,0.0,0.0,0.0,0.0,0.0,0.0,0.0,0.0,0.0,0.0,0.0,0.0,50000
1.3804758284953267,-0.21951387208874876,-0.509611215340889,-0.024253874546751077,-0.6755622278080391,-0.22941573387056183,0.7378485751039278,1.3179572114522533,-1.329822001643694,-1.665793544397995,-0.5368181637610334,-0.7928404034520241,0.6638356662463996,-1.196849924301604,-1.0520973220336276,1.3842102489909118,0.0,0.0,0.0,0.0,0.0,0.0,0.0,0.0,0.0,0.0,0.0,0.0,0.0,0.0,0.0,0.0,0.0,0.0,0.0,0.0,0.0,0.0,0.0,0.0,0.0,0.0,0.0,0.0,0.0,0.0,0.0,0.0,0.0,0.0,0.0,0.0,0.0,0.0,0.0,0.0,0.0,0.0,0.0,0.0,0.0,0.0,0.0,0.0,0.0,1.0,247146
1.3804758284953267,0.21516706274045677,-0.9558533400042153,0.02357809721461843,0.7466740412615166,-0.22941573387056183,1.4388923519247618,0.6192390078990375,1.5675371502415514,0.10778726210978551,1.8720228082347037,-0.8742427493529404,1.554727815963045,1.2272933830950277,-0.7969133027404762,-0.524303604236727,0.0,0.0,0.0,0.0,0.0,0.0,0.0,0.0,0.0,0.0,0.0,0.0,0.0,1.0,0.0,0.0,0.0,0.0,0.0,0.0,0.0,0.0,0.0,0.0,0.0,0.0,0.0,0.0,0.0,0.0,0.0,0.0,0.0,0.0,0.0,0.0,0.0,0.0,0.0,0.0,0.0,0.0,0.0,0.0,0.0,0.0,0.0,0.0,0.0,0.0,50000
1.3804758284953267,-1.0888757417471597,-1.8069641473091027,-1.1241882503869836,0.7466740412615166,-0.22941573387056183,-0.6642389785377402,1.3179572114522533,-1.0664257151086716,0.19224349099110838,1.8840730382096698,1.3291217530737802,0.5160267620510124,0.3475012964364798,-1.682371104625146,-0.524303604236727,0.0,0.0,0.0,0.0,0.0,0.0,0.0,0.0,0.0,0.0,0.0,1.0,0.0,0.0,0.0,0.0,0.0,0.0,0.0,0.0,0.0,0.0,0.0,0.0,0.0,0.0,0.0,0.0,0.0,0.0,0.0,0.0,0.0,0.0,0.0,0.0,0.0,0.0,0.0,0.0,0.0,0.0,0.0,0.0,0.0,0.0,0.0,0.0,0.0,0.0,50000
-0.02997201671062649,1.0845289323988678,-0.250534661728406,0.27881592972276664,-0.6755622278080391,-0.22941573387056183,0.7378485751039278,-1.47691560276061,1.040744577171507,-0.905687484466089,-0.5368181637610334,0.02452835744347826,-1.0392145531523989,1.362893998087353,-0.6657343691279325,1.0765610829214065,0.0,0.0,0.0,0.0,0.0,0.0,0.0,0.0,0.0,0.0,0.0,0.0,0.0,0.0,0.0,0.0,0.0,0.0,0.0,0.0,0.0,0.0,0.0,0.0,0.0,0.0,0.0,0.0,0.0,0.0,0.0,0.0,0.0,0.0,0.0,0.0,0.0,0.0,0.0,0.0,0.0,0.0,0.0,0.0,0.0,1.0,0.0,0.0,0.0,0.0,111052
0.6752519058923501,0.21516706274045677,0.3464250017284941,0.010313768911045374,-0.6755622278080391,-0.22941573387056183,-1.3652827553585742,0.6192390078990375,-0.012840568968582357,1.3464786190358544,-0.5368181637610334,-0.21726262889691478,0.3372973661613909,1.0556167305206796,-0.492537183342621,2.2663193623229447,0.0,0.0,0.0,0.0,0.0,0.0,0.0,0.0,0.0,0.0,0.0,0.0,0.0,0.0,0.0,0.0,0.0,0.0,0.0,0.0,0.0,1.0,0.0,0.0,0.0,0.0,0.0,0.0,0.0,0.0,0.0,0.0,0.0,0.0,0.0,0.0,0.0,0.0,0.0,0.0,0.0,0.0,0.0,0.0,0.0,0.0,0.0,0.0,0.0,0.0,175180
-0.735195939313603,0.21516706274045677,-0.6396420331235801,0.7748214184078924,0.035555906726738765,-0.22941573387056183,0.03680479828309378,-1.47691560276061,-0.539633142038627,-1.6939456206917691,-0.5368181637610334,-0.6744538866965818,-1.3043851321894129,1.2962055200892348,-0.46794113329026904,-0.524303604236727,0.0,0.0,0.0,0.0,0.0,0.0,0.0,0.0,0.0,0.0,0.0,0.0,0.0,0.0,0.0,0.0,0.0,0.0,0.0,0.0,0.0,0.0,0.0,0.0,0.0,1.0,0.0,0.0,0.0,0.0,0.0,0.0,0.0,0.0,0.0,0.0,0.0,0.0,0.0,0.0,0.0,0.0,0.0,0.0,0.0,0.0,0.0,0.0,0.0,0.0,50000
-0.735195939313603,-0.21951387208874876,0.18979697121752528,-0.7156067437026801,-1.386680362342817,-0.22941573387056183,0.03680479828309378,0.6192390078990375,-1.329822001643694,-1.384272781460252,1.855152486269751,1.3143280847319698,-1.6874579777605085,0.6185682777151785,0.39497028937974465,-0.524303604236727,0.0,0.0,0.0,0.0,0.0,0.0,0.0,0.0,0.0,0.0,0.0,0.0,0.0,0.0,0.0,0.0,0.0,0.0,0.0,0.0,0.0,0.0,0.0,0.0,0.0,0.0,0.0,0.0,0.0,0.0,0.0,0.0,0.0,0.0,0.0,0.0,0.0,0.0,0.0,0.0,0.0,0.0,1.0,0.0,0.0,0.0,0.0,0.0,0.0,0.0,196999
-1.4404198619165796,-0.21951387208874876,-0.10080220488773137,-0.18342581418962775,1.4577921757962944,4.358898943540674,0.7378485751039278,0.6192390078990375,1.040744577171507,-0.2581897297092803,1.8684077392422138,-1.2865326218337458,1.3145121594935476,0.5594005776931152,0.09264384081958546,-0.524303604236727,0.0,0.0,0.0,0.0,0.0,0.0,0.0,0.0,0.0,0.0,0.0,0.0,0.0,0.0,0.0,0.0,0.0,0.0,0.0,0.0,0.0,0.0,0.0,0.0,0.0,0.0,0.0,0.0,0.0,0.0,0.0,0.0,0.0,0.0,0.0,0.0,0.0,0.0,0.0,0.0,0.0,0.0,0.0,0.0,1.0,0.0,0.0,0.0,0.0,0.0,136204
-1.4404198619165796,1.5192098672280734,0.13167713599647396,1.6558943772391694,-0.6755622278080391,-0.22941573387056183,0.03680479828309378,1.3179572114522533,1.5675371502415514,-0.3144938822968289,1.8322570493173151,0.056977785740966826,-0.7560079108731232,0.8167108615203644,0.3345049996677128,-0.524303604236727,0.0,0.0,0.0,0.0,0.0,0.0,0.0,0.0,0.0,1.0,0.0,0.0,0.0,0.0,0.0,0.0,0.0,0.0,0.0,0.0,0.0,0.0,0.0,0.0,0.0,0.0,0.0,0.0,0.0,0.0,0.0,0.0,0.0,0.0,0.0,0.0,0.0,0.0,0.0,0.0,0.0,0.0,0.0,0.0,0.0,0.0,0.0,0.0,0.0,0.0,574348
0.6752519058923501,-1.5235566765763653,-0.03578679599638581,0.5846993793900119,1.4577921757962944,-0.22941573387056183,-0.6642389785377402,-1.47691560276061,-0.8030294285736492,0.10778726210978551,1.8973282911821325,-1.2873875323158104,1.44650703241174,1.158222160481141,0.16028297846355327,-0.524303604236727,0.0,0.0,0.0,0.0,0.0,0.0,0.0,0.0,0.0,0.0,0.0,0.0,0.0,1.0,0.0,0.0,0.0,0.0,0.0,0.0,0.0,0.0,0.0,0.0,0.0,0.0,0.0,0.0,0.0,0.0,0.0,0.0,0.0,0.0,0.0,0.0,0.0,0.0,0.0,0.0,0.0,0.0,0.0,0.0,0.0,0.0,0.0,0.0,0.0,0.0,158203
-0.735195939313603,0.6498479975696623,-0.6238807218771933,-1.5496516294576526,-0.6755622278080391,-0.22941573387056183,-0.6642389785377402,1.3179572114522533,-1.5932182881787162,-1.6376414681042206,-0.5368181637610334,1.1871322730091682,-1.2145857649291598,-1.2304684175666274,-0.4515437665887011,-0.524303604236727,0.0,0.0,0.0,0.0,0.0,0.0,0.0,0.0,0.0,0.0,0.0,0.0,0.0,0.0,0.0,0.0,0.0,0.0,0.0,0.0,0.0,0.0,0.0,0.0,0.0,0.0,0.0,0.0,1.0,0.0,0.0,0.0,0.0,0.0,0.0,0.0,0.0,0.0,0.0,0.0,0.0,0.0,0.0,0.0,0.0,0.0,0.0,0.0,0.0,0.0,99352
-0.02997201671062649,0.21516706274045677,0.5237397532503456,0.8017520243575711,1.4577921757962944,-0.22941573387056183,-0.6642389785377402,-0.07947919565417831,0.25055571756643996,-1.384272781460252,1.808156589367383,0.334860862432862,1.3953919541331288,1.206091194024397,0.7423894963692157,-0.524303604236727,0.0,0.0,0.0,0.0,0.0,1.0,0.0,0.0,0.0,0.0,0.0,0.0,0.0,0.0,0.0,0.0,0.0,0.0,0.0,0.0,0.0,0.0,0.0,0.0,0.0,0.0,0.0,0.0,0.0,0.0,0.0,0.0,0.0,0.0,0.0,0.0,0.0,0.0,0.0,0.0,0.0,0.0,0.0,0.0,0.0,0.0,0.0,0.0,0.0,0.0,185419
-1.4404198619165796,-0.21951387208874876,0.01839271141306882,0.32805472418299997,-1.386680362342817,-0.22941573387056183,0.03680479828309378,1.3179572114522533,-1.0664257151086716,-1.4968810866353492,-0.5368181637610334,-1.330802116796299,-1.6398145947730745,-0.5106514770441491,0.21664892650019313,-0.524303604236727,0.0,0.0,0.0,0.0,0.0,0.0,0.0,0.0,0.0,0.0,0.0,0.0,0.0,0.0,0.0,0.0,1.0,0.0,0.0,0.0,0.0,0.0,0.0,0.0,0.0,0.0,0.0,0.0,0.0,0.0,0.0,0.0,0.0,0.0,0.0,0.0,0.0,0.0,0.0,0.0,0.0,0.0,0.0,0.0,0.0,0.0,0.0,0.0,0.0,0.0,50000
1.3804758284953267,1.0845289323988678,0.28140959283714856,0.5328479142033173,1.4577921757962944,-0.22941573387056183,-1.3652827553585742,-0.7781973992073942,-1.5932182881787162,-0.6523187978221204,-0.5368181637610334,1.2695382094759862,1.3839900060478403,-0.7898602290797319,0.4902799833326084,-0.524303604236727,0.0,0.0,0.0,0.0,0.0,0.0,0.0,0.0,0.0,0.0,0.0,1.0,0.0,0.0,0.0,0.0,0.0,0.0,0.0,0.0,0.0,0.0,0.0,0.0,0.0,0.0,0.0,0.0,0.0,0.0,0.0,0.0,0.0,0.0,0.0,0.0,0.0,0.0,0.0,0.0,0.0,0.0,0.0,0.0,0.0,0.0,0.0,0.0,0.0,0.0,91147
1.3804758284953267,-1.5235566765763653,0.5798894245655987,0.13813365983638573,-0.6755622278080391,-0.22941573387056183,-1.3652827553585742,-1.47691560276061,-0.27623685550360466,-0.8493833318785404,-0.5368181637610334,-0.22633211401098946,-1.5738765149417606,1.6438983245025396,0.8008051152435516,-0.524303604236727,0.0,0.0,0.0,0.0,0.0,0.0,0.0,0.0,0.0,0.0,0.0,0.0,0.0,0.0,0.0,0.0,0.0,0.0,0.0,0.0,0.0,0.0,0.0,0.0,0.0,0.0,0.0,0.0,0.0,0.0,0.0,1.0,0.0,0.0,0.0,0.0,0.0,0.0,0.0,0.0,0.0,0.0,0.0,0.0,0.0,0.0,0.0,0.0,0.0,0.0,266411
-0.735195939313603,-0.21951387208874876,0.46266467217059676,1.3206686255670503,0.035555906726738765,-0.22941573387056183,-0.6642389785377402,-0.7781973992073942,-0.27623685550360466,1.5716952293860487,1.8997383371771257,-0.8994811935843204,1.3529503662936762,0.87057406754446,0.67884970040064,-0.524303604236727,0.0,0.0,0.0,0.0,0.0,0.0,0.0,0.0,0.0,0.0,0.0,0.0,0.0,0.0,0.0,0.0,0.0,0.0,1.0,0.0,0.0,0.0,0.0,0.0,0.0,0.0,0.0,0.0,0.0,0.0,0.0,0.0,0.0,0.0,0.0,0.0,0.0,0.0,0.0,0.0,0.0,0.0,0.0,0.0,0.0,0.0,0.0,0.0,0.0,0.0,293756
1.3804758284953267,0.6498479975696623,0.6744572920439195,0.19360266910587307,1.4577921757962944,-0.22941573387056183,1.4388923519247618,1.3179572114522533,1.5675371502415514,0.6989808642790456,-0.5368181637610334,0.41444187730677157,0.9648263461684154,-0.189808635549565,0.8991893154529593,-0.524303604236727,0.0,0.0,0.0,0.0,0.0,0.0,0.0,0.0,0.0,0.0,0.0,0.0,0.0,0.0,0.0,0.0,0.0,0.0,0.0,0.0,0.0,0.0,0.0,0.0,0.0,0.0,0.0,0.0,0.0,0.0,0.0,0.0,0.0,0.0,0.0,0.0,0.0,0.0,0.0,0.0,0.0,0.0,0.0,0.0,0.0,1.0,0.0,0.0,0.0,0.0,311086
-1.4404198619165796,1.5192098672280734,0.2833797567429469,0.44160541344843596,-0.6755622278080391,-0.22941573387056183,-0.6642389785377402,0.6192390078990375,-1.329822001643694,-0.3144938822968289,-0.5368181637610334,-0.488120571627498,0.7809709402829428,0.14475656117103822,0.4923296541703044,-0.524303604236727,0.0,0.0,0.0,0.0,0.0,0.0,0.0,0.0,0.0,0.0,0.0,0.0,0.0,0.0,0.0,0.0,0.0,0.0,0.0,0.0,0.0,0.0,0.0,0.0,0.0,0.0,0.0,0.0,0.0,0.0,0.0,0.0,0.0,0.0,0.0,0.0,0.0,0.0,0.0,0.0,0.0,1.0,0.0,0.0,0.0,0.0,0.0,0.0,0.0,0.0,176558
-0.02997201671062649,0.21516706274045677,1.4053881010951073,-2.4695126998433174,-0.6755622278080391,4.358898943540674,0.03680479828309378,-0.7781973992073942,-0.27623685550360466,-0.6241667215283461,1.8394871873022949,0.1374508811179001,-0.025168142135407853,1.435453252077778,1.6596171962381734,-0.524303604236727,0.0,0.0,0.0,0.0,0.0,1.0,0.0,0.0,0.0,0.0,0.0,0.0,0.0,0.0,0.0,0.0,0.0,0.0,0.0,0.0,0.0,0.0,0.0,0.0,0.0,0.0,0.0,0.0,0.0,0.0,0.0,0.0,0.0,0.0,0.0,0.0,0.0,0.0,0.0,0.0,0.0,0.0,0.0,0.0,0.0,0.0,0.0,0.0,0.0,0.0,262418
0.6752519058923501,-0.21951387208874876,0.2439764786269799,-1.095046923053376,1.4577921757962944,-0.22941573387056183,1.4388923519247618,0.6192390078990375,-1.329822001643694,-0.7649271029972176,-0.5368181637610334,-0.7739952028256476,0.4755393649150501,-0.9724726699906938,0.4513362374163845,-0.524303604236727,0.0,0.0,0.0,0.0,0.0,0.0,0.0,0.0,0.0,0.0,0.0,0.0,0.0,0.0,0.0,0.0,0.0,0.0,1.0,0.0,0.0,0.0,0.0,0.0,0.0,0.0,0.0,0.0,0.0,0.0,0.0,0.0,0.0,0.0,0.0,0.0,0.0,0.0,0.0,0.0,0.0,0.0,0.0,0.0,0.0,0.0,0.0,0.0,0.0,0.0,199048
-1.4404198619165796,-1.0888757417471597,-0.4485361342611402,-1.092635226998181,-0.6755622278080391,-0.22941573387056183,-0.6642389785377402,-0.07947919565417831,0.25055571756643996,0.41746010134130274,1.892508199192146,-0.5044010408076813,1.389250719736617,-0.2614065356108117,-0.2691230620337576,-0.524303604236727,0.0,0.0,0.0,0.0,0.0,0.0,0.0,0.0,0.0,0.0,0.0,0.0,0.0,0.0,0.0,0.0,0.0,0.0,0.0,0.0,0.0,0.0,0.0,0.0,0.0,0.0,0.0,1.0,0.0,0.0,0.0,0.0,0.0,0.0,0.0,0.0,0.0,0.0,0.0,0.0,0.0,0.0,0.0,0.0,0.0,0.0,0.0,0.0,0.0,0.0,97510
-0.02997201671062649,-0.21951387208874876,-0.5115813792466873,-0.2169885842910929,-0.6755622278080391,-0.22941573387056183,-1.3652827553585742,-0.7781973992073942,1.3041408637065293,-0.48340634005947464,-0.5368181637610334,-0.42221812446661916,-1.1586025888021068,-0.8631209466003223,-0.3347125288400294,-0.524303604236727,0.0,0.0,0.0,0.0,0.0,0.0,0.0,0.0,0.0,0.0,0.0,0.0,0.0,0.0,0.0,0.0,0.0,0.0,0.0,0.0,0.0,0.0,0.0,0.0,0.0,0.0,1.0,0.0,0.0,0.0,0.0,0.0,0.0,0.0,0.0,0.0,0.0,0.0,0.0,0.0,0.0,0.0,0.0,0.0,0.0,0.0,0.0,0.0,0.0,0.0,98146
-1.4404198619165796,0.21516706274045677,1.8112418656895675,-0.4680059487026497,0.035555906726738765,-0.22941573387056183,1.4388923519247618,1.3179572114522533,-0.8030294285736492,1.12126200868566,-0.5368181637610334,0.6570134340873104,-1.6984830528421226,-0.7989381734386184,0.29146191207609695,4.2292843953858945,0.0,0.0,0.0,0.0,0.0,1.0,0.0,0.0,0.0,0.0,0.0,0.0,0.0,0.0,0.0,0.0,0.0,0.0,0.0,0.0,0.0,0.0,0.0,0.0,0.0,0.0,0.0,0.0,0.0,0.0,0.0,0.0,0.0,0.0,0.0,0.0,0.0,0.0,0.0,0.0,0.0,0.0,0.0,0.0,0.0,0.0,0.0,0.0,0.0,0.0,524627
1.3804758284953267,1.5192098672280734,-0.11754859808701734,0.6729272600758994,0.7466740412615166,-0.22941573387056183,1.4388923519247618,0.6192390078990375,-1.329822001643694,0.3611559487537541,-0.5368181637610334,-0.6967930692931347,0.3632532512981962,0.3809908792369111,0.07522163869916951,-0.524303604236727,0.0,0.0,0.0,0.0,0.0,0.0,0.0,0.0,0.0,0.0,0.0,0.0,0.0,0.0,0.0,0.0,0.0,0.0,0.0,0.0,0.0,0.0,0.0,0.0,0.0,0.0,0.0,1.0,0.0,0.0,0.0,0.0,0.0,0.0,0.0,0.0,0.0,0.0,0.0,0.0,0.0,0.0,0.0,0.0,0.0,0.0,0.0,0.0,0.0,0.0,613581
-0.02997201671062649,0.6498479975696623,0.14743844724286076,0.48622179046954533,-0.6755622278080391,-0.22941573387056183,1.4388923519247618,-0.07947919565417831,0.7773482906364846,-0.11742934824040883,1.8394871873022949,-0.843428801977662,0.8846843849311067,0.4491871042066602,0.3509023663692808,-0.524303604236727,0.0,0.0,0.0,0.0,0.0,0.0,0.0,0.0,0.0,0.0,1.0,0.0,0.0,0.0,0.0,0.0,0.0,0.0,0.0,0.0,0.0,0.0,0.0,0.0,0.0,0.0,0.0,0.0,0.0,0.0,0.0,0.0,0.0,0.0,0.0,0.0,0.0,0.0,0.0,0.0,0.0,0.0,0.0,0.0,0.0,0.0,0.0,0.0,0.0,0.0,522694
1.3804758284953267,0.6498479975696623,-0.3017589232791631,-0.42580126773673543,-1.386680362342817,-0.22941573387056183,0.03680479828309378,0.6192390078990375,-0.012840568968582357,-1.0745999422287347,-0.5368181637610334,0.45361907939789753,-1.3070607103467575,-0.25702631073666604,-0.11642258462540599,-0.524303604236727,0.0,0.0,0.0,0.0,0.0,0.0,0.0,0.0,0.0,0.0,0.0,0.0,0.0,0.0,0.0,0.0,0.0,0.0,0.0,1.0,0.0,0.0,0.0,0.0,0.0,0.0,0.0,0.0,0.0,0.0,0.0,0.0,0.0,0.0,0.0,0.0,0.0,0.0,0.0,0.0,0.0,0.0,0.0,0.0,0.0,0.0,0.0,0.0,0.0,0.0,138049
-0.735195939313603,1.0845289323988678,-1.444453988642206,0.11843814205229242,0.035555906726738765,-0.22941573387056183,1.4388923519247618,0.6192390078990375,-1.329822001643694,-1.0745999422287347,-0.5368181637610334,1.555673030820851,1.7135574270740985,1.1554519190621197,-1.4897020458817223,-0.03424298571893095,0.0,0.0,0.0,0.0,0.0,0.0,0.0,0.0,0.0,0.0,0.0,1.0,0.0,0.0,0.0,0.0,0.0,0.0,0.0,0.0,0.0,0.0,0.0,0.0,0.0,0.0,0.0,0.0,0.0,0.0,0.0,0.0,0.0,0.0,0.0,0.0,0.0,0.0,0.0,0.0,0.0,0.0,0.0,0.0,0.0,0.0,0.0,0.0,0.0,0.0,54596
-1.4404198619165796,1.5192098672280734,-0.21704187532983402,0.71533291571308,-1.386680362342817,-0.22941573387056183,0.03680479828309378,-0.07947919565417831,0.5139520041014622,0.41746010134130274,-0.5368181637610334,0.6948153454029413,1.2308195484838051,1.410885964983716,-0.84098122575094,1.6346856762333408,0.0,0.0,0.0,0.0,0.0,0.0,0.0,0.0,0.0,0.0,0.0,0.0,0.0,0.0,0.0,1.0,0.0,0.0,0.0,0.0,0.0,0.0,0.0,0.0,0.0,0.0,0.0,0.0,0.0,0.0,0.0,0.0,0.0,0.0,0.0,0.0,0.0,0.0,0.0,0.0,0.0,0.0,0.0,0.0,0.0,0.0,0.0,0.0,0.0,0.0,175406
-0.735195939313603,-0.21951387208874876,-1.144989074960857,-1.4917709241329702,1.4577921757962944,-0.22941573387056183,1.4388923519247618,-0.7781973992073942,-0.8030294285736492,0.5863725591039485,-0.5368181637610334,1.5000295094447453,0.17350457246884887,0.7982998258370105,-0.9936817031592917,-0.524303604236727,0.0,0.0,0.0,0.0,0.0,0.0,0.0,0.0,0.0,0.0,0.0,0.0,0.0,1.0,0.0,0.0,0.0,0.0,0.0,0.0,0.0,0.0,0.0,0.0,0.0,0.0,0.0,0.0,0.0,0.0,0.0,0.0,0.0,0.0,0.0,0.0,0.0,0.0,0.0,0.0,0.0,0.0,0.0,0.0,0.0,0.0,0.0,0.0,0.0,0.0,66316
-0.02997201671062649,0.21516706274045677,-1.049436125529637,0.5163679911594841,-0.6755622278080391,-0.22941573387056183,0.03680479828309378,0.6192390078990375,1.5675371502415514,-0.9619916370536375,-0.5368181637610334,0.08340567064304515,-0.0690987902355329,-0.9682465298308018,-0.894272667531036,-0.524303604236727,0.0,0.0,0.0,0.0,0.0,0.0,0.0,0.0,0.0,0.0,0.0,0.0,0.0,0.0,0.0,0.0,0.0,0.0,0.0,1.0,0.0,0.0,0.0,0.0,0.0,0.0,0.0,0.0,0.0,0.0,0.0,0.0,0.0,0.0,0.0,0.0,0.0,0.0,0.0,0.0,0.0,0.0,0.0,0.0,0.0,0.0,0.0,0.0,0.0,0.0,99172
-0.735195939313603,-1.5235566765763653,0.4380376233481174,-1.515887884684921,0.7466740412615166,-0.22941573387056183,1.4388923519247618,-0.07947919565417831,-0.27623685550360466,0.5019163302226256,-0.5368181637610334,-0.8490786451634791,-0.3251013659222297,-0.8212425681600625,0.65322881492944,-0.524303604236727,0.0,0.0,0.0,0.0,0.0,0.0,0.0,0.0,0.0,0.0,0.0,0.0,0.0,0.0,1.0,0.0,0.0,0.0,0.0,0.0,0.0,0.0,0.0,0.0,0.0,0.0,0.0,0.0,0.0,0.0,0.0,0.0,0.0,0.0,0.0,0.0,0.0,0.0,0.0,0.0,0.0,0.0,0.0,0.0,0.0,0.0,0.0,0.0,0.0,0.0,172821
-0.735195939313603,-1.0888757417471597,1.7058380967293558,0.5183777378721467,-1.386680362342817,-0.22941573387056183,0.7378485751039278,0.6192390078990375,-0.27623685550360466,-1.6094893918104463,-0.5368181637610334,1.0963630818265027,0.9066799477121551,-1.0429431765561241,1.9721919989868124,-0.524303604236727,0.0,0.0,0.0,0.0,0.0,0.0,0.0,0.0,0.0,0.0,0.0,0.0,1.0,0.0,0.0,0.0,0.0,0.0,0.0,0.0,0.0,0.0,0.0,0.0,0.0,0.0,0.0,0.0,0.0,0.0,0.0,0.0,0.0,0.0,0.0,0.0,0.0,0.0,0.0,0.0,0.0,0.0,0.0,0.0,0.0,0.0,0.0,0.0,0.0,0.0,63832
0.6752519058923501,-1.0888757417471597,1.364014659073342,-0.640844165991632,-1.386680362342817,-0.22941573387056183,-1.3652827553585742,-1.47691560276061,-0.8030294285736492,1.2057182375669828,-0.5368181637610334,0.6728106929950224,-0.4995633805139827,-1.6828848743787215,0.7167686108980158,1.8661031905334111,0.0,0.0,0.0,0.0,0.0,0.0,0.0,1.0,0.0,0.0,0.0,0.0,0.0,0.0,0.0,0.0,0.0,0.0,0.0,0.0,0.0,0.0,0.0,0.0,0.0,0.0,0.0,0.0,0.0,0.0,0.0,0.0,0.0,0.0,0.0,0.0,0.0,0.0,0.0,0.0,0.0,0.0,0.0,0.0,0.0,0.0,0.0,0.0,0.0,0.0,50000
0.6752519058923501,-1.5235566765763653,-0.23181810462332164,-0.7558016779559318,-1.386680362342817,-0.22941573387056183,-0.6642389785377402,-1.47691560276061,-0.539633142038627,0.72713294057282,-0.5368181637610334,-1.4841656232744638,0.017701353287815382,1.4911801667186544,-0.6964794316933725,1.2099664735179176,0.0,0.0,0.0,0.0,0.0,0.0,0.0,0.0,0.0,0.0,0.0,0.0,0.0,0.0,0.0,0.0,0.0,1.0,0.0,0.0,0.0,0.0,0.0,0.0,0.0,0.0,0.0,0.0,0.0,0.0,0.0,0.0,0.0,0.0,0.0,0.0,0.0,0.0,0.0,0.0,0.0,0.0,0.0,0.0,0.0,0.0,0.0,0.0,0.0,0.0,289635
-0.735195939313603,1.0845289323988678,-0.26432580906899444,-2.6855604714545454,0.035555906726738765,-0.22941573387056183,0.7378485751039278,-0.7781973992073942,1.3041408637065293,1.1494140849794343,-0.5368181637610334,-1.4824186322893755,1.501906872905043,-0.6389076775476804,-0.0774788387091821,-0.524303604236727,0.0,0.0,0.0,0.0,0.0,0.0,0.0,0.0,0.0,0.0,0.0,0.0,0.0,0.0,0.0,0.0,0.0,1.0,0.0,0.0,0.0,0.0,0.0,0.0,0.0,0.0,0.0,0.0,0.0,0.0,0.0,0.0,0.0,0.0,0.0,0.0,0.0,0.0,0.0,0.0,0.0,0.0,0.0,0.0,0.0,0.0,0.0,0.0,0.0,0.0,172889
-0.735195939313603,-1.0888757417471597,0.012482219695673771,-1.7765520333172584,1.4577921757962944,-0.22941573387056183,-0.6642389785377402,1.3179572114522533,-0.8030294285736492,-1.2716644762851548,-0.5368181637610334,-0.10746238698307603,1.017273815961998,-1.6038798665243605,0.21049991398710516,-0.524303604236727,0.0,0.0,0.0,0.0,0.0,0.0,0.0,0.0,0.0,0.0,0.0,0.0,0.0,0.0,0.0,0.0,0.0,0.0,0.0,0.0,0.0,0.0,0.0,0.0,0.0,0.0,0.0,0.0,0.0,0.0,0.0,0.0,0.0,0.0,0.0,0.0,0.0,0.0,0.0,0.0,1.0,0.0,0.0,0.0,0.0,0.0,0.0,0.0,0.0,0.0,147282
-1.4404198619165796,1.5192098672280734,0.14349811943126406,-0.49574045333739336,0.7466740412615166,-0.22941573387056183,0.7378485751039278,1.3179572114522533,-1.5932182881787162,-1.5250331629291234,-0.5368181637610334,1.624697759742313,0.3693275205950583,-0.9141598814833959,-0.4474444249133091,1.5856796143815612,0.0,0.0,0.0,0.0,1.0,0.0,0.0,0.0,0.0,0.0,0.0,0.0,0.0,0.0,0.0,0.0,0.0,0.0,0.0,0.0,0.0,0.0,0.0,0.0,0.0,0.0,0.0,0.0,0.0,0.0,0.0,0.0,0.0,0.0,0.0,0.0,0.0,0.0,0.0,0.0,0.0,0.0,0.0,0.0,0.0,0.0,0.0,0.0,0.0,0.0,187761
0.6752519058923501,0.6498479975696623,-1.1302128456673692,-0.8422207866004229,0.7466740412615166,-0.22941573387056183,0.03680479828309378,-0.7781973992073942,0.25055571756643996,0.7834370931603685,-0.5368181637610334,-0.17946071758128376,0.5817353453564766,-1.46320341784456,-0.9783091718765717,-0.524303604236727,0.0,0.0,0.0,0.0,0.0,0.0,0.0,0.0,0.0,0.0,0.0,0.0,0.0,0.0,0.0,0.0,0.0,0.0,0.0,0.0,0.0,0.0,0.0,0.0,0.0,0.0,0.0,1.0,0.0,0.0,0.0,0.0,0.0,0.0,0.0,0.0,0.0,0.0,0.0,0.0,0.0,0.0,0.0,0.0,0.0,0.0,0.0,0.0,0.0,0.0,117201
-1.4404198619165796,-0.21951387208874876,-0.09784695902903384,-0.3882190042099451,-1.386680362342817,-0.22941573387056183,-0.6642389785377402,0.6192390078990375,0.7773482906364846,0.7834370931603685,1.87684290022469,-0.5165184676404204,-1.134969579019807,1.6785573565188123,0.09571834707612946,-0.524303604236727,0.0,0.0,0.0,0.0,0.0,0.0,0.0,0.0,0.0,0.0,0.0,0.0,0.0,0.0,1.0,0.0,0.0,0.0,0.0,0.0,0.0,0.0,0.0,0.0,0.0,0.0,0.0,0.0,0.0,0.0,0.0,0.0,0.0,0.0,0.0,0.0,0.0,0.0,0.0,0.0,0.0,0.0,0.0,0.0,0.0,0.0,0.0,0.0,0.0,0.0,97819
0.6752519058923501,1.0845289323988678,-0.3638190863118111,-1.4228366118886435,-1.386680362342817,-0.22941573387056183,0.03680479828309378,-1.47691560276061,0.5139520041014622,0.1640914146973341,-0.5368181637610334,-1.5528558220072919,-0.7218599601290008,0.5773447434337255,-0.18098721601282983,-0.524303604236727,0.0,0.0,0.0,0.0,0.0,0.0,0.0,0.0,0.0,0.0,0.0,0.0,0.0,0.0,0.0,0.0,0.0,0.0,0.0,0.0,0.0,0.0,0.0,0.0,0.0,0.0,0.0,0.0,0.0,0.0,0.0,0.0,0.0,0.0,0.0,0.0,0.0,0.0,0.0,0.0,0.0,0.0,0.0,1.0,0.0,0.0,0.0,0.0,0.0,0.0,230017
0.6752519058923501,-0.6541948069179543,0.7709953234280386,-0.7475617164340151,-1.386680362342817,-0.22941573387056183,0.03680479828309378,-0.7781973992073942,-1.5932182881787162,-0.5397104926470232,1.855152486269751,1.0035867095120337,-0.12762977408434126,-1.196659434780644,-0.23632832863062167,2.759102539832506,0.0,0.0,0.0,0.0,0.0,0.0,0.0,0.0,0.0,0.0,0.0,0.0,0.0,0.0,0.0,0.0,0.0,0.0,0.0,0.0,0.0,0.0,0.0,0.0,0.0,0.0,0.0,0.0,0.0,0.0,0.0,0.0,0.0,0.0,0.0,0.0,0.0,0.0,0.0,0.0,0.0,1.0,0.0,0.0,0.0,0.0,0.0,0.0,0.0,0.0,619322
-0.735195939313603,-0.6541948069179543,1.301954496040694,-0.8293584076393824,-1.386680362342817,-0.22941573387056183,1.4388923519247618,1.3179572114522533,-1.5932182881787162,-1.3561207051664776,-0.5368181637610334,-0.3409272886285808,-1.5865858848234753,-0.3598322642802496,1.5520094772591335,-0.524303604236727,1.0,0.0,0.0,0.0,0.0,0.0,0.0,0.0,0.0,0.0,0.0,0.0,0.0,0.0,0.0,0.0,0.0,0.0,0.0,0.0,0.0,0.0,0.0,0.0,0.0,0.0,0.0,0.0,0.0,0.0,0.0,0.0,0.0,0.0,0.0,0.0,0.0,0.0,0.0,0.0,0.0,0.0,0.0,0.0,0.0,0.0,0.0,0.0,0.0,0.0,120079
-0.02997201671062649,-0.21951387208874876,1.5432995745009919,-0.7053570354681009,0.035555906726738765,-0.22941573387056183,-0.6642389785377402,-1.47691560276061,1.040744577171507,-0.3144938822968289,1.845512302289778,-0.03472065596568184,-1.549238755666625,-0.7762597686576858,0.5220498813168963,2.8761725764784245,0.0,0.0,0.0,0.0,0.0,0.0,0.0,0.0,0.0,0.0,0.0,0.0,0.0,0.0,0.0,0.0,0.0,0.0,0.0,0.0,0.0,0.0,0.0,0.0,0.0,0.0,0.0,0.0,0.0,0.0,1.0,0.0,0.0,0.0,0.0,0.0,0.0,0.0,0.0,0.0,0.0,0.0,0.0,0.0,0.0,0.0,0.0,0.0,0.0,0.0,480088
1.3804758284953267,-0.6541948069179543,2.2338420234833136,-0.13800553848345334,-0.6755622278080391,-0.22941573387056183,-1.3652827553585742,-1.47691560276061,1.3041408637065293,-0.4271021874719261,-0.5368181637610334,0.21833284672538592,0.9741022718293826,1.5234444619350271,2.5215037834893392,-0.524303604236727,1.0,0.0,0.0,0.0,0.0,0.0,0.0,0.0,0.0,0.0,0.0,0.0,0.0,0.0,0.0,0.0,0.0,0.0,0.0,0.0,0.0,0.0,0.0,0.0,0.0,0.0,0.0,0.0,0.0,0.0,0.0,0.0,0.0,0.0,0.0,0.0,0.0,0.0,0.0,0.0,0.0,0.0,0.0,0.0,0.0,0.0,0.0,0.0,0.0,0.0,444891
-1.4404198619165796,-0.21951387208874876,-1.0612571089644272,-0.25999716394207223,-0.6755622278080391,-0.22941573387056183,0.03680479828309378,1.3179572114522533,1.040744577171507,1.31832654274208,1.8900981531971528,0.9902798420085961,-1.2839411977093294,-0.6493123337445336,-1.0152032469550996,-0.23571235110958041,0.0,0.0,0.0,0.0,0.0,0.0,0.0,0.0,0.0,0.0,0.0,0.0,0.0,0.0,0.0,0.0,0.0,0.0,0.0,0.0,0.0,0.0,0.0,0.0,1.0,0.0,0.0,0.0,0.0,0.0,0.0,0.0,0.0,0.0,0.0,0.0,0.0,0.0,0.0,0.0,0.0,0.0,0.0,0.0,0.0,0.0,0.0,0.0,0.0,0.0,194135
1.3804758284953267,-0.21951387208874876,-0.29486334960886884,-0.870357240577699,0.7466740412615166,-0.22941573387056183,-0.6642389785377402,0.6192390078990375,-0.539633142038627,-1.2153603236976063,-0.5368181637610334,-0.082335452814574,0.8009599948854179,-0.6814339751262091,-0.10924873669347,-0.524303604236727,0.0,0.0,0.0,1.0,0.0,0.0,0.0,0.0,0.0,0.0,0.0,0.0,0.0,0.0,0.0,0.0,0.0,0.0,0.0,0.0,0.0,0.0,0.0,0.0,0.0,0.0,0.0,0.0,0.0,0.0,0.0,0.0,0.0,0.0,0.0,0.0,0.0,0.0,0.0,0.0,0.0,0.0,0.0,0.0,0.0,0.0,0.0,0.0,0.0,0.0,197773
0.6752519058923501,-1.0888757417471597,-0.027906140373192407,0.7641697608307808,-0.6755622278080391,-0.22941573387056183,-1.3652827553585742,1.3179572114522533,-1.5932182881787162,0.7552850168665942,-0.5368181637610334,1.3950242002346591,-1.0825847536282749,-0.09683822592056454,0.16848166181433727,-0.524303604236727,0.0,0.0,0.0,0.0,0.0,0.0,0.0,0.0,0.0,0.0,0.0,0.0,0.0,0.0,0.0,0.0,0.0,0.0,0.0,0.0,0.0,0.0,0.0,0.0,0.0,0.0,0.0,0.0,0.0,0.0,0.0,0.0,0.0,0.0,0.0,0.0,0.0,0.0,0.0,0.0,0.0,0.0,0.0,0.0,0.0,0.0,0.0,1.0,0.0,0.0,437594
-1.4404198619165796,-1.0888757417471597,-1.0474659616238386,-0.39605701638932916,-1.386680362342817,-0.22941573387056183,-1.3652827553585742,1.3179572114522533,-0.012840568968582357,-0.6523187978221204,-0.5368181637610334,-0.7209535829166943,1.5104714104164514,1.0336951863383874,-0.8922229966933399,-0.524303604236727,0.0,0.0,0.0,0.0,0.0,0.0,0.0,1.0,0.0,0.0,0.0,0.0,0.0,0.0,0.0,0.0,0.0,0.0,0.0,0.0,0.0,0.0,0.0,0.0,0.0,0.0,0.0,0.0,0.0,0.0,0.0,0.0,0.0,0.0,0.0,0.0,0.0,0.0,0.0,0.0,0.0,0.0,0.0,0.0,0.0,0.0,0.0,0.0,0.0,0.0,50000
-0.02997201671062649,1.5192098672280734,-1.0218538308484602,0.42914498382992794,0.035555906726738765,-0.22941573387056183,0.03680479828309378,-0.7781973992073942,-1.329822001643694,1.6561514582673715,-0.5368181637610334,1.357333798981906,-0.9394910825974072,0.2725355170719288,-0.865577275803292,-0.524303604236727,0.0,0.0,0.0,0.0,0.0,0.0,0.0,0.0,0.0,0.0,0.0,0.0,0.0,0.0,0.0,0.0,0.0,0.0,1.0,0.0,0.0,0.0,0.0,0.0,0.0,0.0,0.0,0.0,0.0,0.0,0.0,0.0,0.0,0.0,0.0,0.0,0.0,0.0,0.0,0.0,0.0,0.0,0.0,0.0,0.0,0.0,0.0,0.0,0.0,0.0,230022
-0.02997201671062649,1.0845289323988678,0.6370241778337508,0.11522254731203227,-1.386680362342817,-0.22941573387056183,0.03680479828309378,-1.47691560276061,-0.539633142038627,-0.2863418060030546,-0.5368181637610334,-1.0427716243825087,0.01591934086117628,1.6024597942354395,0.8602455695367355,-0.524303604236727,0.0,0.0,0.0,0.0,0.0,0.0,0.0,0.0,0.0,0.0,0.0,0.0,0.0,0.0,0.0,0.0,0.0,0.0,0.0,0.0,0.0,0.0,0.0,0.0,0.0,0.0,0.0,0.0,0.0,0.0,0.0,0.0,0.0,0.0,0.0,0.0,0.0,1.0,0.0,0.0,0.0,0.0,0.0,0.0,0.0,0.0,0.0,0.0,0.0,0.0,327928
-1.4404198619165796,0.21516706274045677,1.6762856381423805,0.0537242979045572,0.035555906726738765,-0.22941573387056183,0.03680479828309378,1.3179572114522533,-0.012840568968582357,-0.061125195652860245,-0.5368181637610334,-0.6675402627981478,1.5260224543782195,0.6235702738836577,1.37471294979843,0.9812715182096129,0.0,0.0,0.0,0.0,0.0,0.0,0.0,0.0,0.0,0.0,0.0,0.0,0.0,0.0,0.0,0.0,0.0,0.0,0.0,0.0,0.0,0.0,0.0,0.0,0.0,0.0,0.0,0.0,0.0,0.0,0.0,0.0,0.0,0.0,0.0,0.0,0.0,0.0,0.0,0.0,0.0,0.0,0.0,0.0,0.0,1.0,0.0,0.0,0.0,0.0,178224
0.6752519058923501,-0.6541948069179543,0.28929024846034196,-1.0847972148187968,0.035555906726738765,-0.22941573387056183,1.4388923519247618,0.6192390078990375,0.7773482906364846,-0.6523187978221204,-0.5368181637610334,-0.7636247669779965,1.285487166051892,1.128659911917497,0.4984786666833924,-0.524303604236727,0.0,0.0,0.0,0.0,0.0,0.0,0.0,0.0,0.0,0.0,0.0,0.0,0.0,0.0,0.0,0.0,0.0,0.0,0.0,0.0,0.0,0.0,0.0,0.0,0.0,0.0,0.0,0.0,0.0,0.0,0.0,0.0,0.0,0.0,0.0,0.0,0.0,0.0,0.0,0.0,0.0,0.0,0.0,1.0,0.0,0.0,0.0,0.0,0.0,0.0,250820
0.6752519058923501,0.6498479975696623,0.9660415501020753,-0.34882796864175847,0.7466740412615166,-0.22941573387056183,-0.6642389785377402,-1.47691560276061,-0.27623685550360466,-1.0745999422287347,-0.5368181637610334,-0.0806999718923638,-1.3802833801047343,0.45535471228031726,0.3006854308457289,1.8715483085169422,0.0,0.0,0.0,0.0,0.0,0.0,1.0,0.0,0.0,0.0,0.0,0.0,0.0,0.0,0.0,0.0,0.0,0.0,0.0,0.0,0.0,0.0,0.0,0.0,0.0,0.0,0.0,0.0,0.0,0.0,0.0,0.0,0.0,0.0,0.0,0.0,0.0,0.0,0.0,0.0,0.0,0.0,0.0,0.0,0.0,0.0,0.0,0.0,0.0,0.0,59389
1.3804758284953267,0.6498479975696623,0.7483384385113575,0.4410024894346372,-0.6755622278080391,-0.22941573387056183,0.7378485751039278,1.3179572114522533,-1.0664257151086716,1.1494140849794343,-0.5368181637610334,-1.4991451417210708,-0.547294759538116,-0.7132844706388937,-0.04775861156259017,2.195532828537041,0.0,0.0,0.0,0.0,0.0,0.0,0.0,0.0,0.0,0.0,0.0,0.0,0.0,0.0,0.0,0.0,0.0,0.0,0.0,0.0,0.0,0.0,0.0,0.0,0.0,0.0,0.0,0.0,0.0,0.0,0.0,0.0,0.0,0.0,0.0,0.0,0.0,0.0,0.0,0.0,0.0,1.0,0.0,0.0,0.0,0.0,0.0,0.0,0.0,0.0,50000
1.3804758284953267,1.5192098672280734,0.2794394289313502,0.20123970661399088,0.035555906726738765,-0.22941573387056183,0.03680479828309378,-0.07947919565417831,-1.329822001643694,-0.14558142453418313,-0.5368181637610334,0.6345627414278796,-0.567729564349681,0.942908837991132,0.48823031249491244,-0.524303604236727,0.0,0.0,0.0,0.0,0.0,0.0,0.0,0.0,0.0,0.0,0.0,0.0,0.0,0.0,0.0,0.0,0.0,0.0,0.0,0.0,0.0,0.0,0.0,0.0,0.0,0.0,0.0,0.0,1.0,0.0,0.0,0.0,0.0,0.0,0.0,0.0,0.0,0.0,0.0,0.0,0.0,0.0,0.0,0.0,0.0,0.0,0.0,0.0,0.0,0.0,272353
-0.02997201671062649,-0.6541948069179543,-0.6061492467250081,-0.7059599594818997,0.035555906726738765,-0.22941573387056183,-1.3652827553585742,-0.07947919565417831,-1.329822001643694,1.3464786190358544,-0.5368181637610334,1.3858803750786657,-0.5569756479615074,1.4439201130269854,-0.43309672904943713,-0.524303604236727,0.0,0.0,0.0,0.0,0.0,0.0,0.0,0.0,0.0,0.0,0.0,1.0,0.0,0.0,0.0,0.0,0.0,0.0,0.0,0.0,0.0,0.0,0.0,0.0,0.0,0.0,0.0,0.0,0.0,0.0,0.0,0.0,0.0,0.0,0.0,0.0,0.0,0.0,0.0,0.0,0.0,0.0,0.0,0.0,0.0,0.0,0.0,0.0,0.0,0.0,156070
0.6752519058923501,0.21516706274045677,-0.22492253095302742,-0.26321275868233235,1.4577921757962944,-0.22941573387056183,-0.6642389785377402,0.6192390078990375,-1.329822001643694,-0.2863418060030546,-0.5368181637610334,1.6287121220059197,1.6883067608047353,0.9899396049896022,-0.2250551390232937,-0.026075308743634357,0.0,0.0,0.0,0.0,0.0,0.0,0.0,0.0,0.0,0.0,0.0,0.0,0.0,0.0,0.0,0.0,0.0,0.0,0.0,0.0,0.0,0.0,0.0,0.0,0.0,0.0,0.0,0.0,1.0,0.0,0.0,0.0,0.0,0.0,0.0,0.0,0.0,0.0,0.0,0.0,0.0,0.0,0.0,0.0,0.0,0.0,0.0,0.0,0.0,0.0,145408
0.6752519058923501,-0.21951387208874876,-0.07223482825365529,-0.2764770869859054,1.4577921757962944,-0.22941573387056183,1.4388923519247618,-0.07947919565417831,0.7773482906364846,-1.3561207051664776,1.8153867273523625,1.5037465115406774,-0.6493246242561275,-1.0685101075615728,0.12236406796617738,-0.524303604236727,0.0,0.0,0.0,0.0,0.0,0.0,0.0,0.0,0.0,0.0,0.0,0.0,0.0,0.0,0.0,0.0,0.0,0.0,0.0,0.0,0.0,0.0,0.0,0.0,0.0,0.0,0.0,0.0,0.0,0.0,0.0,0.0,0.0,0.0,0.0,0.0,1.0,0.0,0.0,0.0,0.0,0.0,0.0,0.0,0.0,0.0,0.0,0.0,0.0,0.0,50000
-0.02997201671062649,-1.0888757417471597,-0.22886285876462412,-0.5005638454477835,0.7466740412615166,4.358898943540674,0.03680479828309378,-0.07947919565417831,-0.012840568968582357,1.1494140849794343,-0.5368181637610334,0.046830370019071775,1.3362781415535123,-0.7194101712020561,-0.4126000206724772,0.4612627507823961,0.0,0.0,0.0,0.0,0.0,0.0,0.0,0.0,0.0,0.0,0.0,0.0,0.0,0.0,0.0,0.0,0.0,0.0,0.0,1.0,0.0,0.0,0.0,0.0,0.0,0.0,0.0,0.0,0.0,0.0,0.0,0.0,0.0,0.0,0.0,0.0,0.0,0.0,0.0,0.0,0.0,0.0,0.0,0.0,0.0,0.0,0.0,0.0,0.0,0.0,457021
-0.735195939313603,0.6498479975696623,-0.26334072711609524,-1.078767974680809,0.035555906726738765,-0.22941573387056183,-1.3652827553585742,-0.7781973992073942,1.040744577171507,-1.2435123999913806,-0.5368181637610334,1.4456497687812564,1.2270726998414971,0.8901094484139028,-0.0764540032903341,-0.524303604236727,0.0,0.0,0.0,0.0,0.0,0.0,0.0,0.0,0.0,0.0,0.0,0.0,0.0,0.0,0.0,0.0,0.0,0.0,0.0,0.0,0.0,0.0,0.0,0.0,0.0,0.0,0.0,0.0,0.0,0.0,0.0,0.0,0.0,0.0,0.0,0.0,0.0,0.0,0.0,0.0,0.0,0.0,0.0,0.0,1.0,0.0,0.0,0.0,0.0,0.0,103770
0.6752519058923501,0.21516706274045677,-0.025935976467394057,1.4498953391912546,1.4577921757962944,-0.22941573387056183,0.03680479828309378,-0.7781973992073942,-1.5932182881787162,-1.1590561711100575,1.8406922102997916,1.5178711195052201,-0.43639427462095304,-0.03706959190759009,-0.1451179763531499,0.3142445652270573,0.0,0.0,0.0,0.0,0.0,0.0,0.0,0.0,0.0,0.0,0.0,0.0,0.0,0.0,0.0,0.0,0.0,0.0,0.0,0.0,0.0,0.0,0.0,0.0,0.0,0.0,0.0,0.0,0.0,0.0,1.0,0.0,0.0,0.0,0.0,0.0,0.0,0.0,0.0,0.0,0.0,0.0,0.0,0.0,0.0,0.0,0.0,0.0,0.0,0.0,210286
1.3804758284953267,0.21516706274045677,0.07946779249281767,0.5688223803599776,-0.6755622278080391,-0.22941573387056183,-0.6642389785377402,-0.7781973992073942,1.5675371502415514,0.1640914146973341,-0.5368181637610334,-0.5783322124957738,-0.5452824230337676,0.2512877195913206,0.28018872246876897,-0.524303604236727,0.0,0.0,0.0,0.0,0.0,0.0,0.0,0.0,0.0,0.0,1.0,0.0,0.0,0.0,0.0,0.0,0.0,0.0,0.0,0.0,0.0,0.0,0.0,0.0,0.0,0.0,0.0,0.0,0.0,0.0,0.0,0.0,0.0,0.0,0.0,0.0,0.0,0.0,0.0,0.0,0.0,0.0,0.0,0.0,0.0,0.0,0.0,0.0,0.0,0.0,774115
-0.02997201671062649,-1.0888757417471597,-2.774314625056092,-0.7160086930452126,0.035555906726738765,-0.22941573387056183,0.03680479828309378,0.6192390078990375,-1.5932182881787162,1.31832654274208,-0.5368181637610334,-0.8700053669635777,-0.9373868946071507,-0.1618075746676954,-2.688759485933879,-0.524303604236727,0.0,0.0,0.0,0.0,0.0,0.0,0.0,0.0,0.0,0.0,0.0,1.0,0.0,0.0,0.0,0.0,0.0,0.0,0.0,0.0,0.0,0.0,0.0,0.0,0.0,0.0,0.0,0.0,0.0,0.0,0.0,0.0,0.0,0.0,0.0,0.0,0.0,0.0,0.0,0.0,0.0,0.0,0.0,0.0,0.0,0.0,0.0,0.0,0.0,0.0,50000
-0.02997201671062649,-1.0888757417471597,-0.3795803975581979,-0.4143457114745587,0.7466740412615166,-0.22941573387056183,1.4388923519247618,-0.7781973992073942,-0.539633142038627,-0.511558416353249,-0.5368181637610334,0.33887522469646886,-0.8765664000002138,-0.390096644236109,-0.19738458271439777,-0.524303604236727,0.0,0.0,0.0,0.0,0.0,0.0,0.0,0.0,0.0,0.0,0.0,0.0,0.0,0.0,0.0,0.0,0.0,0.0,0.0,0.0,0.0,0.0,0.0,0.0,0.0,0.0,0.0,0.0,1.0,0.0,0.0,0.0,0.0,0.0,0.0,0.0,0.0,0.0,0.0,0.0,0.0,0.0,0.0,0.0,0.0,0.0,0.0,0.0,0.0,0.0,271268
-0.735195939313603,-0.21951387208874876,-0.38549088927559294,-0.9515510077692675,-0.6755622278080391,-0.22941573387056183,-0.6642389785377402,-0.7781973992073942,1.5675371502415514,-0.2863418060030546,-0.5368181637610334,0.6800960171030497,0.7135717339032779,0.10407410200714173,-0.867626946640988,1.2399146224273385,0.0,0.0,0.0,0.0,0.0,0.0,0.0,0.0,0.0,0.0,0.0,1.0,0.0,0.0,0.0,0.0,0.0,0.0,0.0,0.0,0.0,0.0,0.0,0.0,0.0,0.0,0.0,0.0,0.0,0.0,0.0,0.0,0.0,0.0,0.0,0.0,0.0,0.0,0.0,0.0,0.0,0.0,0.0,0.0,0.0,0.0,0.0,0.0,0.0,0.0,148764
-0.735195939313603,-1.0888757417471597,-1.646395788986537,-0.36631276504192295,-0.6755622278080391,-0.22941573387056183,0.03680479828309378,0.6192390078990375,0.7773482906364846,-0.45525426376570033,1.8069515663698863,1.2618811851583658,0.7127103521045008,-1.1229403197785754,-1.5153229313529224,-0.524303604236727,0.0,0.0,0.0,0.0,1.0,0.0,0.0,0.0,0.0,0.0,0.0,0.0,0.0,0.0,0.0,0.0,0.0,0.0,0.0,0.0,0.0,0.0,0.0,0.0,0.0,0.0,0.0,0.0,0.0,0.0,0.0,0.0,0.0,0.0,0.0,0.0,0.0,0.0,0.0,0.0,0.0,0.0,0.0,0.0,0.0,0.0,0.0,0.0,0.0,0.0,50000
-1.4404198619165796,-0.21951387208874876,-1.1075559607506884,-1.3918865125136397,1.4577921757962944,-0.22941573387056183,-0.6642389785377402,-0.07947919565417831,0.25055571756643996,1.6561514582673715,-0.5368181637610334,-0.4193932028737107,-0.8126890121458765,-0.17673841824931122,-1.3267532142848908,0.46398530977416164,0.0,0.0,0.0,0.0,0.0,0.0,0.0,0.0,0.0,0.0,0.0,0.0,0.0,0.0,0.0,0.0,0.0,0.0,0.0,0.0,0.0,0.0,0.0,0.0,0.0,0.0,0.0,0.0,0.0,0.0,0.0,0.0,0.0,0.0,0.0,0.0,0.0,0.0,0.0,0.0,1.0,0.0,0.0,0.0,0.0,0.0,0.0,0.0,0.0,0.0,50000
-1.4404198619165796,-1.5235566765763653,1.0379525326637151,0.17591689803444233,0.7466740412615166,-0.22941573387056183,-1.3652827553585742,0.6192390078990375,-1.329822001643694,1.6561514582673715,-0.5368181637610334,-1.542634066243478,-0.6419976078832925,0.9288762660530187,0.266865862023745,2.1601395616440886,0.0,0.0,0.0,0.0,0.0,0.0,0.0,0.0,0.0,0.0,0.0,0.0,0.0,0.0,0.0,0.0,0.0,0.0,0.0,0.0,0.0,0.0,0.0,0.0,0.0,0.0,0.0,0.0,0.0,0.0,0.0,0.0,0.0,0.0,0.0,0.0,0.0,0.0,0.0,0.0,0.0,0.0,0.0,1.0,0.0,0.0,0.0,0.0,0.0,0.0,316240
0.6752519058923501,1.0845289323988678,0.3592310671161834,-0.17217123259871728,0.7466740412615166,-0.22941573387056183,0.03680479828309378,-1.47691560276061,-0.8030294285736492,-0.6523187978221204,1.8539474632722543,1.585743577776943,1.0655653430879704,-1.3663112336724432,0.5712419814216002,-0.524303604236727,0.0,0.0,0.0,0.0,0.0,0.0,0.0,0.0,0.0,0.0,0.0,0.0,0.0,0.0,0.0,0.0,0.0,0.0,0.0,0.0,0.0,0.0,0.0,0.0,0.0,0.0,0.0,0.0,0.0,0.0,0.0,0.0,0.0,0.0,0.0,0.0,0.0,0.0,0.0,0.0,0.0,0.0,1.0,0.0,0.0,0.0,0.0,0.0,0.0,0.0,173040
-1.4404198619165796,-1.5235566765763653,1.0202210575115298,-0.2921531113446736,-0.6755622278080391,-0.22941573387056183,-1.3652827553585742,1.3179572114522533,-0.8030294285736492,-0.7367750267034433,-0.5368181637610334,-0.7457459868965625,-0.2947093448933792,0.8720002230749729,1.2589065474686063,-0.524303604236727,0.0,0.0,0.0,0.0,0.0,0.0,0.0,0.0,0.0,0.0,0.0,0.0,0.0,0.0,0.0,0.0,0.0,0.0,0.0,0.0,0.0,0.0,0.0,0.0,0.0,0.0,0.0,0.0,0.0,0.0,0.0,0.0,0.0,0.0,0.0,0.0,0.0,0.0,0.0,0.0,0.0,0.0,0.0,0.0,0.0,0.0,0.0,1.0,0.0,0.0,90696
0.6752519058923501,1.0845289323988678,-1.089824485598503,-1.7391707444617344,0.7466740412615166,-0.22941573387056183,1.4388923519247618,-0.7781973992073942,-0.539633142038627,1.0931099323918858,-0.5368181637610334,1.4404459658469513,-1.1501878968992059,1.3446452737341452,-1.1740527368765392,0.10733008185287676,0.0,0.0,0.0,0.0,0.0,0.0,0.0,0.0,0.0,0.0,0.0,0.0,0.0,0.0,0.0,0.0,0.0,0.0,0.0,0.0,0.0,0.0,0.0,0.0,0.0,0.0,0.0,0.0,0.0,0.0,0.0,0.0,0.0,0.0,0.0,0.0,0.0,0.0,0.0,1.0,0.0,0.0,0.0,0.0,0.0,0.0,0.0,0.0,0.0,0.0,157096
1.3804758284953267,-1.5235566765763653,0.3789327061741669,0.028803438667541148,-1.386680362342817,-0.22941573387056183,1.4388923519247618,-0.07947919565417831,1.5675371502415514,-0.9901437133474119,-0.5368181637610334,1.3168556461572039,0.08170862165097802,0.4343036070599313,-0.5745240168504607,2.5739685283924496,0.0,0.0,0.0,0.0,0.0,0.0,0.0,0.0,0.0,0.0,0.0,0.0,0.0,0.0,0.0,0.0,0.0,0.0,0.0,0.0,0.0,0.0,0.0,0.0,0.0,0.0,0.0,0.0,0.0,0.0,0.0,0.0,0.0,0.0,0.0,0.0,0.0,0.0,0.0,0.0,0.0,0.0,0.0,0.0,0.0,0.0,1.0,0.0,0.0,0.0,92515
-1.4404198619165796,0.21516706274045677,0.1888118892646261,0.3079572570563741,0.035555906726738765,-0.22941573387056183,-0.6642389785377402,-1.47691560276061,1.5675371502415514,0.92419747462924,-0.5368181637610334,-1.3781195534775166,-0.8266380191448085,0.7530567529358242,0.39394545396089664,-0.524303604236727,0.0,0.0,0.0,0.0,0.0,0.0,0.0,0.0,0.0,0.0,0.0,0.0,0.0,0.0,0.0,0.0,0.0,0.0,0.0,0.0,0.0,0.0,0.0,0.0,0.0,0.0,0.0,1.0,0.0,0.0,0.0,0.0,0.0,0.0,0.0,0.0,0.0,0.0,0.0,0.0,0.0,0.0,0.0,0.0,0.0,0.0,0.0,0.0,0.0,0.0,154740
-0.735195939313603,1.0845289323988678,1.4723736738922513,0.22354789512454556,-0.6755622278080391,-0.22941573387056183,-0.6642389785377402,0.6192390078990375,-0.539633142038627,-1.4968810866353492,-0.5368181637610334,-0.7651115678163695,-0.29488245500008897,0.5866546584249531,0.44108788322790454,2.895230489420783,0.0,0.0,0.0,0.0,0.0,0.0,0.0,0.0,0.0,0.0,0.0,0.0,0.0,0.0,0.0,0.0,0.0,0.0,0.0,0.0,0.0,0.0,0.0,0.0,0.0,0.0,0.0,0.0,0.0,0.0,0.0,1.0,0.0,0.0,0.0,0.0,0.0,0.0,0.0,0.0,0.0,0.0,0.0,0.0,0.0,0.0,0.0,0.0,0.0,0.0,173612
-1.4404198619165796,1.0845289323988678,-1.026779240612956,-0.5707040057197078,0.035555906726738765,-0.22941573387056183,0.03680479828309378,-0.7781973992073942,-0.8030294285736492,-1.187208247403832,-0.5368181637610334,-0.7638849571247118,1.056422530694884,-0.3949527099342261,-1.2047977994419792,0.3632506270788369,0.0,0.0,0.0,0.0,0.0,0.0,0.0,0.0,0.0,0.0,0.0,0.0,0.0,0.0,0.0,0.0,0.0,0.0,0.0,0.0,0.0,0.0,0.0,0.0,0.0,0.0,0.0,0.0,0.0,0.0,0.0,0.0,0.0,0.0,0.0,0.0,0.0,0.0,0.0,0.0,0.0,1.0,0.0,0.0,0.0,0.0,0.0,0.0,0.0,0.0,50000
0.6752519058923501,-0.6541948069179543,-0.7026872781091273,-1.1929215879600439,0.7466740412615166,4.358898943540674,0.7378485751039278,0.6192390078990375,-0.27623685550360466,0.5582204828101742,-0.5368181637610334,0.44722583579289404,1.2046414574545121,0.26856742179282,-0.5335306000965409,-0.524303604236727,0.0,0.0,0.0,0.0,0.0,0.0,0.0,0.0,0.0,0.0,0.0,0.0,0.0,0.0,0.0,0.0,0.0,0.0,0.0,0.0,0.0,0.0,0.0,0.0,0.0,0.0,0.0,0.0,0.0,0.0,0.0,0.0,0.0,0.0,0.0,1.0,0.0,0.0,0.0,0.0,0.0,0.0,0.0,0.0,0.0,0.0,0.0,0.0,0.0,0.0,139088
1.3804758284953267,0.21516706274045677,-1.1420338291021594,-0.23085583660846476,0.035555906726738765,-0.22941573387056183,0.7378485751039278,-1.47691560276061,0.7773482906364846,0.10778726210978551,-0.5368181637610334,-0.8425367214746383,1.1403629300740226,-1.4427244627393754,-1.1894252681592592,0.0011502811740209749,0.0,0.0,0.0,0.0,0.0,0.0,0.0,0.0,0.0,0.0,0.0,0.0,0.0,0.0,0.0,0.0,0.0,0.0,0.0,0.0,0.0,0.0,0.0,0.0,0.0,1.0,0.0,0.0,0.0,0.0,0.0,0.0,0.0,0.0,0.0,0.0,0.0,0.0,0.0,0.0,0.0,0.0,0.0,0.0,0.0,0.0,0.0,0.0,0.0,0.0,105294
0.6752519058923501,0.6498479975696623,-0.34707269311252514,0.6602658557861252,0.7466740412615166,-0.22941573387056183,-0.6642389785377402,1.3179572114522533,0.25055571756643996,-1.665793544397995,-0.5368181637610334,0.40351389114473074,-1.0043359552464841,0.7551262127021815,-0.3798052872693413,0.04743378403403504,0.0,0.0,0.0,0.0,0.0,0.0,0.0,0.0,0.0,0.0,0.0,0.0,0.0,0.0,0.0,0.0,0.0,0.0,0.0,0.0,0.0,0.0,0.0,1.0,0.0,0.0,0.0,0.0,0.0,0.0,0.0,0.0,0.0,0.0,0.0,0.0,0.0,0.0,0.0,0.0,0.0,0.0,0.0,0.0,0.0,0.0,0.0,0.0,0.0,0.0,83320
1.3804758284953267,-1.5235566765763653,-0.21901203923563237,-1.7413814658456632,-0.6755622278080391,-0.22941573387056183,0.7378485751039278,-0.07947919565417831,-1.0664257151086716,-0.3144938822968289,-0.5368181637610334,-0.016507345695613806,-1.2397932975800576,1.6546125966538063,-0.030336409442174216,-0.524303604236727,0.0,0.0,0.0,0.0,0.0,0.0,0.0,0.0,0.0,0.0,0.0,0.0,0.0,0.0,0.0,0.0,0.0,0.0,0.0,0.0,0.0,0.0,0.0,0.0,0.0,0.0,0.0,0.0,0.0,1.0,0.0,0.0,0.0,0.0,0.0,0.0,0.0,0.0,0.0,0.0,0.0,0.0,0.0,0.0,0.0,0.0,0.0,0.0,0.0,0.0,257987
0.6752519058923501,0.21516706274045677,0.35233549344588916,1.679006464434789,-0.6755622278080391,-0.22941573387056183,-0.6642389785377402,-0.07947919565417831,-1.329822001643694,-1.5813373155166721,-0.5368181637610334,-0.48615056051665395,-0.5733218569966737,1.6235112300782502,0.5640681334896642,-0.524303604236727,0.0,0.0,1.0,0.0,0.0,0.0,0.0,0.0,0.0,0.0,0.0,0.0,0.0,0.0,0.0,0.0,0.0,0.0,0.0,0.0,0.0,0.0,0.0,0.0,0.0,0.0,0.0,0.0,0.0,0.0,0.0,0.0,0.0,0.0,0.0,0.0,0.0,0.0,0.0,0.0,0.0,0.0,0.0,0.0,0.0,0.0,0.0,0.0,0.0,0.0,189131
0.6752519058923501,1.0845289323988678,-0.6869259668627405,-1.566332527172752,1.4577921757962944,4.358898943540674,-0.6642389785377402,0.6192390078990375,1.5675371502415514,-0.6804708741158947,-0.5368181637610334,-1.0037431023752201,1.0622881717350607,1.5163716909057032,-0.517133233394973,-0.524303604236727,0.0,0.0,0.0,0.0,1.0,0.0,0.0,0.0,0.0,0.0,0.0,0.0,0.0,0.0,0.0,0.0,0.0,0.0,0.0,0.0,0.0,0.0,0.0,0.0,0.0,0.0,0.0,0.0,0.0,0.0,0.0,0.0,0.0,0.0,0.0,0.0,0.0,0.0,0.0,0.0,0.0,0.0,0.0,0.0,0.0,0.0,0.0,0.0,0.0,0.0,252436
-1.4404198619165796,1.5192098672280734,-0.3992820366161814,1.7445242072675895,-0.6755622278080391,-0.22941573387056183,0.7378485751039278,-1.47691560276061,-0.539633142038627,-1.2435123999913806,-0.5368181637610334,-0.7552986822831084,0.3540217608938366,0.34123348364058287,-0.21788129109135773,-0.524303604236727,0.0,0.0,0.0,0.0,0.0,0.0,0.0,0.0,0.0,0.0,0.0,0.0,0.0,1.0,0.0,0.0,0.0,0.0,0.0,0.0,0.0,0.0,0.0,0.0,0.0,0.0,0.0,0.0,0.0,0.0,0.0,0.0,0.0,0.0,0.0,0.0,0.0,0.0,0.0,0.0,0.0,0.0,0.0,0.0,0.0,0.0,0.0,0.0,0.0,0.0,95514
-1.4404198619165796,-1.5235566765763653,0.6005761455764813,1.0507596420564653,-1.386680362342817,-0.22941573387056183,-0.6642389785377402,-0.7781973992073942,-0.27623685550360466,-1.2998165525789291,-0.5368181637610334,-1.1087484115853061,-1.4156041693688017,-1.4461752269076023,0.8223266590393595,-0.524303604236727,0.0,0.0,0.0,1.0,0.0,0.0,0.0,0.0,0.0,0.0,0.0,0.0,0.0,0.0,0.0,0.0,0.0,0.0,0.0,0.0,0.0,0.0,0.0,0.0,0.0,0.0,0.0,0.0,0.0,0.0,0.0,0.0,0.0,0.0,0.0,0.0,0.0,0.0,0.0,0.0,0.0,0.0,0.0,0.0,0.0,0.0,0.0,0.0,0.0,0.0,50000
0.6752519058923501,-0.6541948069179543,1.5964939999575474,-0.14001528519611595,1.4577921757962944,-0.22941573387056183,0.03680479828309378,-1.47691560276061,-0.27623685550360466,-1.187208247403832,-0.5368181637610334,-1.4943502090173182,-1.0578728773365815,-0.69505677275124,1.858435267494685,-0.524303604236727,0.0,0.0,0.0,0.0,0.0,0.0,0.0,0.0,0.0,0.0,0.0,0.0,0.0,0.0,0.0,0.0,0.0,1.0,0.0,0.0,0.0,0.0,0.0,0.0,0.0,0.0,0.0,0.0,0.0,0.0,0.0,0.0,0.0,0.0,0.0,0.0,0.0,0.0,0.0,0.0,0.0,0.0,0.0,0.0,0.0,0.0,0.0,0.0,0.0,0.0,428669
1.3804758284953267,0.6498479975696623,0.38484319789156196,0.32745180016920117,0.7466740412615166,-0.22941573387056183,0.7378485751039278,1.3179572114522533,-0.539633142038627,0.3611559487537541,1.8479223482847713,-0.6592885181451783,1.4087396419866738,-1.6127496465311435,0.5978877023116481,-0.524303604236727,0.0,0.0,0.0,0.0,0.0,0.0,0.0,0.0,0.0,0.0,0.0,0.0,0.0,0.0,0.0,0.0,0.0,0.0,0.0,0.0,0.0,0.0,0.0,0.0,0.0,0.0,0.0,0.0,0.0,0.0,0.0,0.0,0.0,0.0,0.0,0.0,0.0,0.0,0.0,1.0,0.0,0.0,0.0,0.0,0.0,0.0,0.0,0.0,0.0,0.0,50000
1.3804758284953267,-0.21951387208874876,-1.1134664524680833,-0.5699001070346428,0.7466740412615166,-0.22941573387056183,0.7378485751039278,1.3179572114522533,-0.539633142038627,0.5863725591039485,1.8997383371771257,-0.4936960747713964,0.11267545089602282,0.8326046893130334,-1.1535560284995792,-0.015185072776572224,0.0,0.0,0.0,0.0,0.0,0.0,0.0,0.0,0.0,0.0,0.0,0.0,0.0,0.0,0.0,0.0,0.0,0.0,0.0,0.0,0.0,0.0,0.0,0.0,0.0,0.0,0.0,0.0,0.0,0.0,0.0,0.0,0.0,0.0,0.0,1.0,0.0,0.0,0.0,0.0,0.0,0.0,0.0,0.0,0.0,0.0,0.0,0.0,0.0,0.0,222409
-0.735195939313603,1.5192098672280734,1.0990276137434638,-1.0669104690760998,-1.386680362342817,-0.22941573387056183,1.4388923519247618,-1.47691560276061,-0.539633142038627,0.19224349099110838,-0.5368181637610334,-1.527989077985505,-0.37619902952573653,-0.7253341374794895,1.340893380976446,-0.524303604236727,0.0,0.0,0.0,0.0,0.0,0.0,0.0,0.0,0.0,1.0,0.0,0.0,0.0,0.0,0.0,0.0,0.0,0.0,0.0,0.0,0.0,0.0,0.0,0.0,0.0,0.0,0.0,0.0,0.0,0.0,0.0,0.0,0.0,0.0,0.0,0.0,0.0,0.0,0.0,0.0,0.0,0.0,0.0,0.0,0.0,0.0,0.0,0.0,0.0,0.0,356450
-0.02997201671062649,-0.6541948069179543,-1.5833505440009898,1.3672947493008223,-0.6755622278080391,-0.22941573387056183,-1.3652827553585742,-0.07947919565417831,1.3041408637065293,-1.0745999422287347,-0.5368181637610334,-1.6357077987256217,1.4793317248581532,1.1439642946735167,-1.4497334645466504,-0.524303604236727,0.0,0.0,0.0,0.0,0.0,0.0,0.0,0.0,0.0,0.0,0.0,0.0,0.0,0.0,0.0,0.0,0.0,0.0,0.0,0.0,0.0,0.0,0.0,0.0,0.0,0.0,0.0,0.0,0.0,0.0,0.0,0.0,0.0,0.0,0.0,0.0,0.0,0.0,0.0,0.0,0.0,0.0,0.0,0.0,0.0,1.0,0.0,0.0,0.0,0.0,50000
-1.4404198619165796,1.5192098672280734,1.1995059729391797,1.6434339476206614,-1.386680362342817,-0.22941573387056183,-1.3652827553585742,1.3179572114522533,-0.27623685550360466,0.8678933220416915,-0.5368181637610334,0.3787214871648626,0.8096733408021777,1.4180172252996321,1.4454265936989419,-0.524303604236727,0.0,0.0,0.0,0.0,0.0,1.0,0.0,0.0,0.0,0.0,0.0,0.0,0.0,0.0,0.0,0.0,0.0,0.0,0.0,0.0,0.0,0.0,0.0,0.0,0.0,0.0,0.0,0.0,0.0,0.0,0.0,0.0,0.0,0.0,0.0,0.0,0.0,0.0,0.0,0.0,0.0,0.0,0.0,0.0,0.0,0.0,0.0,0.0,0.0,0.0,698408
1.3804758284953267,-1.0888757417471597,0.1297069720906756,-0.9242184524770564,-0.6755622278080391,-0.22941573387056183,-1.3652827553585742,-0.07947919565417831,-0.27623685550360466,0.6989808642790456,-0.5368181637610334,-0.9404425566814938,-0.8929611012805581,-0.357837878908515,0.3324553288300168,-0.524303604236727,0.0,0.0,0.0,0.0,0.0,0.0,0.0,0.0,0.0,0.0,0.0,0.0,0.0,0.0,0.0,0.0,0.0,0.0,0.0,0.0,0.0,0.0,0.0,0.0,0.0,0.0,0.0,0.0,0.0,0.0,0.0,0.0,0.0,0.0,0.0,0.0,0.0,0.0,0.0,0.0,0.0,0.0,0.0,1.0,0.0,0.0,0.0,0.0,0.0,0.0,158145
-0.02997201671062649,1.0845289323988678,-0.21113138361243897,1.423768631926641,0.035555906726738765,-0.22941573387056183,0.7378485751039278,-1.47691560276061,-1.0664257151086716,1.5435431530922745,1.8973282911821325,0.9605809952620974,-0.26653267132627395,-1.3669517072438024,-0.022137726091390236,-0.524303604236727,0.0,0.0,0.0,0.0,0.0,0.0,0.0,0.0,0.0,0.0,0.0,0.0,0.0,0.0,0.0,0.0,0.0,0.0,0.0,0.0,0.0,0.0,0.0,0.0,0.0,0.0,0.0,0.0,0.0,0.0,0.0,0.0,0.0,0.0,0.0,0.0,0.0,0.0,0.0,0.0,0.0,0.0,0.0,0.0,0.0,1.0,0.0,0.0,0.0,0.0,142646
0.6752519058923501,0.6498479975696623,0.24102123276828238,1.28308636204026,0.035555906726738765,-0.22941573387056183,-0.6642389785377402,0.6192390078990375,-1.5932182881787162,0.6145246353977227,-0.5368181637610334,0.5099688311722305,0.5731954698539039,0.6176647659746495,0.4482617311598405,-0.524303604236727,0.0,0.0,0.0,0.0,0.0,0.0,0.0,0.0,0.0,0.0,0.0,0.0,0.0,0.0,0.0,0.0,0.0,0.0,0.0,0.0,0.0,0.0,0.0,0.0,0.0,0.0,0.0,0.0,0.0,0.0,0.0,0.0,0.0,0.0,0.0,0.0,0.0,0.0,0.0,0.0,0.0,1.0,0.0,0.0,0.0,0.0,0.0,0.0,0.0,0.0,173478
0.6752519058923501,-1.5235566765763653,0.6291435222105574,0.6307225791099852,0.035555906726738765,-0.22941573387056183,0.7378485751039278,-0.07947919565417831,0.7773482906364846,-0.4271021874719261,-0.5368181637610334,-1.405253668777822,0.7156200854256023,-0.2599043194729718,0.8520468861859515,-0.524303604236727,0.0,0.0,0.0,0.0,0.0,0.0,0.0,0.0,0.0,1.0,0.0,0.0,0.0,0.0,0.0,0.0,0.0,0.0,0.0,0.0,0.0,0.0,0.0,0.0,0.0,0.0,0.0,0.0,0.0,0.0,0.0,0.0,0.0,0.0,0.0,0.0,0.0,0.0,0.0,0.0,0.0,0.0,0.0,0.0,0.0,0.0,0.0,0.0,0.0,0.0,104225
-0.735195939313603,-1.0888757417471597,0.22328975761609723,1.1038169552707575,-1.386680362342817,-0.22941573387056183,0.7378485751039278,0.6192390078990375,1.040744577171507,-1.1309040948162834,1.8527424402747577,1.411490519519639,0.18056429923590372,1.6615536944417926,0.42981469362057656,-0.524303604236727,0.0,0.0,0.0,0.0,0.0,0.0,0.0,0.0,0.0,0.0,0.0,0.0,0.0,0.0,0.0,0.0,0.0,0.0,0.0,0.0,0.0,0.0,0.0,0.0,0.0,0.0,0.0,0.0,0.0,0.0,0.0,0.0,0.0,0.0,0.0,0.0,0.0,0.0,0.0,0.0,0.0,0.0,0.0,0.0,0.0,0.0,1.0,0.0,0.0,0.0,164341
-1.4404198619165796,0.21516706274045677,-0.12345908980441239,-0.32350516006220986,0.7466740412615166,-0.22941573387056183,-0.6642389785377402,0.6192390078990375,1.040744577171507,-0.08927727194663454,-0.5368181637610334,-0.2116871257530164,0.42073106279555533,1.0550886132074673,0.06907262618608152,-0.524303604236727,0.0,0.0,0.0,1.0,0.0,0.0,0.0,0.0,0.0,0.0,0.0,0.0,0.0,0.0,0.0,0.0,0.0,0.0,0.0,0.0,0.0,0.0,0.0,0.0,0.0,0.0,0.0,0.0,0.0,0.0,0.0,0.0,0.0,0.0,0.0,0.0,0.0,0.0,0.0,0.0,0.0,0.0,0.0,0.0,0.0,0.0,0.0,0.0,0.0,0.0,247878
-0.735195939313603,1.0845289323988678,-0.6898812127214381,0.3555882541464774,-1.386680362342817,-0.22941573387056183,1.4388923519247618,0.6192390078990375,1.5675371502415514,1.3464786190358544,-0.5368181637610334,1.4015661239234998,-1.5718635470954212,0.8994753490826772,-0.5202077396515169,-0.524303604236727,0.0,0.0,0.0,0.0,0.0,0.0,0.0,0.0,0.0,0.0,0.0,0.0,0.0,0.0,0.0,0.0,0.0,0.0,0.0,0.0,0.0,0.0,0.0,0.0,0.0,1.0,0.0,0.0,0.0,0.0,0.0,0.0,0.0,0.0,0.0,0.0,0.0,0.0,0.0,0.0,0.0,0.0,0.0,0.0,0.0,0.0,0.0,0.0,0.0,0.0,143566
-0.02997201671062649,0.21516706274045677,0.9512653208085876,-1.0323428256183034,0.035555906726738765,-0.22941573387056183,0.7378485751039278,-0.7781973992073942,-0.012840568968582357,0.72713294057282,-0.5368181637610334,1.5294681660445286,0.32193935858513334,-0.9231642531956478,1.1871680681492465,-0.524303604236727,0.0,0.0,0.0,0.0,0.0,0.0,0.0,0.0,0.0,0.0,0.0,0.0,0.0,0.0,0.0,0.0,0.0,0.0,0.0,0.0,0.0,0.0,0.0,0.0,0.0,0.0,0.0,0.0,0.0,0.0,0.0,0.0,1.0,0.0,0.0,0.0,0.0,0.0,0.0,0.0,0.0,0.0,0.0,0.0,0.0,0.0,0.0,0.0,0.0,0.0,393276
0.6752519058923501,-0.21951387208874876,0.21836434785160136,0.19701923851739947,0.7466740412615166,-0.22941573387056183,-1.3652827553585742,-0.7781973992073942,-1.5932182881787162,1.1775661612732087,-0.5368181637610334,0.06207007861239401,0.8744951858123168,0.248044007139565,0.4246905165263366,-0.524303604236727,0.0,0.0,0.0,0.0,0.0,0.0,0.0,0.0,0.0,0.0,0.0,0.0,0.0,0.0,0.0,0.0,0.0,0.0,0.0,0.0,0.0,0.0,0.0,0.0,0.0,0.0,0.0,0.0,0.0,1.0,0.0,0.0,0.0,0.0,0.0,0.0,0.0,0.0,0.0,0.0,0.0,0.0,0.0,0.0,0.0,0.0,0.0,0.0,0.0,0.0,191730
-1.4404198619165796,1.0845289323988678,-2.005950701794736,-0.8520685454924696,-0.6755622278080391,-0.22941573387056183,0.03680479828309378,-0.7781973992073942,-1.5932182881787162,-1.7220976969855435,1.8816629922146766,0.0513279425551498,1.4249853439684246,-1.6682532985687963,-1.8893878592324413,-0.524303604236727,0.0,0.0,0.0,0.0,0.0,0.0,0.0,1.0,0.0,0.0,0.0,0.0,0.0,0.0,0.0,0.0,0.0,0.0,0.0,0.0,0.0,0.0,0.0,0.0,0.0,0.0,0.0,0.0,0.0,0.0,0.0,0.0,0.0,0.0,0.0,0.0,0.0,0.0,0.0,0.0,0.0,0.0,0.0,0.0,0.0,0.0,0.0,0.0,0.0,0.0,50000
-1.4404198619165796,0.6498479975696623,0.06764680905802757,-0.8450344319981505,-1.386680362342817,-0.22941573387056183,-0.6642389785377402,-0.07947919565417831,0.5139520041014622,0.1640914146973341,1.8744328542296969,-1.639313290758676,0.6845906055331504,-0.9550596785103379,0.267890697442593,-0.524303604236727,0.0,0.0,0.0,0.0,0.0,0.0,0.0,0.0,0.0,0.0,0.0,0.0,0.0,0.0,0.0,0.0,0.0,0.0,0.0,0.0,0.0,0.0,0.0,0.0,0.0,0.0,0.0,0.0,0.0,0.0,0.0,0.0,0.0,0.0,0.0,0.0,0.0,0.0,0.0,0.0,0.0,0.0,0.0,0.0,1.0,0.0,0.0,0.0,0.0,0.0,169423
-0.735195939313603,1.0845289323988678,1.4615377724103604,-0.18925407965634924,-1.386680362342817,-0.22941573387056183,0.03680479828309378,-0.7781973992073942,0.7773482906364846,1.4872390005047258,-0.5368181637610334,-0.6827428013705108,-0.9832670808071567,-1.5255553642659276,1.7180328151125093,-0.524303604236727,0.0,0.0,0.0,0.0,0.0,0.0,0.0,0.0,0.0,0.0,0.0,0.0,0.0,0.0,0.0,0.0,0.0,0.0,0.0,0.0,0.0,0.0,0.0,0.0,0.0,0.0,0.0,0.0,0.0,0.0,0.0,0.0,0.0,0.0,0.0,0.0,0.0,0.0,0.0,0.0,0.0,0.0,0.0,0.0,0.0,0.0,1.0,0.0,0.0,0.0,556479
1.3804758284953267,0.21516706274045677,1.5206426895843108,-0.48890731451434055,0.7466740412615166,-0.22941573387056183,-1.3652827553585742,1.3179572114522533,-1.329822001643694,1.4309348479171773,-0.5368181637610334,0.9541877516570939,-1.2689650358964208,0.588820165160578,1.779522940243389,-0.524303604236727,0.0,0.0,0.0,0.0,0.0,0.0,0.0,0.0,0.0,0.0,0.0,0.0,0.0,0.0,0.0,0.0,0.0,1.0,0.0,0.0,0.0,0.0,0.0,0.0,0.0,0.0,0.0,0.0,0.0,0.0,0.0,0.0,0.0,0.0,0.0,0.0,0.0,0.0,0.0,0.0,0.0,0.0,0.0,0.0,0.0,0.0,0.0,0.0,0.0,0.0,251626
0.6752519058923501,-1.5235566765763653,-1.195228254558715,-0.8862342396077335,1.4577921757962944,-0.22941573387056183,1.4388923519247618,-1.47691560276061,0.25055571756643996,0.72713294057282,-0.5368181637610334,-0.9096657793271747,-0.11833559162005546,0.7275725340597569,-1.0459483095205395,-0.524303604236727,0.0,0.0,0.0,0.0,0.0,0.0,0.0,0.0,0.0,0.0,0.0,0.0,0.0,0.0,0.0,0.0,0.0,0.0,0.0,0.0,0.0,0.0,0.0,0.0,0.0,0.0,0.0,0.0,0.0,0.0,0.0,0.0,0.0,0.0,0.0,0.0,0.0,0.0,0.0,1.0,0.0,0.0,0.0,0.0,0.0,0.0,0.0,0.0,0.0,0.0,136771
-0.02997201671062649,0.6498479975696623,-1.3636772685044738,0.37005843047764797,0.7466740412615166,-0.22941573387056183,-0.6642389785377402,1.3179572114522533,1.040744577171507,1.7124556108549203,-0.5368181637610334,1.5061253928820741,-1.4974957070274386,-1.4824979138105807,-1.2211951661435472,-0.524303604236727,0.0,0.0,0.0,0.0,0.0,0.0,0.0,0.0,0.0,0.0,0.0,0.0,0.0,0.0,0.0,0.0,0.0,0.0,0.0,0.0,0.0,0.0,0.0,0.0,0.0,0.0,0.0,0.0,1.0,0.0,0.0,0.0,0.0,0.0,0.0,0.0,0.0,0.0,0.0,0.0,0.0,0.0,0.0,0.0,0.0,0.0,0.0,0.0,0.0,0.0,115689
-1.4404198619165796,0.6498479975696623,1.9619594044831412,-1.4507720911946533,0.035555906726738765,-0.22941573387056183,0.7378485751039278,-1.47691560276061,0.7773482906364846,0.1359393384035598,-0.5368181637610334,-1.0389802822446579,-1.5806411461073977,0.25746269525366466,2.238649207887292,-0.524303604236727,0.0,0.0,0.0,0.0,0.0,0.0,0.0,0.0,0.0,0.0,0.0,0.0,0.0,0.0,0.0,0.0,0.0,0.0,0.0,0.0,0.0,0.0,0.0,0.0,0.0,0.0,0.0,0.0,0.0,0.0,0.0,0.0,0.0,0.0,0.0,1.0,0.0,0.0,0.0,0.0,0.0,0.0,0.0,0.0,0.0,0.0,0.0,0.0,0.0,0.0,106668
0.6752519058923501,-1.0888757417471597,-1.79809840973301,0.8923916010986537,0.7466740412615166,-0.22941573387056183,0.7378485751039278,-1.47691560276061,1.3041408637065293,-0.5960146452345718,-0.5368181637610334,1.1281806197676827,-0.0013340750904258852,-0.7286665732680466,-1.7541095839445056,-0.31194400287901536,0.0,0.0,0.0,0.0,0.0,0.0,0.0,0.0,0.0,1.0,0.0,0.0,0.0,0.0,0.0,0.0,0.0,0.0,0.0,0.0,0.0,0.0,0.0,0.0,0.0,0.0,0.0,0.0,0.0,0.0,0.0,0.0,0.0,0.0,0.0,0.0,0.0,0.0,0.0,0.0,0.0,0.0,0.0,0.0,0.0,0.0,0.0,0.0,0.0,0.0,50000
-0.02997201671062649,0.6498479975696623,-2.030577750617215,-1.3056683785404148,-1.386680362342817,-0.22941573387056183,0.03680479828309378,-0.07947919565417831,-1.329822001643694,1.1494140849794343,1.8756378772271933,-0.8921215294343745,1.370915166337513,0.468270153127429,-1.9150087447036412,-0.524303604236727,0.0,0.0,0.0,0.0,0.0,0.0,0.0,0.0,0.0,0.0,0.0,0.0,0.0,0.0,0.0,0.0,0.0,1.0,0.0,0.0,0.0,0.0,0.0,0.0,0.0,0.0,0.0,0.0,0.0,0.0,0.0,0.0,0.0,0.0,0.0,0.0,0.0,0.0,0.0,0.0,0.0,0.0,0.0,0.0,0.0,0.0,0.0,0.0,0.0,0.0,50000
1.3804758284953267,-1.5235566765763653,1.91566055269688,0.11441864862696724,-1.386680362342817,-0.22941573387056183,0.03680479828309378,0.6192390078990375,1.5675371502415514,0.24854764357865697,-0.5368181637610334,0.9613243956812839,1.5272375739110682,-1.0254212350292027,1.2138137890392946,2.070295114915826,0.0,0.0,0.0,0.0,0.0,0.0,0.0,0.0,0.0,0.0,0.0,0.0,0.0,0.0,0.0,0.0,0.0,0.0,0.0,0.0,0.0,0.0,0.0,0.0,0.0,0.0,0.0,0.0,0.0,0.0,0.0,0.0,0.0,0.0,0.0,0.0,0.0,0.0,0.0,0.0,0.0,0.0,0.0,0.0,0.0,0.0,0.0,0.0,1.0,0.0,340732
-1.4404198619165796,0.21516706274045677,0.7906969624860221,-2.333050898053528,-1.386680362342817,-0.22941573387056183,-1.3652827553585742,-0.07947919565417831,1.040744577171507,0.1640914146973341,-0.5368181637610334,-1.0850339382132586,-0.2597579418280712,1.4529709410101106,1.020119894877023,-0.524303604236727,0.0,0.0,0.0,0.0,0.0,0.0,0.0,0.0,0.0,0.0,0.0,0.0,0.0,0.0,0.0,0.0,0.0,0.0,0.0,0.0,0.0,0.0,0.0,0.0,0.0,0.0,0.0,0.0,0.0,0.0,0.0,0.0,0.0,0.0,0.0,0.0,0.0,0.0,0.0,0.0,0.0,0.0,0.0,0.0,0.0,1.0,0.0,0.0,0.0,0.0,361497
-0.735195939313603,-1.0888757417471597,-0.16877285963777444,-0.9557714758658589,-0.6755622278080391,-0.22941573387056183,-0.6642389785377402,-0.7781973992073942,-1.0664257151086716,1.5716952293860487,1.8985333141796292,-1.5104448280927047,-1.2093935366067432,1.4419476117939656,-0.7999878089970202,1.6591887071592306,0.0,0.0,0.0,0.0,0.0,0.0,0.0,0.0,0.0,0.0,0.0,0.0,0.0,0.0,0.0,0.0,0.0,0.0,0.0,0.0,0.0,0.0,0.0,0.0,0.0,0.0,0.0,0.0,0.0,1.0,0.0,0.0,0.0,0.0,0.0,0.0,0.0,0.0,0.0,0.0,0.0,0.0,0.0,0.0,0.0,0.0,0.0,0.0,0.0,0.0,104887
-1.4404198619165796,0.6498479975696623,-1.3321546460117002,-0.20754277474157876,1.4577921757962944,4.358898943540674,1.4388923519247618,-0.07947919565417831,-0.539633142038627,-0.6241667215283461,-0.5368181637610334,0.9559347426421821,1.0124308939307696,0.165554159091615,-1.1884004327404112,-0.524303604236727,0.0,0.0,0.0,0.0,0.0,0.0,0.0,0.0,0.0,0.0,0.0,0.0,0.0,0.0,0.0,0.0,0.0,0.0,0.0,0.0,1.0,0.0,0.0,0.0,0.0,0.0,0.0,0.0,0.0,0.0,0.0,0.0,0.0,0.0,0.0,0.0,0.0,0.0,0.0,0.0,0.0,0.0,0.0,0.0,0.0,0.0,0.0,0.0,0.0,0.0,72930
0.6752519058923501,-0.6541948069179543,-2.040428570146207,1.6146945696295865,-0.6755622278080391,-0.22941573387056183,1.4388923519247618,-0.07947919565417831,1.3041408637065293,-0.48340634005947464,-0.5368181637610334,0.37203088339218454,-0.2988058208904086,-0.08051752755262308,-1.9252570988921212,-0.524303604236727,0.0,1.0,0.0,0.0,0.0,0.0,0.0,0.0,0.0,0.0,0.0,0.0,0.0,0.0,0.0,0.0,0.0,0.0,0.0,0.0,0.0,0.0,0.0,0.0,0.0,0.0,0.0,0.0,0.0,0.0,0.0,0.0,0.0,0.0,0.0,0.0,0.0,0.0,0.0,0.0,0.0,0.0,0.0,0.0,0.0,0.0,0.0,0.0,0.0,0.0,50000
1.3804758284953267,1.5192098672280734,0.1927522170762228,-0.31124570511496813,-1.386680362342817,-0.22941573387056183,1.4388923519247618,-0.07947919565417831,-0.012840568968582357,1.599847305679823,-0.5368181637610334,1.3661430939492656,-0.6590164312725268,-0.706396078302783,0.39804479563628864,-0.524303604236727,0.0,0.0,0.0,0.0,0.0,0.0,0.0,0.0,0.0,0.0,0.0,0.0,0.0,0.0,0.0,0.0,1.0,0.0,0.0,0.0,0.0,0.0,0.0,0.0,0.0,0.0,0.0,0.0,0.0,0.0,0.0,0.0,0.0,0.0,0.0,0.0,0.0,0.0,0.0,0.0,0.0,0.0,0.0,0.0,0.0,0.0,0.0,0.0,0.0,0.0,264288
-1.4404198619165796,1.5192098672280734,1.1866999075514906,0.005289402129388912,0.7466740412615166,-0.22941573387056183,-1.3652827553585742,-0.07947919565417831,-0.539633142038627,-1.187208247403832,-0.5368181637610334,0.6656740489708325,-0.318341122421063,0.16706234299200737,1.432103733253918,-0.524303604236727,0.0,0.0,0.0,0.0,0.0,0.0,0.0,0.0,0.0,0.0,0.0,0.0,0.0,0.0,0.0,0.0,0.0,0.0,0.0,0.0,0.0,0.0,0.0,0.0,0.0,0.0,0.0,0.0,0.0,0.0,0.0,0.0,0.0,0.0,0.0,0.0,0.0,0.0,0.0,0.0,0.0,0.0,0.0,0.0,0.0,1.0,0.0,0.0,0.0,0.0,247996
-0.02997201671062649,-1.0888757417471597,1.870346782863518,-1.0277204081791795,-1.386680362342817,-0.22941573387056183,-0.6642389785377402,-1.47691560276061,0.25055571756643996,0.5300684065163999,1.8732278312322002,0.021517585745773136,-0.2612629333023333,-0.6433298126831504,0.995523844824671,2.522239907548905,0.0,0.0,0.0,0.0,1.0,0.0,0.0,0.0,0.0,0.0,0.0,0.0,0.0,0.0,0.0,0.0,0.0,0.0,0.0,0.0,0.0,0.0,0.0,0.0,0.0,0.0,0.0,0.0,0.0,0.0,0.0,0.0,0.0,0.0,0.0,0.0,0.0,0.0,0.0,0.0,0.0,0.0,0.0,0.0,0.0,0.0,0.0,0.0,0.0,0.0,779892
-0.735195939313603,-0.21951387208874876,1.3886417078958213,0.13672683713752193,0.035555906726738765,-0.22941573387056183,0.7378485751039278,1.3179572114522533,-0.539633142038627,-1.5250331629291234,-0.5368181637610334,0.9431482554321752,-0.6077077994620412,0.4323837201495287,1.085709361683295,0.951323369300192,0.0,0.0,1.0,0.0,0.0,0.0,0.0,0.0,0.0,0.0,0.0,0.0,0.0,0.0,0.0,0.0,0.0,0.0,0.0,0.0,0.0,0.0,0.0,0.0,0.0,0.0,0.0,0.0,0.0,0.0,0.0,0.0,0.0,0.0,0.0,0.0,0.0,0.0,0.0,0.0,0.0,0.0,0.0,0.0,0.0,0.0,0.0,0.0,0.0,0.0,154803
-0.02997201671062649,0.6498479975696623,1.5186725256785125,-0.09539890817500657,0.035555906726738765,-0.22941573387056183,-0.6642389785377402,1.3179572114522533,-0.539633142038627,1.6561514582673715,-0.5368181637610334,-0.986905082880647,-0.5684489008990509,-0.38837506809899836,1.777473269405693,-0.524303604236727,0.0,0.0,0.0,0.0,0.0,0.0,0.0,0.0,0.0,0.0,0.0,0.0,0.0,0.0,0.0,0.0,0.0,0.0,0.0,0.0,0.0,0.0,0.0,0.0,0.0,0.0,0.0,0.0,0.0,0.0,0.0,0.0,0.0,0.0,0.0,0.0,0.0,0.0,0.0,0.0,0.0,0.0,0.0,0.0,0.0,0.0,0.0,0.0,1.0,0.0,295997
-0.735195939313603,-0.6541948069179543,-0.024950894514494882,0.14597167201576983,-1.386680362342817,-0.22941573387056183,1.4388923519247618,-0.7781973992073942,-1.0664257151086716,-1.2435123999913806,1.8443072792922814,0.42347419239988693,1.4995592643147542,-0.21974064535028592,0.17155616807088125,-0.524303604236727,0.0,0.0,0.0,0.0,0.0,0.0,0.0,0.0,0.0,0.0,0.0,0.0,0.0,0.0,0.0,0.0,0.0,0.0,0.0,0.0,0.0,0.0,0.0,0.0,0.0,0.0,0.0,0.0,0.0,1.0,0.0,0.0,0.0,0.0,0.0,0.0,0.0,0.0,0.0,0.0,0.0,0.0,0.0,0.0,0.0,0.0,0.0,0.0,0.0,0.0,106493
0.6752519058923501,1.5192098672280734,0.295200740177737,0.40542997262050945,1.4577921757962944,-0.22941573387056183,-1.3652827553585742,-1.47691560276061,-0.8030294285736492,1.12126200868566,-0.5368181637610334,-0.9171369535399986,0.07880277463110687,-1.5673903561594256,0.018855690662529654,0.7634667988683702,0.0,0.0,0.0,0.0,0.0,0.0,0.0,0.0,0.0,0.0,0.0,0.0,0.0,0.0,0.0,0.0,0.0,0.0,0.0,0.0,0.0,0.0,0.0,0.0,0.0,0.0,0.0,0.0,0.0,0.0,0.0,0.0,0.0,0.0,0.0,0.0,0.0,0.0,0.0,0.0,1.0,0.0,0.0,0.0,0.0,0.0,0.0,0.0,0.0,0.0,50000
1.3804758284953267,1.0845289323988678,0.2646631996378626,0.14597167201576983,0.7466740412615166,-0.22941573387056183,0.03680479828309378,-0.7781973992073942,-0.539633142038627,1.4590869242109514,-0.5368181637610334,-0.7347064906716436,-0.7336533336517135,-0.7812399270971812,0.1520842951127693,0.32785736018588496,0.0,0.0,0.0,0.0,0.0,0.0,0.0,0.0,0.0,0.0,0.0,0.0,0.0,0.0,0.0,0.0,0.0,0.0,0.0,0.0,0.0,0.0,0.0,0.0,0.0,0.0,0.0,0.0,0.0,0.0,0.0,0.0,0.0,0.0,0.0,0.0,1.0,0.0,0.0,0.0,0.0,0.0,0.0,0.0,0.0,0.0,0.0,0.0,0.0,0.0,335015
0.6752519058923501,1.0845289323988678,-0.4317897410618542,-1.5605042617060305,0.7466740412615166,-0.22941573387056183,-0.6642389785377402,-0.07947919565417831,1.040744577171507,1.2057182375669828,-0.5368181637610334,0.3669385905207574,1.459641116334667,-1.3283140407650678,-0.2517008599133416,-0.524303604236727,0.0,0.0,0.0,0.0,0.0,0.0,0.0,0.0,0.0,0.0,0.0,0.0,0.0,0.0,0.0,0.0,0.0,0.0,0.0,0.0,0.0,0.0,0.0,0.0,0.0,0.0,0.0,0.0,0.0,0.0,0.0,0.0,0.0,0.0,0.0,0.0,0.0,0.0,0.0,0.0,0.0,0.0,1.0,0.0,0.0,0.0,0.0,0.0,0.0,0.0,429391
0.6752519058923501,-0.6541948069179543,-0.4948349860474014,0.643785932742292,-1.386680362342817,-0.22941573387056183,-1.3652827553585742,-0.07947919565417831,0.25055571756643996,0.27669971987243125,1.8479223482847713,-0.6589539879565444,0.8739593228523573,0.8913631927141903,-0.6472873315886686,0.3496378321200092,0.0,0.0,0.0,0.0,0.0,0.0,0.0,0.0,0.0,0.0,0.0,0.0,0.0,0.0,0.0,0.0,0.0,0.0,0.0,0.0,0.0,0.0,0.0,0.0,0.0,0.0,0.0,0.0,0.0,0.0,0.0,1.0,0.0,0.0,0.0,0.0,0.0,0.0,0.0,0.0,0.0,0.0,0.0,0.0,0.0,0.0,0.0,0.0,0.0,0.0,295707
-0.02997201671062649,-1.5235566765763653,-1.5025738238632576,0.10778648447518072,-0.6755622278080391,-0.22941573387056183,-1.3652827553585742,-0.7781973992073942,0.7773482906364846,-0.14558142453418313,-0.5368181637610334,0.6693167110248461,0.5000358021309596,0.1630387299581351,-1.3656969602011146,-0.524303604236727,0.0,0.0,0.0,0.0,0.0,0.0,0.0,0.0,0.0,0.0,0.0,0.0,0.0,0.0,0.0,0.0,0.0,0.0,0.0,0.0,0.0,0.0,0.0,0.0,0.0,0.0,0.0,0.0,0.0,0.0,0.0,0.0,0.0,0.0,1.0,0.0,0.0,0.0,0.0,0.0,0.0,0.0,0.0,0.0,0.0,0.0,0.0,0.0,0.0,0.0,50000
0.6752519058923501,-0.21951387208874876,-1.3163933347653134,-1.058469532882917,0.7466740412615166,-0.22941573387056183,-0.6642389785377402,1.3179572114522533,1.040744577171507,0.5863725591039485,-0.5368181637610334,-0.6403318074559238,1.2984400940311003,0.10470795628875339,-1.1720030660388432,-0.524303604236727,0.0,0.0,0.0,0.0,1.0,0.0,0.0,0.0,0.0,0.0,0.0,0.0,0.0,0.0,0.0,0.0,0.0,0.0,0.0,0.0,0.0,0.0,0.0,0.0,0.0,0.0,0.0,0.0,0.0,0.0,0.0,0.0,0.0,0.0,0.0,0.0,0.0,0.0,0.0,0.0,0.0,0.0,0.0,0.0,0.0,0.0,0.0,0.0,0.0,0.0,194685
-0.735195939313603,1.0845289323988678,-0.2180269572827332,1.1994808987934966,-1.386680362342817,-0.22941573387056183,-1.3652827553585742,1.3179572114522533,-0.012840568968582357,-0.061125195652860245,-0.5368181637610334,0.49632743348015906,1.5447712380179017,0.8002464725284902,-0.029311574023326216,-0.524303604236727,0.0,0.0,0.0,0.0,0.0,0.0,1.0,0.0,0.0,0.0,0.0,0.0,0.0,0.0,0.0,0.0,0.0,0.0,0.0,0.0,0.0,0.0,0.0,0.0,0.0,0.0,0.0,0.0,0.0,0.0,0.0,0.0,0.0,0.0,0.0,0.0,0.0,0.0,0.0,0.0,0.0,0.0,0.0,0.0,0.0,0.0,0.0,0.0,0.0,0.0,190480
-1.4404198619165796,-0.6541948069179543,1.1738938421638012,-1.3938962592263022,1.4577921757962944,-0.22941573387056183,0.7378485751039278,-1.47691560276061,-0.539633142038627,-1.102752018522509,-0.5368181637610334,0.36972634209270655,-1.621292615772655,-0.06880252222723102,1.418780872808894,-0.524303604236727,0.0,0.0,0.0,0.0,0.0,0.0,0.0,0.0,0.0,0.0,0.0,0.0,0.0,0.0,0.0,0.0,0.0,0.0,0.0,0.0,0.0,0.0,0.0,0.0,0.0,0.0,0.0,0.0,0.0,0.0,0.0,0.0,0.0,0.0,0.0,0.0,0.0,0.0,0.0,0.0,0.0,0.0,1.0,0.0,0.0,0.0,0.0,0.0,0.0,0.0,109583
-1.4404198619165796,-0.21951387208874876,-0.5312830183046708,0.33930930577391044,1.4577921757962944,-0.22941573387056183,1.4388923519247618,-0.7781973992073942,-1.0664257151086716,0.9805016272167886,-0.5368181637610334,-0.7214367931891655,0.4328174958005047,1.6674226922475188,-0.3552092372169894,-0.524303604236727,0.0,0.0,0.0,0.0,0.0,0.0,0.0,0.0,1.0,0.0,0.0,0.0,0.0,0.0,0.0,0.0,0.0,0.0,0.0,0.0,0.0,0.0,0.0,0.0,0.0,0.0,0.0,0.0,0.0,0.0,0.0,0.0,0.0,0.0,0.0,0.0,0.0,0.0,0.0,0.0,0.0,0.0,0.0,0.0,0.0,0.0,0.0,0.0,0.0,0.0,50000
1.3804758284953267,0.6498479975696623,1.1788192519282972,0.4259293890896678,0.7466740412615166,-0.22941573387056183,-1.3652827553585742,0.6192390078990375,-0.012840568968582357,0.5300684065163999,-0.5368181637610334,-0.31639507479542794,-0.6252659326218729,0.7415687689067885,1.423905049903134,-0.524303604236727,0.0,0.0,0.0,0.0,0.0,0.0,0.0,1.0,0.0,0.0,0.0,0.0,0.0,0.0,0.0,0.0,0.0,0.0,0.0,0.0,0.0,0.0,0.0,0.0,0.0,0.0,0.0,0.0,0.0,0.0,0.0,0.0,0.0,0.0,0.0,0.0,0.0,0.0,0.0,0.0,0.0,0.0,0.0,0.0,0.0,0.0,0.0,0.0,0.0,0.0,628085
1.3804758284953267,-1.5235566765763653,1.1128187610840523,-0.38359658677082115,1.4577921757962944,-0.22941573387056183,-0.6642389785377402,1.3179572114522533,-1.0664257151086716,1.2057182375669828,-0.5368181637610334,1.5594272029377427,-0.23573079521214535,1.5108411021694772,1.355241076840318,-0.524303604236727,0.0,0.0,0.0,0.0,0.0,0.0,0.0,0.0,0.0,0.0,0.0,0.0,1.0,0.0,0.0,0.0,0.0,0.0,0.0,0.0,0.0,0.0,0.0,0.0,0.0,0.0,0.0,0.0,0.0,0.0,0.0,0.0,0.0,0.0,0.0,0.0,0.0,0.0,0.0,0.0,0.0,0.0,0.0,0.0,0.0,0.0,0.0,0.0,0.0,0.0,256859
0.6752519058923501,-1.5235566765763653,-1.1479443208195546,1.641424200907999,0.035555906726738765,-0.22941573387056183,0.03680479828309378,1.3179572114522533,-0.27623685550360466,0.02333103322846263,-0.5368181637610334,0.8492196124679672,-0.9508135753405199,1.099899662270731,-0.9967562094158356,-0.524303604236727,0.0,0.0,0.0,0.0,0.0,0.0,0.0,0.0,0.0,0.0,0.0,0.0,0.0,0.0,0.0,0.0,0.0,0.0,0.0,0.0,0.0,0.0,0.0,0.0,0.0,0.0,0.0,0.0,0.0,0.0,0.0,0.0,0.0,0.0,0.0,0.0,0.0,0.0,1.0,0.0,0.0,0.0,0.0,0.0,0.0,0.0,0.0,0.0,0.0,0.0,134776
-0.02997201671062649,1.5192098672280734,-2.158638404494108,0.018754705104228227,0.035555906726738765,-0.22941573387056183,1.4388923519247618,-0.07947919565417831,0.25055571756643996,1.4872390005047258,-0.5368181637610334,0.8750899470556556,0.3494427866698708,-0.2380826307687644,-2.048237349153881,-0.524303604236727,0.0,0.0,0.0,0.0,0.0,0.0,0.0,0.0,0.0,0.0,0.0,0.0,0.0,1.0,0.0,0.0,0.0,0.0,0.0,0.0,0.0,0.0,0.0,0.0,0.0,0.0,0.0,0.0,0.0,0.0,0.0,0.0,0.0,0.0,0.0,0.0,0.0,0.0,0.0,0.0,0.0,0.0,0.0,0.0,0.0,0.0,0.0,0.0,0.0,0.0,50000
1.3804758284953267,-1.0888757417471597,-0.12838449956890827,0.04407751368377679,-1.386680362342817,-0.22941573387056183,-1.3652827553585742,0.6192390078990375,0.25055571756643996,-1.1590561711100575,-0.5368181637610334,1.5802424146749632,-0.33854293050544176,-1.0148461314606314,0.06394844909184154,-0.524303604236727,0.0,0.0,0.0,0.0,0.0,0.0,0.0,0.0,0.0,0.0,0.0,0.0,0.0,0.0,0.0,0.0,0.0,0.0,0.0,0.0,0.0,0.0,0.0,0.0,0.0,0.0,0.0,0.0,0.0,0.0,1.0,0.0,0.0,0.0,0.0,0.0,0.0,0.0,0.0,0.0,0.0,0.0,0.0,0.0,0.0,0.0,0.0,0.0,0.0,0.0,86610
-0.02997201671062649,-1.0888757417471597,0.689233521337407,-0.6830488469575462,0.7466740412615166,-0.22941573387056183,0.03680479828309378,1.3179572114522533,1.040744577171507,-1.4968810866353492,-0.5368181637610334,1.4969443977051216,0.7442554162937997,0.21487497596582367,0.9145618467356793,-0.524303604236727,0.0,0.0,0.0,0.0,0.0,0.0,0.0,0.0,0.0,0.0,0.0,0.0,0.0,0.0,0.0,0.0,0.0,0.0,0.0,0.0,0.0,0.0,0.0,0.0,0.0,0.0,0.0,0.0,0.0,0.0,0.0,0.0,0.0,0.0,0.0,0.0,0.0,0.0,0.0,0.0,0.0,0.0,0.0,0.0,0.0,0.0,0.0,0.0,1.0,0.0,165769
1.3804758284953267,0.21516706274045677,1.3738654786023337,0.3437307485417681,-1.386680362342817,4.358898943540674,1.4388923519247618,0.6192390078990375,0.25055571756643996,-0.7930791792909918,-0.5368181637610334,1.422901715954151,0.35688461090858536,-0.0024488301793495677,1.6268224628350374,-0.524303604236727,0.0,0.0,0.0,0.0,0.0,0.0,0.0,0.0,0.0,0.0,0.0,0.0,0.0,0.0,0.0,0.0,0.0,0.0,0.0,0.0,0.0,1.0,0.0,0.0,0.0,0.0,0.0,0.0,0.0,0.0,0.0,0.0,0.0,0.0,0.0,0.0,0.0,0.0,0.0,0.0,0.0,0.0,0.0,0.0,0.0,0.0,0.0,0.0,0.0,0.0,50000
-1.4404198619165796,-1.5235566765763653,1.3994776093777124,1.021819289394124,-1.386680362342817,4.358898943540674,-1.3652827553585742,1.3179572114522533,-0.539633142038627,0.1359393384035598,-0.5368181637610334,-1.597125316969845,0.23876183232062728,0.7936931232866687,1.6534681837250853,-0.524303604236727,0.0,0.0,0.0,0.0,0.0,0.0,0.0,0.0,0.0,0.0,0.0,0.0,0.0,0.0,0.0,0.0,0.0,0.0,0.0,0.0,0.0,0.0,0.0,0.0,0.0,0.0,0.0,0.0,1.0,0.0,0.0,0.0,0.0,0.0,0.0,0.0,0.0,0.0,0.0,0.0,0.0,0.0,0.0,0.0,0.0,0.0,0.0,0.0,0.0,0.0,695951
1.3804758284953267,-0.6541948069179543,0.044989924141346546,0.5453083438218254,1.4577921757962944,-0.22941573387056183,0.03680479828309378,-0.07947919565417831,-0.539633142038627,0.10778726210978551,-0.5368181637610334,-1.641023111722805,-0.9413151065555059,0.08812933432609114,0.24431948280908905,-0.524303604236727,0.0,0.0,0.0,0.0,0.0,0.0,0.0,0.0,0.0,0.0,0.0,0.0,0.0,0.0,0.0,0.0,0.0,0.0,0.0,0.0,0.0,0.0,0.0,0.0,0.0,1.0,0.0,0.0,0.0,0.0,0.0,0.0,0.0,0.0,0.0,0.0,0.0,0.0,0.0,0.0,0.0,0.0,0.0,0.0,0.0,0.0,0.0,0.0,0.0,0.0,374057
0.6752519058923501,-1.5235566765763653,-2.29950512375869,-0.2567815692018121,0.7466740412615166,-0.22941573387056183,0.03680479828309378,-0.7781973992073942,-0.539633142038627,1.6279993819735974,-0.5368181637610334,-0.8898541581558559,0.6017560134482927,-1.0737617005156197,-2.194788814049144,-0.524303604236727,0.0,0.0,0.0,0.0,0.0,0.0,0.0,0.0,0.0,0.0,0.0,0.0,0.0,0.0,0.0,0.0,0.0,0.0,0.0,0.0,0.0,0.0,0.0,0.0,0.0,0.0,0.0,0.0,0.0,0.0,0.0,0.0,0.0,0.0,0.0,0.0,0.0,0.0,0.0,0.0,0.0,0.0,0.0,0.0,0.0,0.0,0.0,0.0,0.0,1.0,50000
1.3804758284953267,-0.21951387208874876,0.24693172448567743,0.45909020984860044,-1.386680362342817,-0.22941573387056183,0.03680479828309378,0.6192390078990375,-1.5932182881787162,-1.187208247403832,1.8117716583598726,0.6509547206709408,1.5391696119927274,1.455373921761816,0.4544107436729285,-0.524303604236727,0.0,0.0,0.0,0.0,0.0,0.0,0.0,1.0,0.0,0.0,0.0,0.0,0.0,0.0,0.0,0.0,0.0,0.0,0.0,0.0,0.0,0.0,0.0,0.0,0.0,0.0,0.0,0.0,0.0,0.0,0.0,0.0,0.0,0.0,0.0,0.0,0.0,0.0,0.0,0.0,0.0,0.0,0.0,0.0,0.0,0.0,0.0,0.0,0.0,0.0,50000
0.6752519058923501,-1.5235566765763653,-0.6465376067938744,1.3751327614802065,-0.6755622278080391,-0.22941573387056183,0.03680479828309378,-1.47691560276061,-0.27623685550360466,-0.9338395607598633,-0.5368181637610334,-1.3888245195138014,-0.9851169494319076,0.17315237881143475,-0.475114981222205,-0.524303604236727,0.0,0.0,0.0,0.0,0.0,0.0,0.0,0.0,0.0,0.0,0.0,0.0,0.0,0.0,0.0,0.0,0.0,0.0,0.0,0.0,0.0,0.0,0.0,0.0,0.0,1.0,0.0,0.0,0.0,0.0,0.0,0.0,0.0,0.0,0.0,0.0,0.0,0.0,0.0,0.0,0.0,0.0,0.0,0.0,0.0,0.0,0.0,0.0,0.0,0.0,84497
0.6752519058923501,-1.0888757417471597,-0.5559100671271503,-0.5869829540922747,0.7466740412615166,-0.22941573387056183,1.4388923519247618,1.3179572114522533,0.25055571756643996,0.8960453983354657,1.8985333141796292,-0.017399426198637546,0.4347514216276586,-0.23487667778630333,-0.3808301226881893,-0.524303604236727,0.0,0.0,0.0,0.0,0.0,0.0,0.0,0.0,0.0,0.0,0.0,0.0,0.0,0.0,0.0,0.0,0.0,0.0,0.0,0.0,1.0,0.0,0.0,0.0,0.0,0.0,0.0,0.0,0.0,0.0,0.0,0.0,0.0,0.0,0.0,0.0,0.0,0.0,0.0,0.0,0.0,0.0,0.0,0.0,0.0,0.0,0.0,0.0,0.0,0.0,155328
-1.4404198619165796,1.0845289323988678,-0.18748941674285877,-1.7821793241127135,-1.386680362342817,4.358898943540674,-1.3652827553585742,-0.7781973992073942,-1.0664257151086716,1.2338703138607572,-0.5368181637610334,1.1388855858039675,-0.6311456124719831,-0.31098978945849504,-0.7395225192849884,1.446829105801519,0.0,0.0,0.0,0.0,0.0,0.0,0.0,0.0,1.0,0.0,0.0,0.0,0.0,0.0,0.0,0.0,0.0,0.0,0.0,0.0,0.0,0.0,0.0,0.0,0.0,0.0,0.0,0.0,0.0,0.0,0.0,0.0,0.0,0.0,0.0,0.0,0.0,0.0,0.0,0.0,0.0,0.0,0.0,0.0,0.0,0.0,0.0,0.0,0.0,0.0,232812
0.6752519058923501,1.0845289323988678,-0.16877285963777444,0.9753941403316184,0.7466740412615166,-0.22941573387056183,-1.3652827553585742,-0.7781973992073942,1.5675371502415514,-0.8493833318785404,-0.5368181637610334,-1.1905967977377345,-0.35359102541471144,0.13862384587343846,-0.6800820649918045,1.3406493051226633,0.0,0.0,0.0,0.0,0.0,0.0,0.0,0.0,0.0,0.0,0.0,0.0,0.0,0.0,0.0,0.0,0.0,0.0,0.0,0.0,0.0,0.0,0.0,0.0,0.0,0.0,0.0,0.0,0.0,0.0,0.0,0.0,0.0,0.0,0.0,0.0,0.0,1.0,0.0,0.0,0.0,0.0,0.0,0.0,0.0,0.0,0.0,0.0,0.0,0.0,56373
1.3804758284953267,-0.21951387208874876,-2.0266374228056185,-0.6551133676515363,-1.386680362342817,-0.22941573387056183,0.03680479828309378,1.3179572114522533,-0.27623685550360466,0.6708287879852713,-0.5368181637610334,-0.7255998355366097,-0.2022223369646937,0.9630809060218173,-1.9109094030282492,-0.524303604236727,0.0,0.0,0.0,0.0,0.0,0.0,0.0,0.0,0.0,0.0,0.0,1.0,0.0,0.0,0.0,0.0,0.0,0.0,0.0,0.0,0.0,0.0,0.0,0.0,0.0,0.0,0.0,0.0,0.0,0.0,0.0,0.0,0.0,0.0,0.0,0.0,0.0,0.0,0.0,0.0,0.0,0.0,0.0,0.0,0.0,0.0,0.0,0.0,0.0,0.0,50000
1.3804758284953267,0.6498479975696623,0.39272385351475536,0.38231788542488976,1.4577921757962944,-0.22941573387056183,0.7378485751039278,1.3179572114522533,1.5675371502415514,-0.004821043065311664,1.8732278312322002,0.11808530019809306,1.40691551325824,1.1060797067484551,-0.5325057646776928,2.497736876623015,0.0,0.0,0.0,0.0,0.0,1.0,0.0,0.0,0.0,0.0,0.0,0.0,0.0,0.0,0.0,0.0,0.0,0.0,0.0,0.0,0.0,0.0,0.0,0.0,0.0,0.0,0.0,0.0,0.0,0.0,0.0,0.0,0.0,0.0,0.0,0.0,0.0,0.0,0.0,0.0,0.0,0.0,0.0,0.0,0.0,0.0,0.0,0.0,0.0,0.0,475083
0.6752519058923501,-1.0888757417471597,1.5107918700553191,-0.6293886097294552,1.4577921757962944,-0.22941573387056183,-0.6642389785377402,0.6192390078990375,-0.27623685550360466,-1.6094893918104463,-0.5368181637610334,-0.11218297964490999,0.29700232278584904,-0.25259365982212134,0.1572084722070093,3.758281689810457,0.0,0.0,0.0,0.0,0.0,0.0,0.0,0.0,0.0,0.0,0.0,1.0,0.0,0.0,0.0,0.0,0.0,0.0,0.0,0.0,0.0,0.0,0.0,0.0,0.0,0.0,0.0,0.0,0.0,0.0,0.0,0.0,0.0,0.0,0.0,0.0,0.0,0.0,0.0,0.0,0.0,0.0,0.0,0.0,0.0,0.0,0.0,0.0,0.0,0.0,450004
1.3804758284953267,1.0845289323988678,-1.5764549703306956,0.5260147753802645,0.7466740412615166,-0.22941573387056183,-1.3652827553585742,0.6192390078990375,-0.8030294285736492,-0.8212312555847662,-0.5368181637610334,-0.55933833178556,0.8359868320178603,-1.4930931137830104,-1.4425596166147145,-0.524303604236727,0.0,0.0,0.0,0.0,0.0,0.0,0.0,0.0,0.0,0.0,0.0,0.0,0.0,0.0,0.0,0.0,0.0,0.0,0.0,0.0,0.0,0.0,0.0,0.0,0.0,0.0,0.0,0.0,0.0,0.0,0.0,0.0,0.0,0.0,0.0,0.0,0.0,0.0,0.0,0.0,0.0,0.0,0.0,0.0,0.0,0.0,0.0,1.0,0.0,0.0,64096
1.3804758284953267,-0.6541948069179543,0.12379648037328056,1.0867341082131254,-0.6755622278080391,-0.22941573387056183,-1.3652827553585742,0.6192390078990375,-1.329822001643694,0.05148310952223692,1.8997383371771257,-0.8448412627741163,-0.9235199725369537,0.27775697570281976,0.32630631631692886,-0.524303604236727,0.0,0.0,0.0,0.0,0.0,0.0,0.0,0.0,0.0,0.0,0.0,0.0,0.0,0.0,0.0,0.0,0.0,0.0,0.0,0.0,0.0,0.0,0.0,0.0,0.0,0.0,0.0,0.0,0.0,0.0,0.0,0.0,0.0,0.0,0.0,0.0,0.0,0.0,0.0,0.0,0.0,0.0,0.0,0.0,0.0,0.0,0.0,0.0,1.0,0.0,75141
-0.02997201671062649,-1.0888757417471597,0.3385443461053007,0.3983958591261904,-1.386680362342817,-0.22941573387056183,1.4388923519247618,-0.07947919565417831,0.7773482906364846,0.24854764357865697,-0.5368181637610334,0.5736410770755499,-0.23857414254966122,1.3674195999111634,-0.056982130332222145,1.0847287598967033,0.0,0.0,0.0,0.0,0.0,0.0,0.0,0.0,0.0,0.0,0.0,0.0,0.0,0.0,0.0,1.0,0.0,0.0,0.0,0.0,0.0,0.0,0.0,0.0,0.0,0.0,0.0,0.0,0.0,0.0,0.0,0.0,0.0,0.0,0.0,0.0,0.0,0.0,0.0,0.0,0.0,0.0,0.0,0.0,0.0,0.0,0.0,0.0,0.0,0.0,83183
-0.735195939313603,1.0845289323988678,-0.3480577750654243,-1.771527666535602,-0.6755622278080391,-0.22941573387056183,0.7378485751039278,-1.47691560276061,1.5675371502415514,0.6426767116914971,-0.5368181637610334,-0.5429463525424988,0.02729421974739232,1.2351858819929302,-0.6975042671122205,0.8914270714813504,0.0,0.0,0.0,1.0,0.0,0.0,0.0,0.0,0.0,0.0,0.0,0.0,0.0,0.0,0.0,0.0,0.0,0.0,0.0,0.0,0.0,0.0,0.0,0.0,0.0,0.0,0.0,0.0,0.0,0.0,0.0,0.0,0.0,0.0,0.0,0.0,0.0,0.0,0.0,0.0,0.0,0.0,0.0,0.0,0.0,0.0,0.0,0.0,0.0,0.0,316945
-1.4404198619165796,1.5192098672280734,0.5069933600510597,0.7937130375069208,1.4577921757962944,4.358898943540674,0.7378485751039278,-1.47691560276061,-0.012840568968582357,-1.4687290103415749,-0.5368181637610334,-1.185467334845348,1.337094803025413,0.9449700411590363,0.7249672942487998,-0.524303604236727,0.0,0.0,0.0,0.0,0.0,0.0,0.0,0.0,0.0,0.0,0.0,0.0,0.0,0.0,0.0,0.0,0.0,0.0,0.0,0.0,0.0,0.0,1.0,0.0,0.0,0.0,0.0,0.0,0.0,0.0,0.0,0.0,0.0,0.0,0.0,0.0,0.0,0.0,0.0,0.0,0.0,0.0,0.0,0.0,0.0,0.0,0.0,0.0,0.0,0.0,150181
-1.4404198619165796,-1.5235566765763653,-2.016786603276627,0.7553268752950654,1.4577921757962944,-0.22941573387056183,-1.3652827553585742,1.3179572114522533,1.5675371502415514,0.3893080250475284,-0.5368181637610334,0.886092273259615,1.204102990996683,-0.12953941682626186,-1.9006610488397693,-0.524303604236727,0.0,0.0,0.0,0.0,0.0,0.0,0.0,0.0,0.0,0.0,0.0,0.0,0.0,0.0,0.0,0.0,0.0,0.0,0.0,0.0,0.0,1.0,0.0,0.0,0.0,0.0,0.0,0.0,0.0,0.0,0.0,0.0,0.0,0.0,0.0,0.0,0.0,0.0,0.0,0.0,0.0,0.0,0.0,0.0,0.0,0.0,0.0,0.0,0.0,0.0,50000
-1.4404198619165796,1.0845289323988678,0.7414428648410634,-0.2001067119047272,0.035555906726738765,-0.22941573387056183,0.03680479828309378,1.3179572114522533,1.3041408637065293,1.5153910767985002,-0.5368181637610334,0.2263987412735589,-0.6927704909490929,-0.3778292376366386,0.9688781239346231,-0.524303604236727,0.0,0.0,0.0,0.0,0.0,0.0,0.0,0.0,0.0,0.0,0.0,0.0,0.0,0.0,0.0,0.0,0.0,0.0,0.0,0.0,0.0,0.0,0.0,0.0,0.0,0.0,0.0,0.0,0.0,0.0,0.0,0.0,0.0,0.0,0.0,0.0,0.0,0.0,0.0,0.0,0.0,0.0,0.0,0.0,0.0,0.0,0.0,0.0,1.0,0.0,66352
1.3804758284953267,0.6498479975696623,-0.35396826678281934,0.5889198474866034,0.035555906726738765,-0.22941573387056183,1.4388923519247618,0.6192390078990375,-0.012840568968582357,0.6708287879852713,-0.5368181637610334,1.241400503609779,1.5008703651916901,-0.18403280922413168,-0.17073886182434986,-0.524303604236727,0.0,0.0,0.0,0.0,0.0,0.0,0.0,0.0,0.0,0.0,0.0,0.0,0.0,0.0,0.0,0.0,0.0,0.0,0.0,0.0,0.0,0.0,0.0,0.0,0.0,0.0,0.0,0.0,0.0,0.0,0.0,0.0,0.0,0.0,0.0,0.0,0.0,1.0,0.0,0.0,0.0,0.0,0.0,0.0,0.0,0.0,0.0,0.0,0.0,0.0,129383
-0.02997201671062649,-1.5235566765763653,1.3285517087689718,-0.16614199246072953,0.035555906726738765,-0.22941573387056183,-1.3652827553585742,-0.7781973992073942,1.040744577171507,-1.2998165525789291,1.7876711984099405,-0.129355529328117,-1.587497868448567,-1.243522324797893,1.021144730295871,0.9567684872837231,0.0,0.0,0.0,0.0,0.0,0.0,0.0,0.0,0.0,0.0,0.0,0.0,0.0,0.0,0.0,0.0,0.0,0.0,0.0,0.0,0.0,0.0,0.0,0.0,0.0,0.0,0.0,1.0,0.0,0.0,0.0,0.0,0.0,0.0,0.0,0.0,0.0,0.0,0.0,0.0,0.0,0.0,0.0,0.0,0.0,0.0,0.0,0.0,0.0,0.0,185979
-1.4404198619165796,0.21516706274045677,-0.25546007149290184,-0.2228168497578144,1.4577921757962944,-0.22941573387056183,0.03680479828309378,-1.47691560276061,-0.539633142038627,0.92419747462924,1.8876881072021596,1.0450312828816781,-1.3454492244485219,0.37479240913759915,-0.5058600437876449,0.6382290852471557,0.0,0.0,0.0,0.0,0.0,0.0,0.0,0.0,0.0,0.0,0.0,0.0,0.0,0.0,0.0,0.0,0.0,0.0,0.0,0.0,0.0,0.0,0.0,1.0,0.0,0.0,0.0,0.0,0.0,0.0,0.0,0.0,0.0,0.0,0.0,0.0,0.0,0.0,0.0,0.0,0.0,0.0,0.0,0.0,0.0,0.0,0.0,0.0,0.0,0.0,271809
-1.4404198619165796,-0.21951387208874876,1.7944954724902815,-0.7670562595468422,1.4577921757962944,-0.22941573387056183,1.4388923519247618,-0.07947919565417831,1.5675371502415514,-1.665793544397995,1.7997214283849066,1.0751018298377701,1.2923197001457816,1.2569202268247621,2.0644271866831323,-0.524303604236727,0.0,0.0,0.0,0.0,0.0,0.0,0.0,0.0,0.0,0.0,0.0,0.0,0.0,0.0,0.0,0.0,0.0,0.0,0.0,0.0,0.0,0.0,0.0,0.0,0.0,0.0,0.0,0.0,0.0,0.0,0.0,0.0,1.0,0.0,0.0,0.0,0.0,0.0,0.0,0.0,0.0,0.0,0.0,0.0,0.0,0.0,0.0,0.0,0.0,0.0,280517
-0.735195939313603,1.5192098672280734,0.9709669598665711,-0.9722513989096921,-1.386680362342817,-0.22941573387056183,1.4388923519247618,0.6192390078990375,-0.012840568968582357,1.5435431530922745,-0.5368181637610334,0.8688825535554487,-0.3844696040099369,0.9931055339204957,1.2076647765262065,-0.524303604236727,0.0,0.0,0.0,0.0,0.0,1.0,0.0,0.0,0.0,0.0,0.0,0.0,0.0,0.0,0.0,0.0,0.0,0.0,0.0,0.0,0.0,0.0,0.0,0.0,0.0,0.0,0.0,0.0,0.0,0.0,0.0,0.0,0.0,0.0,0.0,0.0,0.0,0.0,0.0,0.0,0.0,0.0,0.0,0.0,0.0,0.0,0.0,0.0,0.0,0.0,632041
-0.735195939313603,1.0845289323988678,0.6025463094822796,-0.6754118094494284,-0.6755622278080391,-0.22941573387056183,0.7378485751039278,1.3179572114522533,-1.5932182881787162,-0.8775354081723147,1.820206819342349,-1.5977572073261535,-0.7821556137556401,1.2222214276219174,0.8243763298770556,-0.524303604236727,0.0,0.0,0.0,0.0,0.0,0.0,0.0,0.0,0.0,0.0,0.0,0.0,0.0,0.0,0.0,0.0,0.0,0.0,0.0,0.0,0.0,0.0,0.0,0.0,0.0,0.0,0.0,0.0,0.0,0.0,0.0,0.0,0.0,0.0,0.0,0.0,0.0,0.0,0.0,0.0,0.0,0.0,0.0,0.0,0.0,0.0,0.0,0.0,1.0,0.0,123930
0.6752519058923501,-0.6541948069179543,0.17009533215954178,0.9052539800596942,-1.386680362342817,-0.22941573387056183,-0.6642389785377402,-0.07947919565417831,1.5675371502415514,0.8960453983354657,1.87684290022469,-0.29230890121378694,-0.21063502370026563,-0.7855483591601293,0.3744735810027847,-0.524303604236727,0.0,0.0,0.0,0.0,0.0,0.0,0.0,0.0,0.0,0.0,0.0,0.0,0.0,0.0,1.0,0.0,0.0,0.0,0.0,0.0,0.0,0.0,0.0,0.0,0.0,0.0,0.0,0.0,0.0,0.0,0.0,0.0,0.0,0.0,0.0,0.0,0.0,0.0,0.0,0.0,0.0,0.0,0.0,0.0,0.0,0.0,0.0,0.0,0.0,0.0,374636
0.6752519058923501,-0.6541948069179543,-0.4593720357430311,-0.28130047909629563,0.7466740412615166,-0.22941573387056183,1.4388923519247618,-0.7781973992073942,-0.539633142038627,-0.11742934824040883,-0.5368181637610334,-0.10237009411164884,-1.2355731531878467,1.560208169469348,-0.6913552545991325,0.5647199924694863,1.0,0.0,0.0,0.0,0.0,0.0,0.0,0.0,0.0,0.0,0.0,0.0,0.0,0.0,0.0,0.0,0.0,0.0,0.0,0.0,0.0,0.0,0.0,0.0,0.0,0.0,0.0,0.0,0.0,0.0,0.0,0.0,0.0,0.0,0.0,0.0,0.0,0.0,0.0,0.0,0.0,0.0,0.0,0.0,0.0,0.0,0.0,0.0,0.0,0.0,234316
0.6752519058923501,-1.5235566765763653,-1.0041223556962748,0.8361186931441013,0.035555906726738765,-0.22941573387056183,1.4388923519247618,1.3179572114522533,1.040744577171507,0.3611559487537541,-0.5368181637610334,-0.6552369858606121,0.5875491448864499,-1.1858027753382923,-0.8471302382640281,-0.524303604236727,0.0,0.0,0.0,0.0,0.0,0.0,0.0,0.0,0.0,0.0,0.0,0.0,0.0,0.0,0.0,0.0,0.0,1.0,0.0,0.0,0.0,0.0,0.0,0.0,0.0,0.0,0.0,0.0,0.0,0.0,0.0,0.0,0.0,0.0,0.0,0.0,0.0,0.0,0.0,0.0,0.0,0.0,0.0,0.0,0.0,0.0,0.0,0.0,0.0,0.0,80987
-1.4404198619165796,-1.0888757417471597,-2.906315606744582,0.03784729887452278,-0.6755622278080391,-0.22941573387056183,0.03680479828309378,-1.47691560276061,-0.012840568968582357,-0.8493833318785404,-0.5368181637610334,-0.7802025963258544,0.5588567021319646,-0.8118089175898066,-2.674411790070007,-0.9245197760262603,0.0,0.0,1.0,0.0,0.0,0.0,0.0,0.0,0.0,0.0,0.0,0.0,0.0,0.0,0.0,0.0,0.0,0.0,0.0,0.0,0.0,0.0,0.0,0.0,0.0,0.0,0.0,0.0,0.0,0.0,0.0,0.0,0.0,0.0,0.0,0.0,0.0,0.0,0.0,0.0,0.0,0.0,0.0,0.0,0.0,0.0,0.0,0.0,0.0,0.0,50000
-1.4404198619165796,-0.6541948069179543,0.6301286041634565,-1.0938410750257785,0.035555906726738765,-0.22941573387056183,0.03680479828309378,1.3179572114522533,-1.5932182881787162,-0.230037653415506,-0.5368181637610334,-1.550588450728773,-1.662702136149735,-0.593503183802921,0.8530717216047995,-0.524303604236727,0.0,0.0,0.0,0.0,0.0,0.0,0.0,0.0,0.0,0.0,0.0,0.0,0.0,0.0,0.0,0.0,0.0,0.0,0.0,0.0,0.0,0.0,0.0,0.0,0.0,0.0,0.0,0.0,0.0,0.0,0.0,0.0,0.0,0.0,0.0,0.0,0.0,0.0,0.0,0.0,1.0,0.0,0.0,0.0,0.0,0.0,0.0,0.0,0.0,0.0,292103
1.3804758284953267,-0.21951387208874876,-0.25940039930449854,-0.49272583326839947,-0.6755622278080391,-0.22941573387056183,0.7378485751039278,0.6192390078990375,1.040744577171507,-0.8212312555847662,-0.5368181637610334,0.2892532467157733,0.7733681847084889,-0.4338409727715017,-0.7159513046514844,1.1854634425920278,0.0,0.0,0.0,0.0,0.0,0.0,0.0,0.0,0.0,0.0,0.0,0.0,0.0,0.0,0.0,0.0,0.0,0.0,0.0,0.0,1.0,0.0,0.0,0.0,0.0,0.0,0.0,0.0,0.0,0.0,0.0,0.0,0.0,0.0,0.0,0.0,0.0,0.0,0.0,0.0,0.0,0.0,0.0,0.0,0.0,0.0,0.0,0.0,0.0,0.0,110237
-1.4404198619165796,-1.5235566765763653,2.205274646849238,0.18295101152876136,-0.6755622278080391,-0.22941573387056183,0.03680479828309378,0.6192390078990375,1.3041408637065293,-1.4687290103415749,-0.5368181637610334,0.7078248527387042,-1.525144140758717,-0.5712204185102021,2.4917835563427473,-0.524303604236727,0.0,0.0,0.0,0.0,0.0,0.0,0.0,0.0,0.0,0.0,0.0,0.0,0.0,0.0,0.0,0.0,0.0,0.0,1.0,0.0,0.0,0.0,0.0,0.0,0.0,0.0,0.0,0.0,0.0,0.0,0.0,0.0,0.0,0.0,0.0,0.0,0.0,0.0,0.0,0.0,0.0,0.0,0.0,0.0,0.0,0.0,0.0,0.0,0.0,0.0,50000
0.6752519058923501,-0.6541948069179543,1.5570907218415804,-0.31104473044370184,0.7466740412615166,-0.22941573387056183,0.7378485751039278,1.3179572114522533,1.040744577171507,1.1494140849794343,-0.5368181637610334,-1.3219928218289396,1.1270752002406719,-1.409866279300333,1.8174418507407648,-0.524303604236727,0.0,0.0,0.0,0.0,0.0,0.0,0.0,0.0,0.0,0.0,0.0,0.0,0.0,0.0,0.0,0.0,0.0,0.0,0.0,0.0,0.0,0.0,0.0,0.0,0.0,0.0,0.0,0.0,0.0,0.0,0.0,0.0,0.0,0.0,0.0,0.0,0.0,0.0,0.0,0.0,0.0,0.0,0.0,0.0,1.0,0.0,0.0,0.0,0.0,0.0,382389
-0.735195939313603,1.0845289323988678,-1.9734429973490633,1.5003399816790854,-0.6755622278080391,-0.22941573387056183,1.4388923519247618,1.3179572114522533,-1.329822001643694,-0.03297311935908596,-0.5368181637610334,-0.11355827042040492,0.7842429992291271,-1.1211441902074182,-1.8555682904104573,-0.524303604236727,0.0,0.0,0.0,0.0,0.0,0.0,0.0,0.0,0.0,0.0,0.0,0.0,0.0,0.0,0.0,0.0,0.0,0.0,0.0,0.0,0.0,0.0,1.0,0.0,0.0,0.0,0.0,0.0,0.0,0.0,0.0,0.0,0.0,0.0,0.0,0.0,0.0,0.0,0.0,0.0,0.0,0.0,0.0,0.0,0.0,0.0,0.0,0.0,0.0,0.0,50000
0.6752519058923501,-1.5235566765763653,-2.3704310243674307,1.6428310236068626,0.035555906726738765,-0.22941573387056183,0.03680479828309378,1.3179572114522533,-1.329822001643694,-0.5678625689407976,-0.5368181637610334,1.2370887811784976,-1.4611630799781539,1.6642641121257606,-2.2685769642062,-0.524303604236727,0.0,0.0,1.0,0.0,0.0,0.0,0.0,0.0,0.0,0.0,0.0,0.0,0.0,0.0,0.0,0.0,0.0,0.0,0.0,0.0,0.0,0.0,0.0,0.0,0.0,0.0,0.0,0.0,0.0,0.0,0.0,0.0,0.0,0.0,0.0,0.0,0.0,0.0,0.0,0.0,0.0,0.0,0.0,0.0,0.0,0.0,0.0,0.0,0.0,0.0,50000
-0.02997201671062649,0.21516706274045677,0.5276800810619423,0.06377303146787011,0.7466740412615166,4.358898943540674,-0.6642389785377402,-1.47691560276061,-0.8030294285736492,0.5300684065163999,-0.5368181637610334,-1.442832559967697,-0.7500043986753118,0.02999408920778921,0.7464888380446077,-0.524303604236727,0.0,0.0,0.0,0.0,0.0,0.0,0.0,0.0,0.0,0.0,0.0,0.0,0.0,0.0,0.0,0.0,0.0,0.0,1.0,0.0,0.0,0.0,0.0,0.0,0.0,0.0,0.0,0.0,0.0,0.0,0.0,0.0,0.0,0.0,0.0,0.0,0.0,0.0,0.0,0.0,0.0,0.0,0.0,0.0,0.0,0.0,0.0,0.0,0.0,0.0,927150
1.3804758284953267,-1.5235566765763653,-2.1212052902839393,0.08045392918296956,-0.6755622278080391,-0.22941573387056183,0.03680479828309378,-1.47691560276061,0.7773482906364846,0.10778726210978551,1.8503323942797645,0.7930557107984308,0.5329566136057505,-0.28669872561271265,-2.009293603237657,-0.524303604236727,0.0,0.0,0.0,0.0,0.0,0.0,0.0,0.0,0.0,0.0,0.0,0.0,0.0,0.0,0.0,0.0,0.0,0.0,0.0,0.0,0.0,0.0,0.0,0.0,0.0,0.0,0.0,0.0,0.0,0.0,0.0,0.0,1.0,0.0,0.0,0.0,0.0,0.0,0.0,0.0,0.0,0.0,0.0,0.0,0.0,0.0,0.0,0.0,0.0,0.0,50000
-0.02997201671062649,0.6498479975696623,1.11577400694275,-0.02304802651915353,-1.386680362342817,-0.22941573387056183,-0.6642389785377402,0.6192390078990375,-1.329822001643694,-0.9338395607598633,-0.5368181637610334,-0.0932262689556555,-1.247652317824688,-0.5861156717511863,0.9063631633848953,0.6763449111318732,0.0,1.0,0.0,0.0,0.0,0.0,0.0,0.0,0.0,0.0,0.0,0.0,0.0,0.0,0.0,0.0,0.0,0.0,0.0,0.0,0.0,0.0,0.0,0.0,0.0,0.0,0.0,0.0,0.0,0.0,0.0,0.0,0.0,0.0,0.0,0.0,0.0,0.0,0.0,0.0,0.0,0.0,0.0,0.0,0.0,0.0,0.0,0.0,0.0,0.0,223949
-1.4404198619165796,1.5192098672280734,-1.365647432410272,-0.5745225244737666,0.7466740412615166,-0.22941573387056183,0.03680479828309378,-0.07947919565417831,0.7773482906364846,-1.2998165525789291,1.8190017963448524,-1.430380602946324,-0.11037005920395793,-1.6147739219494437,-1.223244836981243,-0.524303604236727,0.0,1.0,0.0,0.0,0.0,0.0,0.0,0.0,0.0,0.0,0.0,0.0,0.0,0.0,0.0,0.0,0.0,0.0,0.0,0.0,0.0,0.0,0.0,0.0,0.0,0.0,0.0,0.0,0.0,0.0,0.0,0.0,0.0,0.0,0.0,0.0,0.0,0.0,0.0,0.0,0.0,0.0,0.0,0.0,0.0,0.0,0.0,0.0,0.0,0.0,50000
-1.4404198619165796,-0.6541948069179543,-1.234631532674682,1.219980315262655,-1.386680362342817,-0.22941573387056183,0.7378485751039278,1.3179572114522533,-0.012840568968582357,-0.6241667215283461,-0.5368181637610334,1.0874051067753059,-0.7860682264111867,0.0031586006497416642,-1.273461772504795,-0.028797867735399888,0.0,0.0,0.0,0.0,0.0,0.0,0.0,0.0,0.0,0.0,0.0,0.0,0.0,0.0,0.0,0.0,0.0,0.0,0.0,0.0,0.0,0.0,0.0,0.0,0.0,1.0,0.0,0.0,0.0,0.0,0.0,0.0,0.0,0.0,0.0,0.0,0.0,0.0,0.0,0.0,0.0,0.0,0.0,0.0,0.0,0.0,0.0,0.0,0.0,0.0,50000
0.6752519058923501,-1.5235566765763653,0.3030813958009304,1.9390676890533276,-0.6755622278080391,-0.22941573387056183,-0.6642389785377402,-1.47691560276061,1.3041408637065293,0.07963518581601121,-0.5368181637610334,0.2940853494404852,1.5981329342738342,-0.9812346689702336,-0.08362785122227008,1.0575031699790478,0.0,0.0,0.0,0.0,0.0,0.0,0.0,0.0,0.0,1.0,0.0,0.0,0.0,0.0,0.0,0.0,0.0,0.0,0.0,0.0,0.0,0.0,0.0,0.0,0.0,0.0,0.0,0.0,0.0,0.0,0.0,0.0,0.0,0.0,0.0,0.0,0.0,0.0,0.0,0.0,0.0,0.0,0.0,0.0,0.0,0.0,0.0,0.0,0.0,0.0,264958
1.3804758284953267,1.5192098672280734,0.04006451437685067,-0.3948511683617316,0.035555906726738765,-0.22941573387056183,1.4388923519247618,0.6192390078990375,1.5675371502415514,0.8678933220416915,1.8900981531971528,0.8773573183341743,-1.0435018512485752,-0.2914277457019357,0.23919530571484907,-0.524303604236727,0.0,0.0,0.0,0.0,0.0,0.0,0.0,0.0,0.0,0.0,0.0,0.0,0.0,0.0,0.0,0.0,0.0,0.0,0.0,0.0,0.0,0.0,0.0,0.0,0.0,0.0,0.0,0.0,0.0,0.0,0.0,0.0,0.0,0.0,0.0,0.0,0.0,1.0,0.0,0.0,0.0,0.0,0.0,0.0,0.0,0.0,0.0,0.0,0.0,0.0,170837
-1.4404198619165796,0.21516706274045677,-0.1707430235435728,-1.9377337196727977,1.4577921757962944,-0.22941573387056183,0.03680479828309378,-1.47691560276061,0.5139520041014622,1.684303534561146,-0.5368181637610334,-0.8004602577486852,-1.0617471930851987,1.6533027430212834,0.019880526081377654,-0.524303604236727,0.0,0.0,0.0,0.0,0.0,0.0,0.0,0.0,0.0,0.0,0.0,0.0,0.0,0.0,0.0,0.0,0.0,0.0,0.0,0.0,0.0,0.0,0.0,0.0,0.0,0.0,0.0,1.0,0.0,0.0,0.0,0.0,0.0,0.0,0.0,0.0,0.0,0.0,0.0,0.0,0.0,0.0,0.0,0.0,0.0,0.0,0.0,0.0,0.0,0.0,534605
-0.02997201671062649,0.6498479975696623,1.0458331882869085,-0.8870381382927985,0.035555906726738765,-0.22941573387056183,-1.3652827553585742,-1.47691560276061,1.5675371502415514,-0.004821043065311664,-0.5368181637610334,-0.10497199557880142,0.25324771149505143,0.2976158021406132,1.2855522683586542,-0.524303604236727,0.0,0.0,1.0,0.0,0.0,0.0,0.0,0.0,0.0,0.0,0.0,0.0,0.0,0.0,0.0,0.0,0.0,0.0,0.0,0.0,0.0,0.0,0.0,0.0,0.0,0.0,0.0,0.0,0.0,0.0,0.0,0.0,0.0,0.0,0.0,0.0,0.0,0.0,0.0,0.0,0.0,0.0,0.0,0.0,0.0,0.0,0.0,0.0,0.0,0.0,330319
0.6752519058923501,-1.0888757417471597,-0.5687161325148395,-1.0345535470022322,0.7466740412615166,-0.22941573387056183,-1.3652827553585742,1.3179572114522533,-0.012840568968582357,-1.0182957896411862,-0.5368181637610334,-0.9094055891804596,-0.43256584352913535,-0.11393596227481831,-0.6575356857771486,0.1753940566470151,0.0,0.0,0.0,0.0,0.0,0.0,0.0,0.0,0.0,0.0,0.0,0.0,0.0,0.0,0.0,0.0,0.0,0.0,0.0,0.0,0.0,0.0,0.0,0.0,0.0,0.0,0.0,0.0,0.0,0.0,0.0,0.0,0.0,0.0,0.0,0.0,0.0,0.0,0.0,0.0,0.0,0.0,1.0,0.0,0.0,0.0,0.0,0.0,0.0,0.0,85704
-0.735195939313603,-1.0888757417471597,-0.23378826852912,1.743318359239992,-0.6755622278080391,-0.22941573387056183,0.03680479828309378,0.6192390078990375,-1.5932182881787162,1.0931099323918858,-0.5368181637610334,-1.3238141528559464,-0.7460715920066996,-0.6947521880795817,-0.045708940724894176,-0.524303604236727,0.0,0.0,0.0,0.0,0.0,0.0,0.0,0.0,0.0,0.0,0.0,0.0,0.0,0.0,0.0,0.0,0.0,0.0,0.0,0.0,0.0,0.0,0.0,0.0,0.0,0.0,0.0,0.0,0.0,0.0,0.0,0.0,0.0,0.0,0.0,0.0,0.0,0.0,0.0,1.0,0.0,0.0,0.0,0.0,0.0,0.0,0.0,0.0,0.0,0.0,285630
-1.4404198619165796,1.0845289323988678,-2.0276225047585177,-0.56306696821159,0.035555906726738765,-0.22941573387056183,1.4388923519247618,-0.7781973992073942,-1.329822001643694,-1.2716644762851548,-0.5368181637610334,0.898061020008517,-0.6074548811035981,-1.3753163543020157,-1.9016858842586173,-0.5488066351626167,0.0,0.0,0.0,0.0,0.0,0.0,0.0,0.0,1.0,0.0,0.0,0.0,0.0,0.0,0.0,0.0,0.0,0.0,0.0,0.0,0.0,0.0,0.0,0.0,0.0,0.0,0.0,0.0,0.0,0.0,0.0,0.0,0.0,0.0,0.0,0.0,0.0,0.0,0.0,0.0,0.0,0.0,0.0,0.0,0.0,0.0,0.0,0.0,0.0,0.0,50000
1.3804758284953267,-1.5235566765763653,0.037109268518153146,0.9396206488462244,-0.6755622278080391,-0.22941573387056183,-0.6642389785377402,1.3179572114522533,1.3041408637065293,1.684303534561146,-0.5368181637610334,-1.06410721641316,1.3887049504098257,0.42984627307432327,-0.6062939148347487,1.7109173280027759,0.0,0.0,0.0,0.0,0.0,0.0,0.0,0.0,0.0,0.0,0.0,0.0,0.0,0.0,1.0,0.0,0.0,0.0,0.0,0.0,0.0,0.0,0.0,0.0,0.0,0.0,0.0,0.0,0.0,0.0,0.0,0.0,0.0,0.0,0.0,0.0,0.0,0.0,0.0,0.0,0.0,0.0,0.0,0.0,0.0,0.0,0.0,0.0,0.0,0.0,537609
-0.735195939313603,0.21516706274045677,-0.5302979363517717,-0.5104116043398302,0.035555906726738765,-0.22941573387056183,-1.3652827553585742,0.6192390078990375,-0.539633142038627,-1.0182957896411862,-0.5368181637610334,1.4236822863942968,-0.6599469520305297,-0.7067916853438824,-0.510984220881885,-0.10775207849660035,0.0,0.0,0.0,0.0,0.0,0.0,0.0,0.0,0.0,0.0,0.0,0.0,0.0,0.0,0.0,0.0,0.0,0.0,0.0,0.0,0.0,0.0,0.0,0.0,0.0,0.0,0.0,0.0,0.0,0.0,0.0,0.0,0.0,0.0,0.0,0.0,0.0,0.0,0.0,0.0,0.0,0.0,0.0,0.0,0.0,1.0,0.0,0.0,0.0,0.0,140473
-0.02997201671062649,-1.5235566765763653,0.6173225387757673,0.21591085761642775,1.4577921757962944,-0.22941573387056183,-0.6642389785377402,1.3179572114522533,-1.0664257151086716,0.27669971987243125,-0.5368181637610334,-1.5395861245248137,0.7450202359925515,0.9455071904392945,0.8397488611597755,-0.524303604236727,0.0,0.0,0.0,1.0,0.0,0.0,0.0,0.0,0.0,0.0,0.0,0.0,0.0,0.0,0.0,0.0,0.0,0.0,0.0,0.0,0.0,0.0,0.0,0.0,0.0,0.0,0.0,0.0,0.0,0.0,0.0,0.0,0.0,0.0,0.0,0.0,0.0,0.0,0.0,0.0,0.0,0.0,0.0,0.0,0.0,0.0,0.0,0.0,0.0,0.0,216030
0.6752519058923501,-0.6541948069179543,0.09916943155080118,0.7231709278924641,0.7466740412615166,-0.22941573387056183,0.7378485751039278,-0.07947919565417831,-0.27623685550360466,-0.34264595859060315,-0.5368181637610334,-1.3012519501336377,0.37116893553734376,-0.8762580373242707,-0.6831565712483485,2.089353027858185,0.0,0.0,0.0,0.0,0.0,0.0,0.0,0.0,0.0,0.0,0.0,0.0,0.0,0.0,0.0,0.0,0.0,0.0,0.0,0.0,0.0,0.0,0.0,0.0,0.0,0.0,0.0,0.0,0.0,0.0,0.0,0.0,0.0,0.0,0.0,0.0,0.0,0.0,0.0,0.0,0.0,0.0,0.0,0.0,1.0,0.0,0.0,0.0,0.0,0.0,173930
